﻿City Code,Airport Name,City Name,Country,Ctry Code,IDD-Intl Dial,Latitude,Longitude,Area Code,CityGeoID,CtryGeoID
NAA,Narrabri,Narrabri,Australia,AU,0011,-30.333333,149.833333,802,2155742,2077456
NAC,Naracoorte,Naracoorte,Australia,AU,0011,-36.966667,140.583333,802,0,2077456
NAD,Macanal,Macanal,Colombia,CO,005,2.566667,-67.583333,327,0,3686121
NAE,Natitingou,Natitingou,Benin,BJ,00,10.316667,1.366667,519,2392601,2395170
NAF,Banaina,Banaina,Indonesia,ID,001,2.75,117.05,832,0,1643084
NAG,Sonegaon,Nagpur,India,IN,00,21.083333,79.05,733,1262180,1269750
NAH,Naha,Naha,Indonesia,ID,001,1.183333,123.816667,832,0,1643084
NAI,Annai,Annai,Guyana,GY,001,3.75,-59,350,0,3378535
NAJ,Nakhichevan,Nakhichevan,Azerbaijan,AZ,00,39.333333,45.5,407,0,587116
NAK,Nakhon Ratchasima,Nakhon Ratchasima,Thailand,TH,001,14.966667,102.116667,782,1608529,1605651
NAL,Nalchik,Nalchik,Russian Federation,RU,8-10,43.512778,43.636667,770,0,2017370
NAM,Namlea,Namlea,Indonesia,ID,001,-3.3,127.1,832,0,1643084
NAN,Nadi International,Nadi,Fiji,FJ,00,-17.75,177.45,821,0,2205218
NAO,Nanchong,Nanchong,China,CN,00,30.8,106.066667,713,1810437,1814991
NAP,Capodichino,Napoli,Italy,IT,00,40.886111,14.290833,450,3172394,3175395
NAQ,Qaanaaq,Qaanaaq,Greenland,GL,00,77.5,-69.166667,975,0,3425505
NAR,Nare,Nare,Colombia,CO,005,6.2,-74.616667,327,0,3686121
NAS,Nassau International,Nassau,Bahamas,BS,011,25.038889,-77.466111,204,3571824,3572887
NAT,Augusto Severo,Natal,Brazil,BR,0014,-5.833333,-35.2,316,3394621,3469034
NAU,Napuka Island,Napuka Island,French Polynesia,PF,00,-14.166667,-141.583333,823,0,4020092
NAW,Narathiwat,Narathiwat,Thailand,TH,001,6.416667,101.8,782,1608409,1605651
NAX,Barbers Point,Barbers Point,United States,US,011,18.433333,-72.383333,67,0,6252001
NAY,Nanyuan Airport,Beijing,China,CN,00,40.25,116.5,713,1816670,1814991
NAZ,Nana,Star Habour,Solomon Islands,SB,00,-10.783333,162.3,874,0,2103350
NBA,Nambaiyufa,Nambaiyufa,Papua New Guinea,PG,05,-6.25,145.233333,804,0,2088628
NBB,Barrancominas,Barrancominas,Colombia,CO,005,3.333333,-70.333333,327,0,3686121
NBC,Naberevnye Chelny,Naberevnye Chelny,Russian Federation,RU,8-10,55.566667,52.1,770,0,2017370
NBG,NAS/Alvin Callendar,New Orleans,United States,US,011,7.435556,123.415,67,4335045,6252001
NBH,Nambucca Heads,Nambucca Heads,Australia,AU,0011,-30.65,153,802,0,2077456
NBL,San Blas,San Blas,Panama,PA,00,9.466667,-79,162,0,3703433
NBO,Jomo Kenyatta International,Nairobi,Kenya,KE,000,1.316667,36.933333,535,184745,192950
NBP,Battery Pk City/N. Cov,New York,United States,US,011,5.5,-70.483333,67,5128581,6252001
NBR,Nambour,Nambour,Australia,AU,0011,-26.633333,152.95,802,2155862,2077456
NBU,NAS,Glenview,United States,US,011,-32.683333,151.633333,67,4893886,6252001
NBV,Cana Brava,Cana Brava,Brazil,BR,0014,-13.538056,-48.246944,316,0,3469034
NBW,Guantanamo NAS,Guantanamo,Cuba,CU,119,20.144444,-75.209167,219,3557689,3562981
NBX,Nabire,Nabire,Indonesia,ID,001,-3.3,135.883333,832,1634614,1643084
NCA,North Caicos,North Caicos,Turks and Caicos Islands,TC,011,21.883333,-71.95,281,0,3576916
NCE,Cote Dazur International Airport,Nice,France,FR,00,43.665278,7.215,427,2990440,3017382
NCG,Nueva Casas Grandes,Paloma Grande,Mexico,MX,00,30.3975,-107.875,148,0,3996063
NCH,Nachingwea,Nachingwea,Tanzania,TZ,000,-10.366667,38.8,585,877702,149590
NCI,Necocli,Necocli,Colombia,CO,005,8.45,-76.783333,327,3673974,3686121
NCL,Newcastle Airport,Newcastle,United Kingdom,GB,00,55.033333,-1.7,493,2641673,2635167
NCN,New Chenega,New Chenega,United States,US,011,60.001111,-148.008333,67,0,6252001
NCP,Cubi Pt NAS,Luzon Is,Philippines,PH,00,16,121,766,0,1694008
NCQ,Atlanta Nas,Marietta  GA,United States,US,011,34.351111,-84.287222,67,5802418,6252001
NCR,San Carlos,San Carlos,Nicaragua,NI,00,11.766667,-86.1,153,3616911,3617476
NCS,Newcastle,Newcastle,South Africa,ZA,00,-27.75,30,562,971421,953987
NCT,Guanacaste,Nicoya,Costa Rica,CR,00,10.2,-85.466667,110,3622716,3624060
NCU,Nukus,Nukus,Uzbekistan,UZ,8-10,42.483333,59.633333,788,601294,1512440
NCY,Annecy-Meythe,Annecy,France,FR,00,45.925,6.091667,427,3037543,3017382
NDA,Bandanaira,Bandanaira,Indonesia,ID,001,-4.533333,129.9,832,0,1643084
NDB,Nouadhibou,Nouadhibou,Mauritania,MR,00,20.9325,-17.032778,545,0,2378080
NDC,Nanded,Nanded,India,IN,00,19.183333,77.316667,733,0,1269750
NDD,Sumbe,Sumbe,Angola,AO,00,-11.166667,13.866667,502,3346015,3351879
NDE,Mandera,Mandera,Kenya,KE,000,3.933333,41.866667,535,187896,192950
NDF,Ndalatandos,Ndalatandos,Angola,AO,00,-13.783333,16.716667,502,0,3351879
NDG,Qiqihar,Qiqihar,China,CN,00,47.516667,112.133333,713,2035265,1814991
NDI,Namudi,Namudi,Papua New Guinea,PG,05,-9.45,148.233333,804,0,2088628
NDJ,Ndjamena,Ndjamena,Chad,TD,15,12.133333,15.033333,511,2427123,2434508
NDK,Namdrik Island,Namdrik Island,Marshall Islands,MH,011,5.633333,168.116667,844,0,2080185
NDL,Ndele,Ndele,Central African Republic,CF,00,8.4,20.65,509,237379,239880
NDM,Mendi,Mendi,Ethiopia,ET,00,9.816667,35.083333,522,331038,337996
NDN,Nadunumu,Nadunumu,Papua New Guinea,PG,05,-9.133333,147.683333,804,0,2088628
NDO,La Palma Del Condado,La Palma Del Condado,Spain,ES,00,37.383333,-6.55,482,2515679,2510769
NDP,Ellyson NAS,Pensacola  FL,United States,US,011,30.526944,-87.198056,67,4168228,6252001
NDR,Nador,Nador,Morocco,MA,00,35.2,-2.916667,548,2541479,2542007
NDS,Sandstone,Sandstone,Australia,AU,0011,-28,119.25,802,0,2077456
NDU,Rundu,Rundu,Namibia,NA,00,-17.966667,19.716667,575,3353383,3355338
NDV,USN Heliport,Anacostia,United States,US,011,12.15,36.366667,67,0,6252001
NDY,Sanday,Sanday,United Kingdom,GB,00,59.466667,-2.65,493,0,2635167
NDZ,Cuxhaven,Nordholz-Spieka,Germany,DE,00,53.768611,8.644722,429,0,2921044
NEA,Brunswick Golden Isles,Glynco,United States,US,011,51.679444,-3.628056,67,0,6252001
NEC,Necochea,Necochea,Argentina,AR,00,-38.666667,-58.75,303,3430443,3865483
NEF,Neftekamsk,Neftekamsk,Russian Federation,RU,8-10,56.1,54.35,770,522942,2017370
NEG,Negril,Negril,Jamaica,JM,011,18.308333,-78.333333,243,0,3489940
NEK,Nekemt,Nekemt,Ethiopia,ET,00,9.033333,36.583333,522,0,337996
NEL,Naec,Lakehurst,United States,US,011,36.833333,49.4,67,5100269,6252001
NEN,Olf Usn,Whitehouse,United States,US,011,30.333333,-81.883333,67,5176713,6252001
NER,Neryungri,Neryungri,Russian Federation,RU,8-10,56.65,124.6,770,2019309,2017370
NES,East 34th St Landing,New York,United States,US,011,5.5,-70.483333,67,5128581,6252001
NET,New Bight,New Bight,Bahamas,BS,011,17.266667,-87.85,204,0,3572887
NEU,Sam Neua,Sam Neua,Laos,LA,00,20.416667,104.066667,744,0,1655842
NEV,Newcastle,Nevis,Saint Kitts and Nevis,KN,011,17.166667,-62.583333,275,0,3575174
NEW,Lakefront,New Orleans,United States,US,011,30.049444,-90.028889,67,4335045,6252001
NFG,Nefteyugansk,Nefteyugansk,Russian Federation,RU,8-10,61.133333,73.05,770,1497917,2017370
NFL,NAS,Fallon,United States,US,011,47.5,6.483333,67,5503914,6252001
NFR,Nafoora,Nafoora,Libya,LY,00,29.2,21.383333,538,0,2215636
NGA,Young,Young,Australia,AU,0011,-34.25,148.25,802,2142245,2077456
NGB,Lishe International Airport,Ningbo,China,CN,00,29.826667,121.461944,713,1799397,1814991
NGC,North Rim,Grand Canyon,United States,US,011,36.183333,-112.133333,67,0,6252001
NGD,Anegada,Anegada,Virgin Islands,VG,011,18.733333,-64.316667,282,0,3577718
NGE,Ngaoundere,Ngaoundere,Cameroon,CM,00,7.35,13.566667,504,2224827,2233387
NGI,Ngau Island,Ngau Island,Fiji,FJ,00,-18.033333,179.3,821,0,2205218
NGL,Ngala Airfield,Ngala,South Africa,ZA,00,-14.1,32.65,562,0,953987
NGM,Agana NAS,Agana,Guam,GU,011,13.449722,144.75,5,4044012,4043988
NGN,Nargana,Nargana,Panama,PA,00,9.066667,-78.016667,162,3703946,3703433
NGO,Centrair,Tokoname,Japan,JP,001,34.858333,136.805278,736,1850185,1861060
NGR,Ningerum,Ningerum,Papua New Guinea,PG,05,-5.666667,141.116667,804,0,2088628
NGS,Nagasaki,Nagasaki,Japan,JP,001,32.933333,129.933333,736,1856177,1861060
NGU,Nas Chambers,Norfolk,United States,US,011,36.937778,-76.289444,67,5128862,6252001
NGV,Ngiva,Ngiva,Angola,AO,00,23.076111,34.374444,502,0,3351879
NGX,Manang,Manang,Nepal,NP,00,28.666667,84.25,755,0,1282988
NGZ,NAS,Alameda,United States,US,011,49.266667,-1.283333,67,5322737,6252001
NHA,Nha Trang,Nha Trang,Viet Nam,VN,00,12.233333,109.183333,791,1572151,1562822
NHD,Minhad AB,Minhad AB,United Arab Emirates,AE,00,25.026944,55.366111,678,0,290557
NHF,New Halfa,New Halfa,Sudan,SD,00,15.35,35.733333,583,0,366755
NHK,Patuxent River NAS,Patuxent River  MD,United States,US,011,38.286111,-76.411667,67,0,6252001
NHS,Nushki,Nushki,Pakistan,PK,00,29.55,66,764,1168749,1168579
NHT,Northolt,Northolt,United Kingdom,GB,00,51.55,-0.383333,493,0,2635167
NHV,Nuku Hiva,Nuku Hiva,French Polynesia,PF,00,-8.783333,-140.166667,823,0,4020092
NHX,Barin Olf Osn,Foley,United States,US,011,30.416667,-87.683333,67,5027025,6252001
NHZ,NAS,Brunswick,United States,US,011,50.933333,5.95,67,5148480,6252001
NIA,Nimba,Nimba,Liberia,LR,00,7.5,-8.583333,537,0,2275384
NIB,Nikolai,Nikolai,United States,US,011,63.016667,-154.383333,67,0,6252001
NIC,Nicosia International,Nicosia,Cyprus,CY,00,35.15,33.266667,611,146268,146669
NIE,Niblack,Niblack,United States,US,011,55.066667,-132.15,67,0,6252001
NIG,Nikunau,Nikunau,Kiribati,KI,00,-1.383333,176.433333,824,0,4030945
NIK,Niokolo Koba,Niokolo Koba,Senegal,SN,00,13.075,-12.716667,569,0,2245662
NIM,Niamey,Niamey,Niger,NE,00,13.483333,2.166667,227,2440485,2440476
NIN,Ninilchik,Ninilchik,United States,US,011,60.05,-151.666667,67,0,6252001
NIO,Nioki,Nioki,Zaire,ZR,00,-2.75,17.7,517,0,0
NIS,Simberi,Simberi Island,Papua New Guinea,PG,05,-6.433333,147.333333,804,0,2088628
NIT,Niort,Niort,France,FR,00,46.316667,-0.45,427,2990355,3017382
NIX,Nioro,Nioro,Mali,ML,00,15.236111,-9.583333,543,0,2453866
NJA,Atsugi NAS,Atsugi,Japan,JP,001,35.454722,139.450278,736,1847963,1861060
NJC,Nizhnevartovsk,Nizhnevartovsk,Russian Federation,RU,8-10,60.95,76.483333,770,1497543,2017370
NJK,El Centro NAF,El Centro  CA,United States,US,011,32.829167,-115.671667,67,5345609,6252001
NKA,Nkan,Nkan,Gabon,GA,00,0.7,9.983333,526,0,2400553
NKB,Noonkanbah,Noonkanbah,Australia,AU,0011,-18.5,124.833333,802,0,2077456
NKC,Nouakchott,Nouakchott,Mauritania,MR,00,18.089722,-15.953889,545,2377450,2378080
NKD,Sinak,Sinak,Indonesia,ID,001,-2.966667,116.283333,832,0,1643084
NKG,Lukou International Airport,Nanking/nanjing,China,CN,00,31.741944,118.861944,713,0,1814991
NKI,Naukiti,Naukiti,United States,US,011,55.855556,-133.183333,67,0,6252001
NKL,Nkolo,Nkolo,Zaire,ZR,00,-1.983333,16.466667,517,0,0
NKM,Komaki AFB,Nagoya,Japan,JP,001,35.255,136.924444,736,1856057,1861060
NKN,Nankina,Nankina,Papua New Guinea,PG,05,-5.833333,146.45,804,0,2088628
NKO,Ankokoambo,Ankokoambo,Madagascar,MG,00,-16.566667,44.466667,541,0,1062947
NKS,Nkongsamba,Nkongsamba,Cameroon,CM,00,4.95,9.933333,504,2223763,2233387
NKU,Nkaus,Nkaus,Lesotho,LS,00,-29.933333,28.433333,536,0,932692
NKV,Nichen Cove,Nichen Cove  AK,United States,US,011,55.849722,-133.227778,1,0,6252001
NKX,Miramar MCAS,San Diego,United States,US,011,32.868333,-117.1425,67,5391811,6252001
NKY,Nkayi,Nkayi,Congo,CG,00,-2.933333,14.266667,515,2259383,2260494
NLA,Ndola,Ndola,Zambia,ZM,00,-13,28.65,597,901344,895949
NLC,Lemoore NAS,Lemoore  CA,United States,US,011,36.333056,-119.951944,67,5365918,6252001
NLD,Intl Quetzalcoatl,Nuevo Laredo,Mexico,MX,00,27.45,-99.516667,148,3522551,3996063
NLE,Jerry Tyler Memorial,Niles,United States,US,011,41.85,-86.216667,67,5164582,6252001
NLF,Darnley Island,Darnley Island,Australia,AU,0011,-9.566667,143.75,802,0,2077456
NLG,Nelson Lagoon,Nelson Lagoon,United States,US,011,56.016667,-161.15,67,0,6252001
NLK,Norfolk Island,Norfolk Island,Norfolk Island,NF,00,-29.041667,167.938611,802,0,2155115
NLL,Nullagine,Nullagine,Australia,AU,0011,-21.75,120.2,802,0,2077456
NLP,Nelspruit International,Nelspruit,South Africa,ZA,00,-25.383056,31.105556,562,971534,953987
NLS,Nicholson,Nicholson,Australia,AU,0011,-18.041667,128.9,802,0,2077456
NLU,Santa Lucia,Santa Lucia,Mexico,MX,00,19.35,-99.116667,148,0,3996063
NLV,Nikolaev,Nikolaev,Ukraine,UA,8-10,47.05,31.916667,488,700569,690791
NMA,Namangan,Namangan,Uzbekistan,UZ,8-10,40.983333,71.6,788,1513157,1512440
NMB,Daman,Daman,India,IN,00,20.416667,72.85,733,1273618,1269750
NME,Nightmute,Nightmute,United States,US,011,60.483333,-164,67,0,6252001
NMG,San Miguel,San Miguel,Panama,PA,00,8.45,-78.916667,162,3701329,3703433
NMN,Nomane,Nomane,Papua New Guinea,PG,05,-6.316667,145.066667,804,0,2088628
NMP,New Moon,New Moon,Australia,AU,0011,-20.166667,143.966667,802,0,2077456
NMR,Nappa Merry,Nappa Merry,Australia,AU,0011,-27.633333,141.083333,802,0,2077456
NMS,Namsang,Namsang,Myanmar,MM,00,20.883333,97.75,706,0,1327865
NMT,Namtu,Namtu,Myanmar,MM,00,23.083333,97.4,706,0,1327865
NMU,Namu,Namu,Marshall Islands,MH,011,8,168.166667,844,0,2080185
NNA,NAF,Kenitra,Morocco,MA,00,34.3,-6.6,548,2544571,2542007
NNB,Santa Ana,Santa Ana,Solomon Islands,SB,00,-10.833333,162.466667,874,0,2103350
NND,Nangade,Nangade,Mozambique,MZ,00,-11.083333,39.6,550,0,1036973
NNG,Nanning,Nanning,China,CN,00,22.783333,108,713,1799869,1814991
NNI,Namutoni,Namutoni,Namibia,NA,00,-18.816667,16.916667,575,0,3355338
NNK,Naknek,Naknek,United States,US,011,58.75,-156.533333,67,0,6252001
NNL,Nondalton,Nondalton,United States,US,011,60,-154.816667,67,0,6252001
NNM,Naryan-Mar,Naryan-Mar,Russian Federation,RU,8-10,67.616667,53.15,770,523392,2017370
NNR,Connemara,Spiddal,Ireland,IE,00,53.216667,9.466667,353,0,2963597
NNT,Nan,Nan,Thailand,TH,001,18.8,100.783333,782,1608452,1605651
NNU,Nanuque,Nanuque,Brazil,BR,0014,-17.783333,-40.683333,316,3456398,3469034
NNX,Nunukan,Nunukan,Indonesia,ID,001,4.15,117.65,832,0,1643084
NNY,Nanyang,Nanyang,China,CN,00,33,112.533333,713,1799629,1814991
NOA,Nowra,Nowra,Australia,AU,0011,-34.933333,150.566667,802,2154787,2077456
NOB,Nosara Beach,Nosara Beach,Costa Rica,CR,00,9.8,-85.533333,110,0,3624060
NOC,Ireland West Airport Knock,Knock,Ireland,IE,00,53.912778,-8.811944,441,0,2963597
NOD,Norden,Norden,Germany,DE,00,53.6,7.2,429,2862118,2921044
NOE,Norddeich,Norddeich,Germany,DE,00,53.616667,7.15,429,0,2921044
NOG,Nogales,Nogales,Mexico,MX,00,18.816667,-97.166667,148,4004886,3996063
NOH,Chicago NAS,Chicago,United States,US,011,17.8,-88.3,67,4887398,6252001
NOI,Novorossijsk,Novorossijsk,Russian Federation,RU,8-10,44.75,37.75,770,518255,2017370
NOK,Nova Xavantina,Nova Xavantina,Brazil,BR,0014,-27.083333,-52.333333,316,0,3469034
NOL,Nakolik River,Nakolik River,United States,US,011,50.483333,21.45,67,0,6252001
NOM,Nomad River,Nomad River,Papua New Guinea,PG,05,-6.65,142.116667,804,0,2088628
NON,Nonouti,Rotima,Kiribati,KI,00,-0.639722,174.427778,824,0,4030945
NOO,Naoro,Naoro,Papua New Guinea,PG,05,-9.083333,147.033333,804,0,2088628
NOR,Nordfjordur,Nordfjordur,Iceland,IS,00,65.15,-13.7,439,0,2629691
NOS,Fascene,Nossi-Be,Madagascar,MG,00,-13.311944,48.314722,541,0,1062947
NOT,Novato,Novato,United States,US,011,38.1,-122.566667,67,5378044,6252001
NOU,Tontouta,Noumea,New Caledonia,NC,00,-22.266667,166.45,846,2139521,2139685
NOV,Huambo,Huambo,Angola,AO,00,-12.783333,15.766667,502,3348313,3351879
NOZ,Novokuznetsk,Novokuznetsk,Russian Federation,RU,8-10,53.75,87.1,770,1496990,2017370
NPE,Hawkes Bay,Napier/Hastings,New Zealand,NZ,00,-39.465833,176.87,851,2186313,2186224
NPG,Nipa,Nipa,Papua New Guinea,PG,05,-6.133333,143.366667,804,0,2088628
NPH,Nephi,Nephi,United States,US,011,39.738889,-111.870833,67,5543853,6252001
NPL,New Plymouth,New Plymouth,New Zealand,NZ,00,-39.033333,174.183333,851,2186239,2186224
NPO,Nangapinoh,Nangapinoh,Indonesia,ID,001,-0.366667,111.75,832,0,1643084
NPP,Napperby,Napperby,Australia,AU,0011,-22.633333,132.833333,802,0,2077456
NPT,State,Newport,United States,US,011,41.6,-71.416667,67,5804694,6252001
NPU,San Pedro Uraba,San Pedro Uraba,Colombia,CO,005,4.672222,-76.7275,327,0,3686121
NQA,Millington Regional Jetport,Millington  TN,United States,US,011,35.356667,-89.870278,67,5002100,6252001
NQI,NAS,Kingsville,United States,US,011,51.366667,-0.283333,67,4703384,6252001
NQL,Niquelandia,Niquelandia,Brazil,BR,0014,-14.45,-48.45,316,3456285,3469034
NQN,Neuquen,Neuquen,Argentina,AR,00,-38.95,-68.133333,303,3843123,3865483
NQT,Nottingham Airport,Nottingham,United Kingdom,GB,00,52.966667,-1.166667,493,2641170,2635167
NQU,Nuqui,Nuqui,Colombia,CO,005,5.7,-77.283333,327,3673690,3686121
NQY,Newquay Cornwall Airport,Newquay,United Kingdom,GB,00,50.440556,-5.995278,493,2641589,2635167
NRA,Narrandera,Narrandera,Australia,AU,0011,-34.7,146.516667,802,0,2077456
NRB,Ns,Mayport,United States,US,011,17.65,120.583333,67,0,6252001
NRC,Aux Field,Crows Landing,United States,US,011,37.4,-121.066667,67,0,6252001
NRD,Norderney,Norderney,Germany,DE,00,53.708333,7.15,429,2862041,2921044
NRG,Narrogin,Narrogin,Australia,AU,0011,-32.933333,117.166667,802,0,2077456
NRI,Shangri-la,Shangri-la,United States,US,011,36.566667,-94.85,67,0,6252001
NRK,Kungsangen,Norrkoping,Sweden,SE,00,58.616667,16.083333,484,2688368,2661886
NRL,North Ronaldsay,North Ronaldsay,United Kingdom,GB,00,59.366667,-2.433333,493,0,2635167
NRM,Nara,Nara,Mali,ML,00,15.25,-7.283333,543,0,2453866
NRN,Weeze,Dusseldorf,Germany,DE,00,51.2075,6.773333,429,2934246,2921044
NRR,Roosevelt NAS,Roosevelt Roads,Puerto Rico,PR,011,51.5,4.5,3,0,4566966
NRS,NAS,Imperial Beach,United States,US,011,46.216667,26.1,67,5359054,6252001
NRT,New Tokyo International Airport,Tokyo,Japan,JP,001,35.763889,140.391667,736,1850147,1861060
NRV,USCG Shore Station,Guam,Guam,GU,011,13.463889,144.763611,5,0,4043988
NRY,Newry,Newry,Australia,AU,0011,-16.083333,129.341667,802,0,2077456
NSA,Noosa,Noosa,Australia,AU,0011,26.25,153.166667,802,2155135,2077456
NSB,North SPB,Bimini,Bahamas,BS,011,25.775,-79.25,204,0,3572887
NSE,Whiting Field NAS,Milton,United States,US,011,43.516667,-79.883333,67,5803556,6252001
NSF,Andrews NAF,Camp Springs,United States,US,011,19.35,100.55,67,4350288,6252001
NSH,Now Shahr,Now Shahr,Iran,IR,00,36.666667,51.466667,632,0,130758
NSI,Nsimalen International,Yaounde,Cameroon,CM,00,3.7225,11.553333,504,2220957,2233387
NSM,Norseman,Norseman,Australia,AU,0011,-32.2,121.75,802,0,2077456
NSN,Nelson,Nelson,New Zealand,NZ,00,-41.3,173.216667,851,0,2186224
NSO,Scone,Scone,Australia,AU,0011,-32.166667,150.916667,802,0,2077456
NSP,NAF,Sangley Point,Philippines,PH,00,14.495833,120.918611,766,0,1694008
NST,Nakhon Si Thammarat,Nakhon Si Thammarat,Thailand,TH,001,8.433333,99.966667,782,1151933,1605651
NSV,Noosaville,Noosaville,Australia,AU,0011,-26.4,153.066667,802,0,2077456
NSX,Hovercraft/Launch Pt,N. Sound/Virgin Gorda,Virgin Islands,VG,011,18.5,-64.366667,282,0,3577718
NSY,Sigonella NAF,Tokat,Italy,IT,00,37.4,14.916667,450,0,3175395
NTA,Natadola,Natadola,Fiji,FJ,00,-18.083333,177.316667,821,0,2205218
NTB,Notodden,Notodden,Norway,NO,00,59.584167,9.135278,465,3144075,3144096
NTC,Santa Carolina,Santa Carolina,Mozambique,MZ,00,21.618333,35.341667,550,0,1036973
NTD,Point Mugu NAS,Port Hueneme  CA,United States,US,011,34.120278,-119.121111,67,5384339,6252001
NTE,Nantes Atlantique,Nantes,France,FR,00,47.15,-1.6,427,2990969,3017382
NTG,Nantong,Nantong,China,CN,00,9.55,-0.733333,713,1805408,1814991
NTI,Bintuni,Bintuni,Indonesia,ID,001,-2.1,133.516667,832,0,1643084
NTJ,Manti-Ephraim,Manti,United States,US,011,39.266667,-111.633333,67,5542758,6252001
NTL,Williamtown,Newcastle,Australia,AU,0011,-32.795,151.834444,802,2155472,2077456
NTM,Miracema Do Norte,Miracema Do Norte,Brazil,BR,0014,-9.183333,-48.5,316,0,3469034
NTN,Normanton,Normanton,Australia,AU,0011,-17.7,141.066667,802,0,2077456
NTO,Santo Antao,Santo Antao,Cape Verde,CV,0,17.05,-25.166667,507,0,3374766
NTQ,Noto Airport,Wajima,Japan,JP,001,37.4,136.9,736,0,1861060
NTR,Tuxtla Gutierrez,Tuxtla Gutierrez,Mexico,MX,00,25.865556,-100.237222,148,3515001,3996063
NTT,Kuini Lavenia,Niuatoputapu,Tonga,TO,00,-15.5,-174,881,0,4032283
NTU,NAS,Oceana,United States,US,011,-41.933333,145.35,67,4817070,6252001
NTX,Natuna Ranai,Natuna Ranai,Indonesia,ID,001,3.95,108.383333,832,0,1643084
NTY,Pilanesberg,Sun City,South Africa,ZA,00,-25.333889,27.173333,562,0,953987
NUB,Numbulwar,Numbulwar,Australia,AU,0011,-14.266667,135.716667,802,0,2077456
NUD,En Nahud,En Nahud,Sudan,SD,00,12.7,28.416667,583,378699,366755
NUE,NǬrnberg,NǬrnberg,Germany,DE,00,49.498611,11.066944,429,2861650,2921044
NUF,Castlereigh Reservoir,Hatton,Sri Lanka,LK,00,50.033333,-1.833333,711,1244596,1227603
NUG,Nuguria,Nuguria,Papua New Guinea,PG,05,-3.333333,154.75,804,0,2088628
NUH,Nunchia,Nunchia,Colombia,CO,005,5.65,-72.2,327,3673695,3686121
NUI,Nuiqsut,Nuiqsut,United States,US,011,70.216667,-150.916667,67,0,6252001
NUJ,Nojeh,Nojeh,Iran,IR,00,38.483333,45.966667,632,0,130758
NUK,Nukutavake,Nukutavake,French Polynesia,PF,00,-19.086111,-139,823,0,4020092
NUL,Nulato,Nulato,United States,US,011,64.733333,-158.1,67,0,6252001
NUP,Nunapitchuk,Nunapitchuk,United States,US,011,60.883333,-162.466667,67,0,6252001
NUQ,Moffett Field,Mountain View,United States,US,011,37.383333,-122.066667,67,5851253,6252001
NUR,Nullarbor,Nullarbor,Australia,AU,0011,-31.433333,130.916667,802,0,2077456
NUS,Norsup,Norsup,Vanuatu,VU,00,-16.066667,167.383333,885,2135517,2134431
NUT,Nutuve,Nutuve,Papua New Guinea,PG,05,-5.633333,151.383333,804,0,2088628
NUU,Nakuru,Nakuru,Kenya,KE,000,-0.3,36.15,535,184622,192950
NUW,Whidbey Island NAS,Oak Harbor,United States,US,011,48.351667,-122.655833,67,5805441,6252001
NUX,Novy Urengoy,Novy Urengoy,Russian Federation,RU,8-10,66.083333,76.516667,770,0,2017370
NVA,La Marguita,Neiva,Colombia,CO,005,2.933333,-75.283333,327,3673899,3686121
NVD,Nevada,Nevada,United States,US,011,37.85,-94.3,67,4868620,6252001
NVG,Nueva Guinea,Nueva Guinea,Nicaragua,NI,00,11.666667,-84.45,153,3617459,3617476
NVI,Navoi,Navoi,Uzbekistan,UZ,8-10,41.210556,68.995,788,1513131,1512440
NVK,Framnes,Narvik,Norway,NO,00,68.425,17.425,465,3144987,3144096
NVP,Novo Aripuana,Aripuana,Brazil,BR,0014,-5.133333,-60.366667,316,3665202,3469034
NVR,Yerievo,Velikiy Novgorod,Russian Federation,RU,8-10,58.5,31.25,770,519336,2017370
NVS,Nevers,Nevers,France,FR,00,47,3.15,427,2990474,3017382
NVT,Navegantes,Navegantes,Brazil,BR,0014,-26.916667,-48.583333,316,3456370,3469034
NVY,Neyveli,Neyveli,India,IN,00,11.6,79.433333,733,0,1269750
NWA,Moheli,Moheli,Comoros,KM,00,-12.283333,43.766667,513,0,921929
NWH,Parlin Field,Newport,United States,US,011,43.333333,-72.166667,67,5804694,6252001
NWI,Norwich International Airport,Norwich,United Kingdom,GB,00,52.516667,1.25,493,2641181,2635167
NWP,NS,Argentia,Canada,CA,011,47.3,-54,906,0,6251999
NWS,Pier 11/Wall St. SPB,New York,United States,US,011,5.5,-70.483333,67,5128581,6252001
NWT,Nowata,Nowata,Papua New Guinea,PG,05,-8.5,143.166667,804,0,2088628
NWU,NAS,Bermuda,Bermuda,BM,011,32.333333,-64.75,207,0,3573345
NXX,Willow Grove NAS,Willow Grove,United States,US,011,-38.083333,146.2,67,5219619,6252001
NYE,Nyeri,Nyeri,Kenya,KE,000,-0.2,36.95,535,182701,192950
NYG,Quantico Nas,Quantico,United States,US,011,38.503611,-77.305,67,0,6252001
NYI,Sunyani,Sunyani,Ghana,GH,00,7.333333,-2.333333,529,2295021,2300660
NYK,Nanyuki,Nanyuki,Kenya,KE,000,0.066667,37.033333,535,184433,192950
NYM,Nadym,Nadym,Russian Federation,RU,8-10,65.483333,72.716667,770,1498087,2017370
NYN,Nyngan,Nyngan,Australia,AU,0011,-31.55,147.183333,802,0,2077456
NYO,Skavsta,Stockholm,Sweden,SE,00,58.789167,16.906944,484,2673730,2661886
NYU,Nyaung-u,Nyaung-u,Myanmar,MM,00,21.2,94.966667,706,0,1327865
NZE,Nzerekore,Nzerekore,Guinea,GN,00,7.816667,-8.7,531,2416969,2420477
NZH,Manzhouli,Manzhouli,China,CN,00,49.6,117.433333,713,2035836,1814991
NZO,Nzoia,Nzoia,Kenya,KE,000,0.133333,34.083333,535,0,192950
NZW,South Weymouth,South Weymouth,United States,US,011,42.166667,-70.95,67,0,6252001
NZY,North Island Nas,San Diego,United States,US,011,32.699167,-117.215278,67,5391811,6252001
