City Code,Airport Name,City Name,Country,Ctry Code,IDD-Intl Dial,Latitude,Longitude,Area Code,CityGeoID,CtryGeoID
AAA,Anaa,Anaa,French Polynesia,PF,00,-17.416667,-145.5,823,0,4020092
AAB,Arrabury,Arrabury,Australia,AU,0011,-26.75,141,802,0,2077456
AAC,Al Arish International Airport,Al Arish,Egypt,EG,00,31.073333,33.835833,591,0,357994
AAD,Ad-Dabbah,Ad-Dabbah,Sudan,SD,00,17.592778,33.959167,583,0,366755
AAE,Les Salines,Annaba,Algeria,DZ,00,36.833333,8,500,2506999,2589581
AAF,Municipal,Apalachicola,United States,US,011,29.733333,-85.033333,67,4146148,6252001
AAG,Arapoti,Arapoti,Brazil,BR,0014,-24.166667,-49.666667,316,0,3469034
AAH,Aachen/Merzbruck,Aachen,Germany,DE,00,50.823056,6.186111,623,3247449,2921044
AAI,Arraias,Arraias,Brazil,BR,0014,-12.916667,-46.933333,316,0,3469034
AAJ,Cayana Airstrip,Awaradam,Suriname,SR,00,3.896667,-55.579167,379,0,3382998
AAK,Aranuka,Aranuka,Kiribati,KI,00,0.216667,174,824,0,4030945
AAL,Aalborg,Aalborg,Denmark,DK,00,57.1,9.85,419,2624886,2623032
AAM,Mala Mala,Mala Mala,South Africa,ZA,00,-24.8,31.533333,562,0,953987
AAN,Al Ain,Al Ain,United Arab Emirates,AE,00,24.261667,55.609167,678,292913,290557
AAO,Anaco,Anaco,Venezuela,VE,00,9.416667,-64.466667,388,3486270,3625428
AAP,Andrau Airpark,Houston  TX,United States,US,011,29.723889,-95.588333,67,5864312,6252001
AAQ,Anapa,Anapa,Russian Federation,RU,8-10,44.9,37.316667,770,0,2017370
AAR,Aarhus Airport,Aarhus,Denmark,DK,00,56.307222,10.626111,419,2624652,2623032
AAS,Apalapsili,Apalapsili,Indonesia,ID,001,-3.916667,139.25,832,0,1643084
AAT,Altay,Altay,China,CN,00,43.933333,89.5,713,1529651,1814991
AAU,Asau,Asau,Samoa,WS,0,-13.458333,-172.6,892,0,4034894
AAV,Allah Valley,Surallah,Philippines,PH,00,6.366944,124.751389,766,1685230,1694008
AAW,Abbottabad,Abbottabad,Pakistan,PK,00,34.2,73.25,764,0,1168579
AAX,Araxa,Araxa,Brazil,BR,0014,-19.568056,-46.929167,316,3471691,3469034
AAY,Al Ghaydah,Al Ghaydah,Yemen,YE,00,16.2,52.183333,694,0,69543
AAZ,Ambriz,Ambriz,Angola,AO,00,-7.862222,13.116111,127,0,3351879
ABA,Abakan,Abakan,Russian Federation,RU,8-10,53.716667,91.433333,770,1512236,2017370
ABB,RAF Station,Abingdon,United Kingdom,GB,00,51.666667,-1.283333,493,2657780,2635167
ABC,Los Llanos,Albacete,Spain,ES,00,38.983333,-1.85,482,2522258,2510769
ABD,Abadan,Abadan,Iran,IR,00,30.366667,48.233333,632,145459,130758
ABE,Lehigh Valley International,Allentown,United States,US,011,40.652222,-75.440278,67,5178127,6252001
ABF,Abaiang,Abaiang,Kiribati,KI,00,1.416667,172.833333,824,0,4030945
ABG,Abingdon,Abingdon,Australia,AU,0011,-17.666667,143.2,802,0,2077456
ABH,Alpha,Alpha,Australia,AU,0011,-23.7,146.583333,802,0,2077456
ABI,Municipal,Abilene,United States,US,011,32.416667,-99.683333,67,4669635,6252001
ABJ,Felix Houphouet Boigny,Abidjan,Cote DIvoire,CI,00,5.25,-3.933333,533,2293538,2287781
ABK,Kabri Dar,Kabri Dar,Ethiopia,ET,00,6.733333,44.266667,522,0,337996
ABL,Ambler,Ambler,United States,US,011,67.1,-157.816667,67,5178225,6252001
ABM,Bamaga Injinoo,Bamaga  Queensland,Australia,AU,0011,-10.950833,142.459444,802,0,2077456
ABN,Albina,Albina,Suriname,SR,00,5.483333,-54.05,379,3384792,3382998
ABO,Aboisso,Aboisso,Cote DIvoire,CI,00,5.466667,-3.2,533,2293507,2287781
ABP,Atkamba,Atkamba,Papua New Guinea,PG,05,-6.066667,141.1,804,0,2088628
ABQ,Albuquerque International,Albuquerque,United States,US,011,35.040278,-106.609167,67,5454711,6252001
ABR,Municipal,Aberdeen,United States,US,011,45.45,-98.433333,67,5785243,6252001
ABS,Abu Simbel,Abu Simbel,Egypt,EG,00,22.366667,31.616667,591,0,357994
ABT,Al-Aqiq,Al-Baha,Saudi Arabia,SA,00,22.833333,42.216667,670,0,102358
ABU,Atambua,Atambua,Indonesia,ID,001,-9.333333,124.9,832,1651103,1643084
ABV,Nnamdi Azikiwe International Airport,Abuja,Nigeria,NG,009,9.006667,7.263056,555,2352778,2328926
ABW,Abau,Abau,Papua New Guinea,PG,05,-10.166667,148.7,804,0,2088628
ABX,Albury,Albury,Australia,AU,0011,-36.066667,146.95,802,2178174,2077456
ABY,Dougherty County,Albany,United States,US,011,31.533333,-84.2,67,5710756,6252001
ABZ,Dyce,Aberdeen,Scotland  United Kingdom,GB,00,57.2,-2.2,493,2657832,2638360
ACA,General Juan N. Alvarez International,Acapulco,Mexico,MX,00,16.756944,-99.753611,148,3533462,3996063
ACB,Antrim County,Bellaire,United States,US,011,44.983333,-85.202778,67,5146946,6252001
ACC,Kotoka,Accra,Ghana,GH,00,5.6,-0.166667,529,2306104,2300660
ACD,Acandi,Acandi,Colombia,CO,005,8.5,-73.633333,327,3690572,3686121
ACE,Lanzarote,Arrecife,Spain,ES,00,28.945556,-13.605278,482,2521570,2510769
ACH,Altenrhein,Altenrhein,Switzerland,CH,00,47.483333,9.55,486,0,2658434
ACI,The Blaye,Alderney,United Kingdom,GB,00,49.7,-2.216667,493,0,2635167
ACJ,Anuradhapura,Anuradhapura,Sri Lanka,LK,00,8.35,80.383333,711,1251081,1227603
ACK,Nantucket Memorial,Nantucket,United States,US,011,41.266667,-70.066667,67,4944903,6252001
ACL,Aguaclara,Aguaclara,Colombia,CO,005,4.75,-73,327,0,3686121
ACM,Arica,Arica,Colombia,CO,005,-2.133333,-71.783333,327,0,3686121
ACN,International,Ciudad Acuna,Mexico,MX,00,29.3,-100.916667,148,4013728,3996063
ACO,Ascona,Ascona,Switzerland,CH,00,46.159444,8.766667,486,2661698,2658434
ACP,Sahand,Sahand,Iran,IR,00,37.733333,46.45,632,0,130758
ACR,Araracuara,Araracuara,Colombia,CO,005,-0.383333,-72.3,327,0,3686121
ACS,Achinsk,Achinsk,Russian Federation,RU,8-10,56.266667,90.566667,770,1512165,2017370
ACT,Municipal,Waco,United States,US,011,31.616667,-97.233333,67,4739526,6252001
ACU,Achutupo,Achutupo,Panama,PA,00,8.433333,-77.966667,162,3715156,3703433
ACV,Arcata,Arcata,United States,US,011,40.983333,-124.1,67,5558953,6252001
ACX,Xingyi,Xingyi,China,CN,00,25.05,104.983333,713,0,1814991
ACY,Atlantic City Intl,Atlantic City,United States,US,011,39.466667,-74.583333,67,4500546,6252001
ACZ,Zabol A/P,Zabol,Iran,IR,00,31,61.25,632,1113217,130758
ADA,Adana,Adana,Turkey,TR,00,36.982222,35.280278,679,325363,298795
ADB,Adnan Menderes,Izmir,Turkey,TR,00,38.2925,27.156944,679,311046,298795
ADC,Andakombe,Andakombe,Papua New Guinea,PG,05,-7.133333,145.733333,804,0,2088628
ADD,Bole International,Addis Ababa,Ethiopia,ET,00,8.977778,38.799444,522,344979,337996
ADE,International,Aden,Yemen,YE,00,16.038611,49.484444,694,415189,69543
ADF,Adiyaman,Adiyaman,Turkey,TR,00,37.916667,34.65,679,325330,298795
ADG,Lenawee County,Adrian,United States,US,011,41.9,-84.033333,67,5015882,6252001
ADH,Aldan,Aldan,Russian Federation,RU,8-10,58.6,125.4,770,2027968,2017370
ADI,Arandis,Arandis,Namibia,NA,00,-22.4,15,575,3358670,3355338
ADJ,Marka International Airport,Amman,Jordan,JO,00,31.972778,35.991667,962,250441,248816
ADK,Adak Island Ns,Adak Island,United States,US,011,51.878056,-176.646111,67,0,6252001
ADL,Adelaide International Airport,Adelaide,Australia,AU,0011,-34.945,138.530556,802,2078025,2077456
ADM,Ardmore Municipal Arpt,Ardmore,United States,US,011,34.966667,-86.883333,67,5178481,6252001
ADN,Andes,Andes,Colombia,CO,005,5.666667,-75.883333,327,3689899,3686121
ADO,Andamooka,Andamooka,Australia,AU,0011,-30.437778,137.137222,802,0,2077456
ADP,Ampara,Ampara,Sri Lanka,LK,00,8.3,80.416667,711,1251459,1227603
ADQ,Kodiak Airport,Kodiak,United States,US,011,57.75,-152.483333,67,5866583,6252001
ADR,Andrews,Andrews,United States,US,011,33.45,-79.566667,67,5516288,6252001
ADS,Addison Airport,Dallas,United States,US,011,32.968611,-96.836389,67,5722064,6252001
ADU,Ardabil,Ardabil,Iran,IR,00,38.249444,48.301389,632,143083,130758
ADV,Andover,Andover,United Kingdom,GB,00,51.216667,-1.466667,493,2657324,2635167
ADW,Andrews AFB,Camp Springs,United States,US,011,38.8,-76.916667,67,4350288,6252001
ADX,Leuchars,St Andrews,United Kingdom,GB,00,56.366667,-2.866667,493,2638864,2635167
ADY,Alldays,Alldays,South Africa,ZA,00,-22.666667,29.1,562,0,953987
ADZ,San Andres Island,San Andres Island,Colombia,CO,005,12.583333,-81.7,327,0,3686121
AEA,Abemama Atoll,Abemama Atoll,Kiribati,KI,00,0.483333,173.85,824,0,4030945
AED,Aleneva,Aleneva,United States,US,011,-0.6,10.083333,67,0,6252001
AEG,Aek Godang,Aek Godang,Indonesia,ID,001,1.383333,99.45,832,0,1643084
AEH,Abecher,Abecher,Chad,TD,15,13.85,20.85,511,245785,2434508
AEK,Aseki,Aseki,Papua New Guinea,PG,05,-7.366667,146.283333,804,0,2088628
AEL,Albert Lea,Albert Lea,United States,US,011,43.683333,-93.366667,67,5016024,6252001
AEO,Aioun El Atrouss,Aioun El Atrouss,Mauritania,MR,00,16.7,-9.65,545,0,2378080
AEP,Arpt. Jorge Newbery,Buenos Aires,Argentina,AR,00,-34.559167,-58.415556,303,3435910,3865483
AER,Adler/Sochi,Adler/Sochi,Russian Federation,RU,8-10,43.45,39.933333,770,584243,2017370
AES,Vigra,Aalesund,Norway,NO,00,62.560278,6.1,465,3163392,3144096
AET,Allakaket,Allakaket,United States,US,011,66.55,-152.65,67,0,6252001
AEU,Abu Musa,Abu Musa,Iran,IR,00,36.583333,52.5,632,0,130758
AEX,Alexandria International,Alexandria  LA,United States,US,011,31.3275,-92.548611,67,5082573,6252001
AEY,Akureyri,Akureyri,Iceland,IS,00,65.65,-18.083333,439,2633274,2629691
AFA,San Rafael,San Rafael,Argentina,AR,00,-34.583333,-68.4,303,3836669,3865483
AFD,Port Alfred,Port Alfred,South Africa,ZA,00,-33.583333,26.883333,562,964432,953987
AFF,USAF Academy Airstrip,Colorado Springs,United States,US,011,38.969722,-104.813056,67,5417598,6252001
AFI,Amalfi,Amalfi,Colombia,CO,005,6.916667,-75.066667,327,3690010,3686121
AFK,Kondavattavan Tank,Ampara,Sri Lanka,LK,00,7.283333,81.666667,711,1251459,1227603
AFL,Alta Floresta,Alta Floresta,Brazil,BR,0014,-9.866111,-56.106111,316,3407884,3469034
AFN,Municipal,Jaffrey,United States,US,011,42.8,-72,67,5088061,6252001
AFO,Municipal,Afton,United States,US,011,42.716667,-110.933333,67,5816861,6252001
AFR,Afore,Afore,Papua New Guinea,PG,05,-9.133333,148.383333,804,0,2088628
AFS,Zarafshan,Zarafshan,Uzbekistan,UZ,8-10,41.613333,64.232778,788,1512281,1512440
AFT,Afutara Aerodrome,Afutara,Solomon Islands,SB,00,-9.183333,160.95,874,0,2103350
AFW,Fort Worth Alliance,Fort Worth  TX,United States,US,011,32.987778,-97.318889,67,4691930,6252001
AFY,Afyon,Afyon,Turkey,TR,00,38.733333,30.6,679,325303,298795
AFZ,Sabzevar,Sabzevar,Iran,IR,00,36.168056,57.595278,632,118063,130758
AGA,Agadir Almassira,Agadir,Morocco,MA,00,30.383333,-9.55,548,2561668,2542007
AGB,Augsburg - Muehlhausen,Munich,Germany,DE,00,48.383333,10.883333,429,2867714,2921044
AGC,Allegheny County,Pittsburgh,United States,US,011,40.35,-79.933333,67,5206379,6252001
AGD,Anggi,Anggi,Indonesia,ID,001,-1.383333,133.866667,832,0,1643084
AGE,Flugplatz,Wangerooge,Germany,DE,00,53.783333,7.916667,429,2814266,2921044
AGF,La Garenne,Agen,France,FR,00,44.183333,0.6,427,3038634,3017382
AGG,Angoram,Angoram,Papua New Guinea,PG,05,-4.066667,144.1,804,2100765,2088628
AGH,Angelholm,Angelholm/Helsingborg,Sweden,SE,00,56.283333,12.833333,484,2725901,2661886
AGI,Wageningen,Wageningen,Suriname,SR,00,5.766667,-56.683333,379,3382783,3382998
AGJ,Aguni,Aguni,Japan,JP,001,26.833333,127.166667,736,0,1861060
AGK,Kagua,Kagua,Papua New Guinea,PG,05,-6.333333,143.833333,804,0,2088628
AGL,Wanigela,Wanigela,Papua New Guinea,PG,05,-9.333333,149.15,804,0,2088628
AGM,Tasiilaq,Tasiilaq,Greenland,GL,00,65.666667,-37.666667,975,3424607,3425505
AGN,Angoon,Angoon,United States,US,011,57.5,-134.583333,67,0,6252001
AGO,Municipal,Magnolia,United States,US,011,33.233333,-93.216667,67,4708747,6252001
AGP,Pablo Ruiz Picasso,Malaga,Spain,ES,00,36.675,-4.499167,482,2514256,2510769
AGQ,Agrinion,Agrinion,Greece,GR,00,38.6,21.383333,433,265560,390903
AGR,Kheria,Agra,India,IN,00,27.15,77.966667,733,1279259,1269750
AGS,Bush Field,Augusta,United States,US,011,33.366667,-81.966667,67,5244365,6252001
AGT,Alejo Garcia,Ciudad Del Este,Paraguay,PY,002,-25.455556,-54.843611,365,0,3437598
AGU,Aguascalients,Aguascalientes,Mexico,MX,00,21.866667,-102.25,148,4019233,3996063
AGV,Acarigua,Acarigua,Venezuela,VE,00,9.55,-69.233333,388,3649833,3625428
AGW,Agnew,Agnew,Australia,AU,0011,-12.15,142.15,802,0,2077456
AGX,Agatti Island,Agatti Island,India,IN,00,10.833333,72.2,733,0,1269750
AGY,Argyle Downs,Argyle Downs,Australia,AU,0011,-16.35,128.75,802,0,2077456
AGZ,Aggeneys,Aggeneys,South Africa,ZA,00,-29.273333,18.813889,562,0,953987
AHA,Naha Air Force Base,Okinawa,Japan,JP,001,26.2,127.65,736,1894616,1861060
AHB,Abha,Abha,Saudi Arabia,SA,00,18.216667,42.5,670,110690,102358
AHC,Amedee AAF,Herlong,United States,US,011,60.572222,4.951667,67,0,6252001
AHD,Downtown,Ardmore,United States,US,011,-16.933333,179.9,67,5178481,6252001
AHE,Ahe Airport,Ahe,French Polynesia,PF,00,-14.5,-1.3,823,0,4020092
AHF,Municipal,Arapahoe,United States,US,011,15.316667,-88.883333,67,5817340,6252001
AHH,Municipal,Amery,United States,US,011,45.283333,-92.366667,67,5243872,6252001
AHI,Amahai,Amahai,Indonesia,ID,001,-3.333333,128.916667,832,1651591,1643084
AHL,Aishalton,Aishalton,Guyana,GY,001,2.483333,-59.316667,350,0,3378535
AHN,Athens,Athens,United States,US,011,33.95,-83.333333,67,5244312,6252001
AHO,Fertilia,Alghero,Italy,IT,00,40.633333,8.283333,450,3183284,3175395
AHS,Ahuas,Ahuas,Honduras,HN,00,15.441667,-84.425,131,3615022,3608932
AHT,Amchitka,Amchitka,United States,US,011,51.5,179,67,0,6252001
AHU,Charif Al Idrissi,Al Hoceima,Morocco,MA,00,35.183333,-3.833333,548,0,2542007
AHY,Ambatolahy,Ambatolahy,Madagascar,MG,00,-20.016667,45.533333,541,0,1062947
AHZ,Alpe D Huez,Alpe D Huez,France,FR,00,45.083333,6.083333,427,0,3017382
AIA,Alliance,Alliance,United States,US,011,42.066667,-102.8,67,5693164,6252001
AIB,Anita Bay,Anita Bay,United States,US,011,56.233333,-132.383333,67,0,6252001
AIC,Airok,Airok  Ailinglaplap,Marshall Islands,MH,011,7.1,171.233333,844,0,2080185
AID,Municipal,Anderson,United States,US,011,32.4,34.866667,67,5558857,6252001
AIE,Aiome,Aiome,Papua New Guinea,PG,05,-5.133333,144.733333,804,0,2088628
AIF,Assis,Assis,Brazil,BR,0014,22.666667,-50.416667,316,3471374,3469034
AIG,Yalinga,Yalinga,Central African Republic,CF,00,6.516667,23.25,509,0,239880
AIH,Aiambak,Aiambak,Papua New Guinea,PG,05,-7.35,141.266667,804,0,2088628
AII,Alisabieh,Alisabieh,Djibouti,DJ,00,11.15,42.716667,525,0,223818
AIK,Municipal,Aiken,United States,US,011,33.65,-81.683333,67,4569067,6252001
AIL,Ailigandi,Ailigandi,Panama,PA,00,9.233333,-78.016667,162,3714956,3703433
AIM,Ailuk Island,Ailuk Island,Marshall Islands,MH,011,10.2,169.983333,844,0,2080185
AIN,Wainwright,Wainwright,United States,US,011,70.633333,-160.033333,67,0,6252001
AIO,Municipal,Atlantic,United States,US,011,41.4,-95.016667,67,4847385,6252001
AIP,Ailinglapalap Island,Ailinglapalap Island,Marshall Islands,MH,011,7.266667,168.816667,844,0,2080185
AIS,Arorae Island,Arorae Island,Kiribati,KI,00,-2.633333,176.816667,824,0,4030945
AIT,Aitutaki,Aitutaki,Cook Islands,CK,00,-18.85,-159.75,813,0,1899402
AIU,Atiu Island,Atiu Island,Cook Islands,CK,00,-20.033333,-158.1,813,0,1899402
AIV,George Downer,Aliceville,United States,US,011,33.1,-88.2,67,4829885,6252001
AIW,Ai-ais,Ai-ais,Namibia,NA,00,-27.983333,17.583056,575,0,3355338
AIY,Bader Field,Atlantic City,United States,US,011,39.366667,-74.45,67,4500546,6252001
AIZ,Lee C Fine Memorial,Kaiser/Lake Ozark,United States,US,011,38.1,-92.55,67,0,6252001
AJA,Campo Dell Oro,Ajaccio,France,FR,00,41.916667,8.8,427,3038334,3017382
AJF,Jouf,Sakaka Al Jouf,Saudi Arabia,SA,00,29.933333,40.2,670,0,102358
AJI,A�?ri,Agri,Turkey,TR,00,39.65,43.033333,679,309647,298795
AJJ,Akjoujt,Akjoujt,Mauritania,MR,00,19.733333,-14.383333,545,0,2378080
AJK,Araak,Araak,Iran,IR,00,34.133056,49.833056,632,0,130758
AJL,Aizawl,Aizawl,India,IN,00,23.733333,92.716667,733,1279186,1269750
AJN,Ouani,Anjouan,Comoros,KM,00,-12.133333,44.433333,513,0,921929
AJO,Aljouf,Aljouf,Yemen,YE,00,15.716667,44.25,694,0,69543
AJR,Arvidsjaur,Arvidsjaur,Sweden,SE,00,65.591389,19.285556,484,0,2661886
AJS,Abreojos,Abreojos,Mexico,MX,00,26.733333,-113.583333,148,0,3996063
AJU,Santa Maria,Aracaju,Brazil,BR,0014,-10.983611,-37.067778,316,3471872,3469034
AJY,Agades,Agades,Niger,NE,00,16.966667,7.983333,554,0,2440476
AKA,Ankang,Ankang,China,CN,00,32.5,109.008333,713,1789065,1814991
AKB,Atka,Atka,United States,US,011,52.2,-174.2,67,0,6252001
AKC,Fulton International,Akron/Canton,United States,US,011,-26.8,23.75,67,5574199,6252001
AKD,Akola,Akola,India,IN,00,20.698889,77.058611,733,1279105,1269750
AKE,Akieni,Akieni,Gabon,GA,00,-1.172222,13.916667,526,0,2400553
AKF,Kufrah,Kufrah,Libya,LY,00,24.2,23.316667,538,0,2215636
AKG,Anguganak,Anguganak,Papua New Guinea,PG,05,-3.583333,142.25,804,0,2088628
AKH,Prince Sultan Air Base,Al Kharj,Saudi Arabia,SA,00,24.062778,47.580556,670,0,102358
AKI,Akiak,Akiak,United States,US,011,60.9,-161.233333,67,0,6252001
AKJ,Asahikawa,Asahikawa,Japan,JP,001,43.5,142.508333,736,2130629,1861060
AKK,Akhiok SPB,Akhiok,United States,US,011,56.95,-154.166667,67,0,6252001
AKL,Auckland International,Auckland,New Zealand,NZ,00,-37.008056,174.791667,851,2193733,2186224
AKM,Zakouma,Zakouma,Chad,TD,15,10.883333,19.816667,511,0,2434508
AKN,King Salmon,King Salmon,United States,US,011,58.516667,-156.633333,67,0,6252001
AKO,Colorado Plains Regional Airport,Akron  CO,United States,US,011,40.175556,-103.221944,67,5574199,6252001
AKP,Anaktuvuk,Anaktuvuk,United States,US,011,68.133333,-151.733333,67,0,6252001
AKQ,Gunung Batin,Astraksetra,Indonesia,ID,001,-4.616667,105.233333,832,0,1643084
AKR,Akure,Akure,Nigeria,NG,009,7.25,5.2,555,2350841,2328926
AKT,Akrotiri Raf,Akrotiri,Cyprus,CY,00,34.604167,32.958333,611,0,146669
AKU,Aksu,Aksu,China,CN,00,38.666667,75.666667,713,1529660,1814991
AKV,Akulivik,Akulivik,Canada,CA,011,60.733333,-78.583333,906,0,6251999
AKW,Aghajari,Aghajari,Iran,IR,00,36.583333,46.616667,632,0,130758
AKX,Aktyubinsk,Aktyubinsk,Kazakhstan,KZ,8-10,50.25,57.216667,738,610611,1522867
AKY,Civil,Sittwe,Myanmar,MM,00,20.116667,92.866667,706,1295765,1327865
ALA,Almaty,Almaty,Kazakhstan,KZ,8-10,43.351944,77.040278,738,1526384,1522867
ALB,Albany International,Albany,United States,US,011,42.733333,-73.8,67,5710756,6252001
ALC,Alicante El Altet,Alicante,Spain,ES,00,38.282222,-0.558056,482,2521978,2510769
ALD,Alerta,Alerta,Peru,PE,00,-11.7,-69.35,368,0,3932488
ALE,Alpine,Alpine,United States,US,011,30.386111,-103.683333,67,5770732,6252001
ALF,Alta,Alta,Norway,NO,00,69.983333,23.366667,465,847633,3144096
ALG,Houari Boumediene,Algiers,Algeria,DZ,00,36.783333,3.05,500,2507480,2589581
ALH,Albany,Albany,Australia,AU,0011,-34.95,117.8,802,2077963,2077456
ALI,International,Alice,United States,US,011,27.733333,-98.016667,67,4670234,6252001
ALJ,Kortdoorn,Alexander Bay,South Africa,ZA,00,-28.616667,16.533333,562,0,953987
ALK,Asela,Asela,Ethiopia,ET,00,7.966667,39.116667,522,0,337996
ALL,Albenga,Albenga,Italy,IT,00,44.033333,8.116667,450,3183343,3175395
ALM,Municipal,Alamogordo,United States,US,011,32.833333,-106,67,5454627,6252001
ALN,Alton,Alton,United States,US,011,38.891667,-90.172222,67,5082602,6252001
ALO,Waterloo,Waterloo,United States,US,011,42.55,-92.383333,67,5277989,6252001
ALP,Nejrab,Aleppo,Syria,SY,00,36.183333,37.233333,676,170063,163843
ALQ,Federal,Alegrete,Brazil,BR,0014,-29.8,-55.733333,316,3472638,3469034
ALR,Alexandra,Alexandra,New Zealand,NZ,00,-45.216667,169.366667,851,0,2186224
ALS,Municipal,Alamosa,United States,US,011,37.433333,-105.866667,67,5411479,6252001
ALT,Alenquer,Alenquer,Brazil,BR,0014,-1.938889,-54.747222,316,3407980,3469034
ALU,Alula,Alula,Somalia,SO,00,11.883333,50.666667,573,0,51537
ALV,Andorra La Vella H/P,Andorra La Vella,Andorra,AD,00,42.5,1.516667,0,3041563,3041565
ALW,Walla Walla,Walla Walla,United States,US,011,46.1,-118.3,67,5814916,6252001
ALX,Thomas C Russell Fld,Alexander City,United States,US,011,32.933333,-85.95,67,4829843,6252001
ALY,El Nohza,Alexandria,Egypt,EG,00,31.183333,29.95,591,361058,357994
ALZ,Alitak SPB,Alitak,United States,US,011,56.895833,-154.245833,67,0,6252001
AMA,Rick Husband Amarillo International,Amarillo  TX,United States,US,011,35.226389,-101.705833,67,5516233,6252001
AMB,Ambilobe,Ambilobe,Madagascar,MG,00,-13.183333,48.983333,541,1082243,1062947
AMC,Am Timan,Am Timan,Chad,TD,15,11.033333,20.266667,511,245338,2434508
AMD,Ahmedabad,Ahmedabad,India,IN,00,23.077222,72.634722,733,1279233,1269750
AME,Alto Molocue,Alto Molocue,Mozambique,MZ,00,-15.65,37.683333,550,0,1036973
AMF,Ama,Ama,Papua New Guinea,PG,05,-4.166667,141.666667,804,0,2088628
AMG,Amboin,Amboin,Papua New Guinea,PG,05,-4.6,143.5,804,0,2088628
AMH,Arba Mintch,Arba Mintch,Ethiopia,ET,00,6,37.508333,522,343663,337996
AMI,Selaparang,Mataram,Indonesia,ID,001,-8.566667,116.1,832,1635882,1643084
AMJ,Almenara,Almenara,Brazil,BR,0014,-16.183333,-40.683333,316,3472520,3469034
AMK,Animas Airpark,Durango,United States,US,011,14.466667,-87.85,67,5420241,6252001
AML,Puerto Armuellas,Puerto Armuellas,Panama,PA,00,8.3,-82.866667,162,0,3703433
AMM,Queen Alia Intl,Amman,Jordan,JO,00,31.966667,35.983333,639,250441,248816
AMN,Gratiot Community,Alma,United States,US,011,43.383333,-84.65,67,5062898,6252001
AMO,Mao,Mao,Chad,TD,15,14.116667,15.316667,511,2428394,2434508
AMP,Ampanihy,Ampanihy,Madagascar,MG,00,-24.7,44.733333,541,1078553,1062947
AMQ,Pattimura,Ambon,Indonesia,ID,001,-3.7,128.083333,832,1651531,1643084
AMR,Arno,Arno,Marshall Islands,MH,011,7.083333,171.683333,844,0,2080185
AMS,Amsterdam-Schiphol,Amsterdam,Netherlands,NL,00,52.308611,4.763889,461,2759794,2750405
AMT,Amata,Amata,Australia,AU,0011,-26.2,131.116667,802,0,2077456
AMU,Amanab,Amanab,Papua New Guinea,PG,05,-3.516667,141.25,804,0,2088628
AMV,Amderma,Amderma,Russian Federation,RU,8-10,69.766667,61.55,770,0,2017370
AMW,Ames,Ames,United States,US,011,42,-93.616667,67,4846834,6252001
AMX,Ammaroo,Ammaroo,Australia,AU,0011,-21.74,135.24,802,0,2077456
AMY,Ambatomainty,Ambatomainty,Madagascar,MG,00,-17.683333,45.666667,541,0,1062947
AMZ,Ardmore,Ardmore,New Zealand,NZ,00,-37.029722,174.973333,851,0,2186224
ANA,Orange County Steel Salvage Heliport,Anaheim,United States,US,011,33.848333,-117.850278,67,5323810,6252001
ANB,Anniston Metropolitan,Anniston,United States,US,011,33.588056,-85.858056,67,4830198,6252001
ANC,Ted Stevens Anchorage International Airport,Anchorage,United States,US,011,61.174444,-149.996389,67,5879400,6252001
AND,Anderson,Anderson,United States,US,011,34.5,-82.716667,67,5558857,6252001
ANE,Marce,Angers,France,FR,00,47.560278,-0.312222,427,3037656,3017382
ANF,Cerro Moreno,Antofagasta,Chile,CL,00,-23.439444,-70.442778,324,3899539,3895114
ANG,Brie-Champniers,Angouleme,France,FR,00,45.666667,0.2,427,3037598,3017382
ANH,Anuha Island Resort,Anuha Island Resort,Solomon Islands,SB,00,-8.983333,160.5,874,0,2103350
ANI,Aniak,Aniak,United States,US,011,61.583333,-159.533333,67,0,6252001
ANJ,Zanaga,Zanaga,Congo,CG,00,-2.85,13.833333,515,0,2260494
ANK,Etimesgut,Ankara,Turkey,TR,00,39.949444,32.683056,679,323786,298795
ANL,Andulo,Andulo,Angola,AO,00,-11.5,16.75,502,0,3351879
ANM,Antsirabato,Antalaha,Madagascar,MG,00,-15,50.333333,541,1071296,1062947
ANN,Annette Island,Annette Island,United States,US,011,55.033333,-131.566667,67,0,6252001
ANO,Angoche,Angoche,Mozambique,MZ,00,-16.166667,39.933333,550,1052944,1036973
ANP,Lee,Annapolis,United States,US,011,38.983333,-76.5,67,4347242,6252001
ANQ,Tri-State Steuben Cty,Angola,United States,US,011,41.633333,-85,67,5107227,6252001
ANR,Deurne,Antwerp,Belgium,BE,00,51.189444,4.460278,409,2803138,2802361
ANS,Andahuaylas,Andahuaylas,Peru,PE,00,-13.65,-73.416667,368,3947740,3932488
ANU,V. C. Bird Intl,St. Johns,Antigua And Barbuda,AG,011,17.136667,-61.792778,206,3576022,3576396
ANV,Anvik,Anvik,United States,US,011,62.65,-160.216667,67,0,6252001
ANW,Ainsworth,Ainsworth,United States,US,011,42.583333,-99.983333,67,5062769,6252001
ANX,Andenes,Andenes,Norway,NO,00,69.316667,16.116667,465,3163146,3144096
ANY,Anthony,Anthony,United States,US,011,37.15,-98.033333,67,5516368,6252001
ANZ,Angus Downs,Angus Downs,Australia,AU,0011,-25.083333,132.166667,802,0,2077456
AOA,Aroa,Aroa,Papua New Guinea,PG,05,-9.033333,146.75,804,0,2088628
AOB,Annanberg,Annanberg,Papua New Guinea,PG,05,-4.916667,144.666667,804,0,2088628
AOC,Altenburg Nobitz,Altenburg,Germany,DE,00,50.983333,12.508333,429,2957773,2921044
AOD,Abou Deia,Abou Deia,Chad,TD,15,11.466667,19.283333,511,0,2434508
AOE,Anadolu University,Eskisehir,Turkey,TR,00,39.811667,30.528611,679,315202,298795
AOG,Anshan,Anshan,China,CN,00,41.166667,123.033333,713,2038632,1814991
AOH,Allen County,Lima,United States,US,011,40.716667,-84.033333,67,5160783,6252001
AOI,Falconara,Ancona,Italy,IT,00,43.633333,13.5,450,3183089,3175395
AOJ,Aomori,Aomori,Japan,JP,001,40.733333,140.7,736,2130658,1861060
AOK,Karpathos,Karpathos,Greece,GR,00,35.5,27.233333,433,260895,390903
AOL,Paso De Los Libres,Paso De Los Libres,Argentina,AR,00,-29.683333,-57.15,303,0,3865483
AON,Arona,Arona,Papua New Guinea,PG,05,-6.25,145.966667,804,0,2088628
AOO,Martinsburg,Martinsburg,United States,US,011,40.3,-78.316667,67,5200055,6252001
AOR,Alor Setar,Alor Setar,Malaysia,MY,00,6.189722,100.398056,749,1736309,1733045
AOS,Amook,Amook,United States,US,011,57.466667,-153.833333,67,0,6252001
AOU,Attopeu,Attopeu,Laos,LA,00,14.8,106.816667,744,1665046,1655842
APA,Arapahoe Co,Denver,United States,US,011,39.566667,-104.833333,67,5419384,6252001
APB,Apolo,Apolo,Bolivia,BO,0010,-14.716667,-68.5,312,0,3923057
APC,Napa County,Napa,United States,US,011,38.45,-122.216667,67,5376095,6252001
APE,San Juan Aposento,San Juan Aposento,Peru,PE,00,-15.35,-75.166667,368,0,3932488
APF,Naples,Naples,United States,US,011,26.15,-81.766667,67,5778807,6252001
APG,Phillips AAF,Aberdeen,United States,US,011,52.316667,-1.283333,67,5785243,6252001
APH,Camp A P Hill,Bowling Green,United States,US,011,38.05,-77.35,67,5147968,6252001
API,Apiay,Apiay,Colombia,CO,005,4.068889,-73.051944,327,0,3686121
APK,Apataki,Apataki,French Polynesia,PF,00,-15.083333,-145.333333,823,0,4020092
APL,Nampula,Nampula,Mozambique,MZ,00,-15.1,39.283333,550,1033356,1036973
APN,Alpena County Regional,Alpena,United States,US,011,45.083333,-83.55,67,4984075,6252001
APO,Apartado,Apartado,Colombia,CO,005,7.033333,-77.2,327,3689798,3686121
APP,Asapa,Asapa,Papua New Guinea,PG,05,-8.983333,148.133333,804,0,2088628
APQ,Arapiraca,Arapiraca,Brazil,BR,0014,-9.75,-36.65,316,3407327,3469034
APR,April River,April River,Papua New Guinea,PG,05,-4.3,142.433333,804,0,2088628
APS,Anapolis,Anapolis,Brazil,BR,0014,-16.362222,-48.926944,316,3472287,3469034
APT,Marion County,Jasper,United States,US,011,35.066667,-85.633333,67,4700731,6252001
APU,Apucarana,Apucarana,Brazil,BR,0014,-23.55,-51.483333,316,3471910,3469034
APV,Apple Valley,Apple Valley,United States,US,011,34.575278,-117.186111,67,5324363,6252001
APW,Faleolo,Apia,Samoa,WS,0,-13.833333,-172,892,4035413,4034894
APX,Arapongas,Arapongas,Brazil,BR,0014,-23.383333,-51.95,316,3471798,3469034
APY,Alto Parnaiba,Alto Parnaiba,Brazil,BR,0014,-9.1,-45.966667,316,0,3469034
APZ,Zapala,Zapala,Argentina,AR,00,-38.916667,-70.083333,303,0,3865483
AQA,Araraquara,Araraquara,Brazil,BR,0014,-21.811944,-48.133056,316,0,3469034
AQB,Quiche Airport,Quiche,Guatemala,GT,00,15.366667,-89.8,127,0,3595530
AQG,Anqing,Anqing,China,CN,00,30.516667,117.033333,713,1817993,1814991
AQI,Qaisumah,Qaisumah,Saudi Arabia,SA,00,28.316667,46.116667,670,108918,102358
AQJ,King Hussein Intl,Aqaba,Jordan,JO,00,29,34.666667,639,250774,248816
AQM,Ariquemes,Ariquemes,Brazil,BR,0014,-9.933333,-63.066667,316,3665199,3469034
AQP,Rodriguez Ballon,Arequipa,Peru,PE,00,-16.341111,-71.583056,368,3947322,3932488
AQS,Saqani,Saqani,Fiji,FJ,00,-16.75,179.35,821,0,2205218
AQY,Alyeska,Alyeska,United States,US,011,60.966667,-149.116667,67,0,6252001
ARA,Acadiana Regional,New Iberia,United States,US,011,80.133333,32.583333,67,4334971,6252001
ARB,Municipal,Ann Arbor  MI,United States,US,011,42.223056,-83.745556,67,4984247,6252001
ARC,Arctic Village,Arctic Village,United States,US,011,68.116667,-145.583333,67,0,6252001
ARD,Alor Island,Alor Island,Indonesia,ID,001,-8.25,124.75,832,0,1643084
ARE,Arecibo,Arecibo,Puerto Rico,PR,011,18.45,-66.666667,3,4562635,4566966
ARF,Acaricuara,Acaricuara,Colombia,CO,005,0.533333,-70.133333,327,0,3686121
ARG,Walnut Ridge,Walnut Ridge,United States,US,011,36.116667,-90.916667,67,4135205,6252001
ARH,Arkhangelsk,Arkhangelsk,Russian Federation,RU,8-10,64.566667,40.533333,770,0,2017370
ARI,Chacalluta,Arica,Chile,CL,00,-18.5,-70.316667,324,3899361,3895114
ARJ,Arso,Arso,Indonesia,ID,001,-2.933333,140.783333,832,0,1643084
ARK,Arusha,Arusha,Tanzania,TZ,000,-3.367778,36.633333,585,161325,149590
ARL,Arly,Arly,Burkina Faso,BF,00,11.583333,1.25,593,0,2361809
ARM,Armidale,Armidale,Australia,AU,0011,-30.533333,151.616667,802,2177671,2077456
ARN,Arlanda,Stockholm,Sweden,SE,00,59.651944,17.918611,484,2673730,2661886
ARO,Arboletas,Arboletas,Colombia,CO,005,8.866667,-76.433333,327,3689693,3686121
ARP,Aragip,Aragip,Papua New Guinea,PG,05,-9.9,149.466667,804,0,2088628
ARQ,Arauquita,Arauquita,Colombia,CO,005,7.036111,-71.440278,327,0,3686121
ARR,Alto Rio Senguerr,Alto Rio Senguerr,Argentina,AR,00,-45.166667,-71,303,0,3865483
ARS,Aragarcas,Aragarcas,Brazil,BR,0014,-15.896667,-52.095556,316,3471840,3469034
ART,Watertown,Watertown,United States,US,011,43.983333,-76.016667,67,5278005,6252001
ARU,Aracatuba,Aracatuba,Brazil,BR,0014,-21.183333,-50.416667,316,3471859,3469034
ARV,Noble F. Lee,Minocqua,United States,US,011,45.916667,-89.733333,67,0,6252001
ARW,Arad,Arad,Romania,RO,00,46.166667,21.25,473,686254,798549
ARX,Asbury Park,Neptune  NJ,United States,US,011,40.219444,-74.09,67,0,6252001
ARY,Ararat,Ararat,Australia,AU,0011,-37.309444,142.988611,802,2177756,2077456
ASA,Assab International,Assab,Eritrea,ER,00,13.071667,42.645,522,0,338010
ASB,Ashgabat,Ashgabat,Turkmenistan,TM,8-10,37.95,58.383333,785,162183,1218197
ASC,Ascension,Ascension,Bolivia,BO,0010,-15.716667,-63.066667,312,3923644,3923057
ASD,Andros Town,Andros Town,Bahamas,BS,011,24.6975,-77.793889,204,3572906,3572887
ASE,Aspen,Aspen,United States,US,011,39.223056,-106.868889,67,5412230,6252001
ASF,Astrakhan,Astrakhan,Russian Federation,RU,8-10,46.35,48.05,770,0,2017370
ASG,Ashburton,Ashburton,New Zealand,NZ,00,-43.9,171.783333,851,0,2186224
ASH,Boire Field,Nashua  NH,United States,US,011,42.781667,-71.514722,67,5090046,6252001
ASI,Wideawake Field,Georgetown  Ascension Island,St. Helena,SH,00,-7.969722,-14.393611,580,0,3370751
ASJ,Amami O Shima,Amami O Shima,Japan,JP,001,28.416667,129.7,736,0,1861060
ASK,Yamoussoukro,Yamoussoukro,Cote DIvoire,CI,00,6.9,-5.366667,533,2279755,2287781
ASM,Yohannes IV,Asmara,Eritrea,ER,00,15.291944,38.910556,523,343300,338010
ASN,Talladega,Talladega,United States,US,011,38.6,-0.683333,67,4092788,6252001
ASO,Asosa,Asosa,Ethiopia,ET,00,10.066667,34.55,522,343292,337996
ASP,Alice Springs,Alice Springs,Australia,AU,0011,-23.8,133.883333,802,2077895,2077456
ASQ,Austin,Austin,United States,US,011,39.5,-117.066667,67,5016884,6252001
ASR,Erkilet International Airport,Kayseri,Turkey,TR,00,38.7,35.5,679,308464,298795
AST,Astoria,Astoria,United States,US,011,46.166667,-123.883333,67,5711847,6252001
ASU,Silvio Pettirossi,Asuncion,Paraguay,PY,002,-25.266667,-57.666667,365,3439389,3437598
ASV,Amboseli,Amboseli,Kenya,KE,000,-2.633333,37.25,535,0,192950
ASW,Aswan,Aswan,Egypt,EG,00,23.964444,32.82,591,359792,357994
ASX,Ashland,Ashland,United States,US,011,46.548611,-90.918889,67,5711789,6252001
ASY,Ashley,Ashley,United States,US,011,46.033333,-99.366667,67,5178612,6252001
ATA,Anta,Anta,Peru,PE,00,-13.483333,-72.133333,368,3947634,3932488
ATB,Atbara,Atbara,Sudan,SD,00,17.7,33.983333,583,378231,366755
ATD,Atoifi,Atoifi,Solomon Islands,SB,00,-8.866667,161.033333,874,0,2103350
ATE,Antlers,Antlers,United States,US,011,34.233333,-95.616667,67,4529418,6252001
ATF,Chachoan,Ambato,Ecuador,EC,00,-1.2,-78.566667,337,3660689,3658394
ATG,Attock,Attock,Pakistan,PK,00,33.874167,72.241389,764,0,1168579
ATH,Eleftherios Venizelos,Athens,Greece,GR,00,37.936389,23.944444,433,264371,390903
ATI,Artigas,Artigas,Uruguay,UY,00,-30.416667,-56.516667,385,3443758,3439705
ATJ,Antsirabe,Antsirabe,Madagascar,MG,00,-19.083333,47.066667,541,0,1062947
ATK,Atqasuk,Atqasuk,United States,US,011,70.466667,-157.333333,67,0,6252001
ATL,Hartsfield-jackson Atlanta International,Atlanta  GA,United States,US,011,33.636667,-84.428056,67,4883772,6252001
ATM,Altamira,Altamira,Brazil,BR,0014,-3.253889,-52.253889,316,3453420,3469034
ATN,Namatanai,Namatanai,Papua New Guinea,PG,05,-3.666667,152.45,804,2090021,2088628
ATO,Ohio University,Athens,United States,US,011,39.333333,-82.1,67,5244312,6252001
ATP,Airstrip,Aitape,Papua New Guinea,PG,05,-3.133333,142.35,804,2101169,2088628
ATQ,Raja Sansi,Amritsar,India,IN,00,31.709722,74.797222,733,1278710,1269750
ATR,Mouakchott,Atar,Mauritania,MR,00,20.5,-13.05,545,0,2378080
ATS,Artesia,Artesia,United States,US,011,32.85,-104.466667,67,5455796,6252001
ATT,Atmautluak,Atmautluak,United States,US,011,61,-162.75,67,0,6252001
ATU,Casco Cove,Attu Island,United States,US,011,52.833333,173.183333,67,0,6252001
ATV,Ati,Ati,Chad,TD,15,13.233333,18.316667,511,2436400,2434508
ATW,Outagamie County,Appleton,United States,US,011,44.266667,-88.516667,67,5244080,6252001
ATX,Atbasar,Atbasar,Kazakhstan,KZ,8-10,51.883333,68.4,738,1526038,1522867
ATY,Watertown,Watertown,United States,US,011,44.916667,-97.15,67,5278005,6252001
ATZ,Assiut,Assiut,Egypt,EG,00,27.05,31.016667,591,359783,357994
AUA,Reina Beatrix,Aruba,Aruba,AW,00,12.5,-70.016667,277,0,3577279
AUB,Itauba,Itauba,Brazil,BR,0014,-7.1,-41.983333,316,0,3469034
AUC,Arauca,Arauca,Colombia,CO,005,7.066667,-70.733333,327,3689718,3686121
AUD,Augustus Downs,Augustus Downs,Australia,AU,0011,-18.666667,139.933333,802,0,2077456
AUE,Abu Rudeis,Abu Rudeis,Egypt,EG,00,28.966667,33.183333,591,0,357994
AUF,Auxerre Branches,Auxerre,France,FR,00,47.846389,3.496667,427,3035843,3017382
AUG,Augusta,Augusta,United States,US,011,44.316667,-69.8,67,5244365,6252001
AUH,Abu Dhabi International,Abu Dhabi,United Arab Emirates,AE,00,24.433056,54.651111,678,292968,290557
AUI,Aua Island,Aua Island,Papua New Guinea,PG,05,-1.45,143.066667,804,0,2088628
AUJ,Ambunti,Ambunti,Papua New Guinea,PG,05,-4.25,142.85,804,2100933,2088628
AUK,Alakanuk,Alakanuk,United States,US,011,62.683333,-164.633333,67,0,6252001
AUL,Aur Island,Aur Island,Marshall Islands,MH,011,8.133333,171.166667,844,0,2080185
AUM,Austin,Austin,United States,US,011,43.666667,-92.933333,67,5016884,6252001
AUN,Auburn,Auburn,United States,US,011,38.9,-121.066667,67,5785965,6252001
AUO,Auburn-Opelika,Auburn,United States,US,011,32.616667,-85.433333,67,5785965,6252001
AUP,Agaun,Agaun,Papua New Guinea,PG,05,-9.916667,149.333333,804,0,2088628
AUQ,Atuona,Atuona,French Polynesia,PF,00,-9.8,-139.033333,823,4020109,4020092
AUR,Aurillac,Aurillac,France,FR,00,44.891667,-2.416667,427,3036016,3017382
AUS,Austin-bergstrom International,Austin,United States,US,011,30.194444,-97.67,67,5016884,6252001
AUT,Atauro,Atauro,Indonesia,ID,001,-8,125.675,832,0,1643084
AUU,Aurukun Mission,Aurukun Mission,Australia,AU,0011,-13.353889,141.720833,802,0,2077456
AUV,Aumo,Aumo,Papua New Guinea,PG,05,-5.733333,148.5,804,0,2088628
AUW,Municipal,Wausau,United States,US,011,44.766667,-89.680556,67,5278120,6252001
AUX,Araguaina,Araguaina,Brazil,BR,0014,-7.2,-48.2,316,0,3469034
AUY,Aneityum,Aneityum,Vanuatu,VU,00,-20.333333,169.666667,885,0,2134431
AUZ,Municipal Airport,Aurora,United States,US,011,41.766667,-88.316667,67,5412347,6252001
AVA,An Shun/Huang Guo Shu,An Shun,China,CN,00,33.216667,120.95,713,0,1814991
AVB,Aviano,Aviano,Italy,IT,00,46.066667,12.6,450,3182635,3175395
AVF,Avoriaz,Avoriaz,France,FR,00,46.2,6.766667,427,0,3017382
AVG,Auvergne,Auvergne,Australia,AU,0011,-15.75,129.916667,802,0,2077456
AVI,Maximo Gomez,Ciego De Avila,Cuba,CU,119,22.025,-78.791389,219,3564178,3562981
AVK,Arvaikheer,Arvaikheer,Mongolia,MN,001,46.266667,102.783333,751,0,2029969
AVL,Asheville Regional Airport,Fletcher,United States,US,011,35.436111,-82.541667,67,4536996,6252001
AVN,Avignon-Caumont,Avignon,France,FR,00,43.906667,4.901944,427,3035681,3017382
AVO,Municipal,Avon Park,United States,US,011,27.6,-81.516667,67,4146440,6252001
AVP,Wilkes-Barre/Scranton International Airport,Wilkes-Barre/Scranton  PA,United States,US,011,41.338333,-75.723333,67,5219488,6252001
AVU,Avu Avu,Avu Avu,Solomon Islands,SB,00,-9.85,160.416667,874,0,2103350
AVV,Avalon,Geelong,Australia,AU,0011,-38.033333,144.466667,802,0,2077456
AVX,Avalon Bay,Catalina Island,United States,US,011,33.333333,-118.35,67,0,6252001
AWA,Awassa,Awassa,Ethiopia,ET,00,6.966667,38.402778,522,343137,337996
AWB,Awaba,Awaba,Papua New Guinea,PG,05,-8.016667,142.75,804,0,2088628
AWD,Aniwa,Aniwa,Vanuatu,VU,00,-19.283333,169.583333,885,0,2134431
AWE,Alowe,Alowe,Gabon,GA,00,-0.75,9.45,526,0,2400553
AWH,Awareh,Awareh,Ethiopia,ET,00,8.266667,44.183333,522,0,337996
AWK,Wake Island,Wake Island,US Minor Outlying Islands,UM,00,19.283333,166.65,5,0,0
AWM,Municipal,West Memphis,United States,US,011,35.133333,-90.183333,67,4135865,6252001
AWN,Alton Downs,Alton Downs,Australia,AU,0011,-26.483333,139.316667,802,0,2077456
AWP,Austral Downs,Austral Downs,Australia,AU,0011,-20.333333,137.25,802,0,2077456
AWR,Awar,Awar,Papua New Guinea,PG,05,-4.116667,144.85,804,0,2088628
AWZ,Ahwaz,Ahwaz,Iran,IR,00,31.216667,48.666667,632,144448,130758
AXA,Wallblake,Anguilla,Anguilla,AI,011,18.204722,-63.055,202,0,3573511
AXB,Alexandria Bay,Alexandria Bay,United States,US,011,44.2525,-75.901389,67,5106950,6252001
AXC,Aramac,Aramac,Australia,AU,0011,-23.083333,145.25,802,0,2077456
AXD,Dimokritos,Alexandroupolis,Greece,GR,00,40.851111,25.951111,433,736928,390903
AXE,Xanxere,Xanxere,Brazil,BR,0014,-26.883333,-52.383333,316,3444848,3469034
AXG,Algona,Algona,United States,US,011,43.066667,-94.233333,67,5785484,6252001
AXK,Ataq,Ataq,Yemen,YE,00,14.533333,46.816667,694,0,69543
AXL,Alexandria,Alexandria,Australia,AU,0011,-19.116667,136.766667,802,0,2077456
AXM,El Eden,Armenia,Colombia,CO,005,4.516667,-75.666667,327,3689560,3686121
AXN,Alexandria,Alexandria,United States,US,011,45.783333,-95.266667,67,5082573,6252001
AXP,Springpoint Arpt,Spring Point,Bahamas,BS,011,22.45,-73.966667,204,0,3572887
AXR,Arutua,Arutua,French Polynesia,PF,00,-15.35,-146.666667,823,0,4020092
AXS,Municipal,Altus,United States,US,011,34.702778,-99.333333,67,4529292,6252001
AXT,Akita,Akita,Japan,JP,001,39.615556,140.218611,736,2113126,1861060
AXU,Axum,Axum,Ethiopia,ET,00,14.120833,38.7125,522,344420,337996
AXV,Neil Armstrong,Wapakoneta,United States,US,011,40.566667,-84.183333,67,5175670,6252001
AXX,Angel Fire,Angel Fire,United States,US,011,36.416667,-105.283333,67,0,6252001
AYA,Ayapel,Ayapel,Colombia,CO,005,8.3,-75.15,327,3689381,3686121
AYC,Ayacucho,Ayacucho,Colombia,CO,005,8.6,-73.616667,327,0,3686121
AYD,Alroy Downs,Alroy Downs,Australia,AU,0011,-19.3,135.95,802,0,2077456
AYE,AAF Heliport,Fort Devens,United States,US,011,19.833333,-72.5,67,0,6252001
AYG,Yaguara,Yaguara,Colombia,CO,005,1.544167,-73.933333,327,3665803,3686121
AYH,RAF Station,Alconbury,United Kingdom,GB,00,52.366667,-0.266667,493,0,2635167
AYI,Yari,Yari,Colombia,CO,005,-0.383333,-72.266667,327,0,3686121
AYK,Arkalyk,Arkalyk,Kazakhstan,KZ,8-10,50.316667,66.966667,738,0,1522867
AYL,Anthony Lagoon,Anthony Lagoon,Australia,AU,0011,-18.016667,135.55,802,0,2077456
AYN,Anyang,Anyang,China,CN,00,36.1,114.35,713,1785294,1814991
AYO,Ayolas,Ayolas,Paraguay,PY,002,2.05,33.75,365,3439378,3437598
AYP,Yanamilla,Ayacucho,Peru,PE,00,-13.197222,-74.247222,368,3947019,3932488
AYQ,Connellan,Ayers Rock,Australia,AU,0011,-25.333333,131.033333,802,0,2077456
AYR,Ayr,Ayr,Australia,AU,0011,-19.666667,147.366667,802,2177413,2077456
AYS,Ware County,Waycross,United States,US,011,31.25,-82.4,67,4229763,6252001
AYT,Antalya,Antalya,Turkey,TR,00,36.916667,30.8,679,323777,298795
AYU,Aiyura,Aiyura,Papua New Guinea,PG,05,-6.333333,145.9,804,0,2088628
AYW,Ayawasi,Ayawasi,Indonesia,ID,001,-1.2,132.5,832,0,1643084
AYZ,Zahns,Amityville,United States,US,011,40.666667,-73.416667,67,5107140,6252001
AZB,Amazon Bay,Amazon Bay,Papua New Guinea,PG,05,-10.3,149.333333,804,0,2088628
AZD,Yazd,Yazd,Iran,IR,00,31.9,54.283333,632,111822,130758
AZG,Apatzingan,Apatzingan,Mexico,MX,00,19.083333,-102.383333,148,4018400,3996063
AZI,Bateen,Abu Dhabi,United Arab Emirates,AE,00,24.428333,54.458056,678,292968,290557
AZN,Andizhan,Andizhan,Uzbekistan,UZ,8-10,40.733333,72.3,788,1514588,1512440
AZO,Kalamazoo/Battle Creek Intl,Kalamazoo,United States,US,011,42.235,-85.551944,67,4997787,6252001
AZP,Atizapan,Mexico City,Mexico,MX,00,19.35,-99.116667,148,3530597,3996063
AZR,Adrar,Adrar,Algeria,DZ,00,27.883333,-0.283333,500,0,2589581
AZS,Samanǭ El Catey International,El Catey,Dominican Republic,DO,011,19.25,-69.7,224,0,3508796
AZT,Zapatoca,Zapatoca,Colombia,CO,005,6.816667,-73.283333,327,3665587,3686121
AZZ,Ambriz,Ambriz,Angola,AO,00,-7.883333,13.15,502,0,3351879
