﻿City Code,Airport Name,City Name,Country,Ctry Code,IDD-Intl Dial,Latitude,Longitude,Area Code,CityGeoID,CtryGeoID
ZAA,Alice Arm,Alice Arm,Canada,CA,011,55.483333,-129.483333,906,0,6251999
ZAC,York Landing,York Landing,Canada,CA,011,56.083333,-96.083333,906,0,6251999
ZAD,Zadar,Zadar,Croatia,HR,00,44.097778,15.356667,415,3186952,3202326
ZAG,Pleso,Zagreb,Croatia,HR,00,45.733333,16.066667,415,3186886,3202326
ZAH,Zahedan,Zahedan,Iran,IR,00,29.466667,60.883333,632,1159301,130758
ZAJ,Zaranj,Zaranj,Afghanistan,AF,00,31.1,61.883333,701,0,1149361
ZAL,Pichoy,Valdivia,Chile,CL,00,-39.766667,-73.233333,324,3868707,3895114
ZAM,Zamboanga International,Zamboanga,Philippines,PH,00,6.933333,122.066667,766,1679432,1694008
ZAO,Laberandie,Cahors,France,FR,00,44.333333,1.483333,427,3029213,3017382
ZAR,Zaria,Zaria,Nigeria,NG,009,11.133333,7.683333,555,2317765,2328926
ZAS,Shunde Ferry,Shunde,China,CN,00,22.840833,113.245278,713,1814082,1814991
ZAT,Zhaotong,Zhaotong,China,CN,00,27.316667,103.8,713,1784841,1814991
ZAU,Sachsen Railway Stn.,Aue,Germany,DE,00,52.6,14.466667,429,2954695,2921044
ZAX,Pan Yu Ferry,Pan Yu,China,CN,00,25.083333,119.05,713,0,1814991
ZAY,De Keyserlei Bus Stn.,Antwerp,Belgium,BE,00,51.216667,4.416667,409,2803138,2802361
ZAZ,Zaragoza,Zaragoza,Spain,ES,00,41.666667,-1.019444,482,3104324,2510769
ZBA,Basel Bad - Railway,Basel/mulhouse,Switzerland,CH,00,47.416667,7.75,486,2661604,2658434
ZBC,Colmore Row Bus Stn,Birmingham,United Kingdom,GB,00,52.466667,-1.916667,493,2655603,2635167
ZBD,Jiang Men Ferry,Jiang Men,China,CN,00,28.739167,118.622778,713,0,1814991
ZBE,Dolni Benesov,Zabreh,Czech Republic,CZ,00,49.928333,18.071111,418,3062111,3077311
ZBF,Bathurst,Bathurst,Canada,CA,011,47.6,-65.65,906,0,6251999
ZBK,Zabljak,Zabljak,Yugoslavia,YU,00,43.116667,19.233333,497,0,0
ZBL,Biloela,Biloela,Australia,AU,0011,-24.4,150.5,802,2175819,2077456
ZBM,Bromont,Bromont,Canada,CA,011,45.297222,-72.747222,906,5909403,6251999
ZBN,Bus Station,Bozen,Italy,IT,00,46.716667,11.5,450,3181913,3175395
ZBO,Bowen,Bowen,Australia,AU,0011,-20.016667,148.216667,802,2174444,2077456
ZBP,Baltimore Rail,Baltimore,United States,US,011,4.666667,-74.516667,67,4505716,6252001
ZBR,Chah-Bahar,Chah-Bahar,Iran,IR,00,25.3,60.616667,632,0,130758
ZBY,Sayaboury,Sayaboury,Laos,LA,00,19.25,101.7,744,0,1655842
ZBZ,Xin Hui Ferry,Xin Hui,China,CN,00,44.018333,114.955556,713,0,1814991
ZCA,Tai Shan,Tai Shan,China,CN,00,36.5,117.333333,713,0,1814991
ZCD,Breitenau AAF,Bamberg,Germany,DE,00,49.920556,10.914167,429,2952984,2921044
ZCL,La Calera,Zacatecas,Mexico,MX,00,22.783333,-102.583333,148,3979844,3996063
ZCO,Maquehue,Temuco,Chile,CL,00,-38.766944,-72.637222,324,3870011,3895114
ZCU,She Kou Ferry,She Kou,China,CN,00,22.466667,114.433333,713,0,1814991
ZDM,Ramallah Heliport,Ramallah,Palestine,PS,00,32.271944,35.019444,0,282239,6254930
ZDU,ScotRail,Dundee,United Kingdom,GB,00,56.5,-2.966667,493,2650752,2635167
ZEC,Secunda,Secunda,South Africa,ZA,00,-26.533333,29.166667,562,956767,953987
ZEF,Nanhai Ferry,Nanhai,China,CN,00,39.966667,119.783333,713,0,1814991
ZEG,Senggo,Senggo,Indonesia,ID,001,-5.983333,139.366667,832,0,1643084
ZEL,Bella Bella,Bella Bella,Canada,CA,011,52.166667,-128.1,906,0,6251999
ZEM,East Main,East Main,Canada,CA,011,52.25,-78.516667,906,0,6251999
ZEN,Zenag,Zenag,Papua New Guinea,PG,05,-6.95,146.616667,804,0,2088628
ZER,Zero,Zero,India,IN,00,27.566667,93.833333,733,1252668,1269750
ZFA,Faro,Faro,Canada,CA,011,62.166667,-133.666667,906,0,6251999
ZFB,Old Fort Bay,Old Fort Bay,Canada,CA,011,51.583333,-57.916667,906,0,6251999
ZFC,Bus Station,Bradford,United Kingdom,GB,00,51,-3.183333,493,2654993,2635167
ZFD,Fond Du Lac,Fond Du Lac,Canada,CA,011,59.333333,-107.166667,906,0,6251999
ZFJ,Rennes,Rennes,France,FR,00,48.15,4.85,427,2983990,3017382
ZFL,South Trout Lake,South Trout Lake,Canada,CA,011,52.833333,-93.666667,906,0,6251999
ZFM,Fort Mcpherson,Fort Mcpherson,Canada,CA,011,67.433333,-134.883333,906,5955898,6251999
ZFN,Tulita,Tulita/Fort Norman,Canada,CA,011,64.9,-125.583333,906,0,6251999
ZFQ,Gare de Bordeaux,Bordeaux,France,FR,00,48.683333,1.1,427,3031582,3017382
ZFR,Frankfurt/Oder Railway,Frankfurt/Oder,Germany,DE,00,48.35,13.116667,429,0,2921044
ZFU,Aruja,Aruja,Brazil,BR,0014,-23.4,-46.333333,316,3471393,3469034
ZFW,Fairview,Fairview,Canada,CA,011,56.066667,-118.383333,906,5951036,6251999
ZFZ,Buffalo Depew Rr,Buffalo,United States,US,011,50.8,-1.683333,67,5819881,6252001
ZGA,Gera Railway,Gera,Germany,DE,00,12.566667,36.15,429,2921232,2921044
ZGC,Zhongchuan,Lanzhou,China,CN,00,36.016667,103.716667,713,1804430,1814991
ZGD,New London Rail,Groton,United States,US,011,-8.735278,125.352222,67,5281020,6252001
ZGE,Goerlitz Railway,Goerlitz,Germany,DE,00,51.166667,15,429,2918987,2921044
ZGF,Grand Forks,Grand Forks,Canada,CA,011,49.033333,-118.466667,906,5964401,6251999
ZGI,Gods River,Gods River,Canada,CA,011,54.683333,-94.166667,906,0,6251999
ZGL,South Galway,South Galway,Australia,AU,0011,-25.683333,142.116667,802,0,2077456
ZGM,Ngoma,Ngoma,Zambia,ZM,00,-15.966667,25.95,597,0,895949
ZGN,Zhongshan Ferry Port,Zhongshan,China,CN,00,22.516667,113.366667,713,1795060,1814991
ZGO,Gotha Railway,Gotha,Germany,DE,00,51.416667,12.6,429,2918752,2921044
ZGR,Little Grand Rapids,Little Grand Rapids,Canada,CA,011,52.066667,-95.466667,906,0,6251999
ZGS,Gethsemani,Gethsemani,Canada,CA,011,50.333333,-60.666667,906,0,6251999
ZGU,Gaua,Gaua,Vanuatu,VU,00,-14.833333,167.666667,885,0,2134431
ZGW,Greifswald Railway,Greifswald,Germany,DE,00,54.085,13.418056,429,2917788,2921044
ZGY,Kuching Port,Kuching,Malaysia,MY,00,5.966667,100.55,749,1735634,1733045
ZHA,Zhanjiang,Zhanjiang,China,CN,00,21.266667,110.466667,713,1784990,1814991
ZHC,N Philadelphia Rail St,Philadelphia,United States,US,011,29.483333,31.066667,67,5131095,6252001
ZHM,Shamshernagar,Shamshernagar,Bangladesh,BD,00,24.398611,91.921111,703,0,1210997
ZHP,High Prairie,High Prairie,Canada,CA,011,55.433333,-116.483333,906,5975034,6251999
ZHZ,Halle Railway,Halle,Germany,DE,00,62.216667,5.566667,429,2911522,2921044
ZIC,Victoria,Victoria,Chile,CL,00,-38.216667,-72.333333,324,3868326,3895114
ZIE,Harbour,Vulcano,Italy,IT,00,38.4,14.966667,450,0,3175395
ZIF,Fallowfield Railway,Ottawa,Canada,CA,011,45.416667,-75.7,906,6094817,6251999
ZIG,Ziguinchor,Ziguinchor,Senegal,SN,00,12.55,-16.283333,569,2243940,2245662
ZIH,Internacional,Ixtapa/Zihuatanejo,Mexico,MX,00,17.633333,-101.55,148,4004294,3996063
ZIP,Harbour,Lipari,Italy,IT,00,38.466667,14.95,450,2524379,3175395
ZIQ,Harbour,Salina,Italy,IT,00,39.733333,16.116667,450,0,3175395
ZIU,Railway,Aachen,Germany,DE,00,50.770833,6.105278,429,3247449,2921044
ZIV,ScotRail,Inverness,United Kingdom,GB,00,57.083333,-4.666667,493,2646088,2635167
ZIY,Lianhuashan Port,Lianhuashan,China,CN,00,23.216667,113.433333,713,0,1814991
ZJB,Kuantan Port,Kuantan,Malaysia,MY,00,3.97,103.438889,749,1735227,1733045
ZJE,Harbour,Panarea,Italy,IT,00,38.633333,15.066667,450,0,3175395
ZJG,Jenpeg,Jenpeg,Canada,CA,011,54.6,-97.666667,906,0,6251999
ZJJ,Harbour,Procida,Italy,IT,00,40.766667,14.033333,450,3169807,3175395
ZJK,Off Line Point,Chek Lap Kok,Hong Kong,HK,001,22.3,113.933333,729,0,1819730
ZJN,Swan River,Swan River,Canada,CA,011,57.466667,-1.716667,906,6160362,6251999
ZJR,Penang Port,Penang,Malaysia,MY,00,5.4,100.233333,749,1735106,1733045
ZJS,Jena Railway,Jena,Germany,DE,00,45.6,22.066667,429,2895044,2921044
ZJT,Tanjung Pelepas Port,Tanjung Pelepas,Malaysia,MY,00,1.583333,110.483333,749,0,1733045
ZJX,Harbour,Stromboli,Italy,IT,00,38.783333,15.216667,450,0,3175395
ZJY,Harbour,Ponza,Italy,IT,00,40.9,12.966667,450,3170189,3175395
ZKB,Kasaba Bay,Kasaba Bay,Zambia,ZM,00,-8.516667,30.666667,597,0,895949
ZKE,Kaschechewan,Kaschechewan,Canada,CA,011,52.281944,-81.678333,906,0,6251999
ZKG,Kegaska,Kegaska,Canada,CA,011,50.188889,-61.291667,906,0,6251999
ZKL,Steenkool,Steenkool,Indonesia,ID,001,-2.102778,133.516667,832,0,1643084
ZKM,Sette Cama,Sette Cama,Gabon,GA,00,-2.533333,9.766667,526,0,2400553
ZKP,Kasompe,Kasompe,Zambia,ZM,00,-12.566667,27.9,597,0,895949
ZLG,El Gouera,El Gouera,Mauritania,MR,00,20.85,-17.083333,545,0,2378080
ZLO,Manzanillo,Manzanillo,Mexico,MX,00,19.116667,-104.333333,52,3996663,3996063
ZLT,La Tabatiere,La Tabatiere,Canada,CA,011,51,-59,906,0,6251999
ZLW,Pasir Gudang Port,Pasir Gudang,Malaysia,MY,00,5.95,102.083333,749,0,1733045
ZMD,Sena Madureira,Sena Madureira,Brazil,BR,0014,-9.066667,-68.666667,316,3662155,3469034
ZME,Metropark Rail,Newark,United States,US,011,40.919444,74.169444,67,5376803,6252001
ZMF,Beverello Harbor,Naples,Italy,IT,00,19.616667,-71.883333,450,3172394,3175395
ZMH,108 Mile Ranch,108 Mile Ranch,Canada,CA,011,51.736667,-121.333611,906,0,6251999
ZMJ,Mergellina Harbour,Naples,Italy,IT,00,19.616667,-71.883333,450,3172394,3175395
ZMK,Bintulu Port,Bintulu,Malaysia,MY,00,3.166667,113.033333,749,1737486,1733045
ZML,Milwaukee General Mitchell,Milwaukee ,United States,US,011,32.466667,171.916667,67,5263045,6252001
ZMM,Zamora,Zamora,Mexico,MX,00,19.983333,-102.266667,148,3979802,3996063
ZMO,Bus Station,Modena,Italy,IT,00,44.5,10.9,450,3173331,3175395
ZMP,Manchester Bus Stn.,Manchester,United Kingdom,GB,00,50,-1,493,2643123,2635167
ZMR,Bus Station,Meran,Italy,IT,00,45.7,7.666667,450,3173577,3175395
ZMT,Masset,Masset,Canada,CA,011,54.016667,-132.166667,906,0,6251999
ZMY,Harbour,Huangpu,China,CN,00,30.55,116.433333,713,1807301,1814991
ZNA,Harbour,Nanaimo,Canada,CA,011,49.15,-1.916667,906,6085772,6251999
ZNC,Nyac,Nyac,United States,US,011,60.983333,-159.983333,67,0,6252001
ZND,Zinder,Zinder,Niger,NE,00,13.783333,8.983333,554,2437798,2440476
ZNE,Newman,Newman,Australia,AU,0011,-23.416667,119.933333,802,0,2077456
ZNG,Negginan,Negginan,Canada,CA,011,53,-97.266667,906,0,6251999
ZNU,Namu,Namu  BC,Canada,CA,011,51.85,-127.866667,906,0,6251999
ZNZ,Kisauni,Zanzibar,Tanzania,TZ,000,-6.216667,39.216667,585,148730,149590
ZOF,Ocean Falls,Ocean Falls,Canada,CA,011,52.283333,-127.766667,906,0,6251999
ZOS,Canal Balo,Osorno,Chile,CL,00,-40.6,-73.033333,324,3877949,3895114
ZPB,Sachigo Lake,Sachigo Lake,Canada,CA,011,53.816667,-92.133333,906,0,6251999
ZPC,Pucon,Pucon,Chile,CL,00,-39.283333,-71.933333,324,0,3895114
ZPH,Zephyrhills,Zephyrhills,United States,US,011,28.233333,-82.166667,67,4178941,6252001
ZPO,Pine House,Pine House,Canada,CA,011,55.516667,-106.6,906,0,6251999
ZQN,Queenstown,Queenstown,New Zealand,NZ,00,-45.021111,168.739167,851,0,2186224
ZQS,Queen Charlotte Is,Queen Charlotte Is,Canada,CA,011,53,-132,906,0,6251999
ZRC,Bus Station,San Pedro de Alcantara,Spain,ES,00,-32.816667,-70.666667,482,0,2510769
ZRD,Richmond VA Rail,Richmond,United States,US,011,48.166667,-65.833333,67,5780388,6252001
ZRF,Park & Ride Bus Svc,Rockford,United States,US,011,-32.85,24.166667,67,5168451,6252001
ZRH,ZǬrich-Kloten,Zurich,Switzerland,CH,00,47.464722,8.549167,486,2657896,2658434
ZRI,Serui,Serui,Indonesia,ID,001,-1.416667,136.233333,832,0,1643084
ZRJ,Round Lake,Round Lake,Canada,CA,011,52.95,-91.316667,906,0,6251999
ZRK,VanGalder Bus Termina,Rockford,United States,US,011,-32.85,24.166667,67,5168451,6252001
ZRL,Lancaster PA Rail,Lancaster,United States,US,011,40.066667,38.766667,67,5364940,6252001
ZRM,Sarmi,Sarmi,Indonesia,ID,001,-1.883333,138.766667,832,0,1643084
ZRP,Pennsylvania Railroad Station,Newark,United States,US,011,40.733333,-74.166667,67,5376803,6252001
ZRR,Harbour,Fiumicino,Canada,CA,011,67.45,-133.75,906,0,6251999
ZRV,Providence Rail,Providence,United States,US,011,4.616667,-54.4,67,5780020,6252001
ZRZ,New Carrolton RR,Washington,United States,US,011,49,-72.5,67,5549222,6252001
ZSA,San Salvador,San Salvador,Bahamas,BS,011,24.059722,-74.533056,204,0,3572887
ZSE,St Pierre dela Reunion,St Pierre dela Reunion,Reunion,RE,00,-21.333333,55.483333,563,0,935317
ZSF,Springfield MA RR,Springfield,United States,US,011,44.633333,-64.85,67,5754005,6252001
ZSH,Bus Station,Santa Fe,United States,US,011,1.366667,-77.033333,67,5490263,6252001
ZSJ,Sandy Lake,Sandy Lake,Canada,CA,011,53.066667,-93.333333,906,0,6251999
ZSL,Bus Station,Sligo,Ireland,IE,00,-18.233333,30.816667,441,2961423,2963597
ZSP,St Paul,St Paul,Canada,CA,011,47.75,-69.416667,906,0,6251999
ZSS,Sassandra,Sassandra,Cote DIvoire,CI,00,4.933333,-6.133333,533,2281951,2287781
ZST,Stewart,Stewart,Canada,CA,011,55.95,-129.983333,906,0,6251999
ZSU,Dessau Railway Stn.,Dessau,Germany,DE,00,56.966667,-5.333333,429,2937959,2921044
ZSW,Seal Cove,Prince Rupert,Canada,CA,011,54.286111,-130.45,906,6113406,6251999
ZSZ,Railway Station,Swakopmund,Namibia,NA,00,-22.666667,14.566667,575,3352844,3355338
ZTA,Tureira,Tureira,French Polynesia,PF,00,41.3,-6.466667,823,0,4020092
ZTB,Tete-a-La Baleine,Tete-a-La Baleine,Canada,CA,011,50.7,-59.333333,906,0,6251999
ZTD,Schenectady Rail,Schenectady,United States,US,011,50.35,21.383333,67,5136454,6252001
ZTE,Rochester NY Rail,Rochester,United States,US,011,49.916667,-0.966667,67,5808524,6252001
ZTF,Stamford Rail STN,Westchester County,United States,US,011,21.65,-72.466667,67,0,6252001
ZTH,Zakinthos International Airport,Zakinthos,Greece,GR,00,37.750278,20.883611,433,251280,390903
ZTI,Humen Port,Humen,China,CN,00,22.826667,113.671667,713,1806696,1814991
ZTJ,Princeton JT Rail,Princeton,United States,US,011,48.416667,-53.6,67,5268096,6252001
ZTL,Bus Station,Telluride,United States,US,011,42.095278,8.709722,67,5441199,6252001
ZTM,Shamattawa,Shamattawa,Canada,CA,011,55.866667,-92.083333,906,0,6251999
ZTN,Trenton Rail STN,Philadelphia,United States,US,011,29.483333,31.066667,67,5131095,6252001
ZTR,Zhitomir Airport,Zhitomir,Ukraine,UA,8-10,50.273056,28.735556,488,686967,690791
ZTT,Cottbus Railway Stn.,Cottbus,Germany,DE,00,51.778889,14.364444,429,2939811,2921044
ZTZ,Chemnitz Railway Stn.,Chemnitz,Germany,DE,00,53.583333,13.15,429,2940132,2921044
ZUA,Utica NNY Rail,Utica,United States,US,011,37.066667,10.066667,67,5174913,6252001
ZUC,Ignace,Ignace,Canada,CA,011,49.5,-91.833333,906,0,6251999
ZUD,Ancud,Ancud,Chile,CL,00,-41.9,-73.8,324,3899695,3895114
ZUE,Zuenoula,Zuenoula,Cote DIvoire,CI,00,7.433333,-6.05,533,2279172,2287781
ZUG,Harrisburg Rail,Harrisburg,United States,US,011,34.251389,36.009722,67,5730389,6252001
ZUL,Zilfi,Zilfi,Saudi Arabia,SA,00,26.3,44.816667,670,107781,102358
ZUM,Churchill Falls,Churchill Falls,Canada,CA,011,53.566667,-64.116667,906,0,6251999
ZVA,Miandrivazo,Miandrivazo,Madagascar,MG,00,-19.55,45.45,541,1059051,1062947
ZVE,New Haven Rail,New Haven,United States,US,011,6.083333,-58.133333,67,5003384,6252001
ZVG,Springvale,Springvale,Australia,AU,0011,-17.8,127.633333,802,0,2077456
ZVK,Savannakhet,Savannakhet,Laos,LA,00,16.533333,104.75,744,1653316,1655842
ZVM,Messe-BF Railway Servi,Hanover,Germany,DE,00,49.466667,-96.833333,429,2910831,2921044
ZVR,Hanover Railway,Hanover,Germany,DE,00,49.466667,-96.833333,429,2910831,2921044
ZWA,Andapa,Andapa,Madagascar,MG,00,-14.65,49.616667,541,1076454,1062947
ZWB,Williamsburg Rail,Hampton,United States,US,011,52.166667,-2.016667,67,5098787,6252001
ZWH,Railway Station,Windhoek,Namibia,NA,00,-22.5,17,575,3352136,3355338
ZWI,Wilmington Rail,Wilmington,United States,US,011,-32.65,138.1,67,4955840,6252001
ZWL,Wollaston Lake,Wollaston Lake,Canada,CA,011,58.116667,-103.158333,906,0,6251999
ZWR,Kota Kinabalu Port,Kota Kinabalu,Malaysia,MY,00,5.983333,116.066667,749,1733432,1733045
ZWW,Newport News Rail,Hampton,United States,US,011,52.166667,-2.016667,67,5098787,6252001
ZXP,ScotRail,Perth,United Kingdom,GB,00,56.4,-3.433333,493,2640358,2635167
ZXS,Exchangest Railway Svc,Buffalo,United States,US,011,42.878333,-78.875278,67,5819881,6252001
ZXT,Heydar Aliyev,Baku,Azerbaijan,AZ,00,40.45,50.066667,407,587084,587116
ZYD,Lisbon TP,Lisbon,Portugal,PT,00,39,-9.133333,351,2267057,2264397
ZYF,Faro TP,Faro,Portugal,PT,00,9.383333,38.033333,469,2268339,2264397
ZYH,Holland Spoor Rail Station,The Hague,Netherlands,NL,00,52.083333,4.3,461,2747373,2750405
ZYI,Zunyi,Zunyi,China,CN,00,27.666667,106.833333,713,1783621,1814991
ZYK,Shekou Port,Shekou,China,CN,00,30.7,114.35,713,0,1814991
ZYL,Osmani International,Sylhet,Bangladesh,BD,00,24.95,91.866667,703,1185099,1210997
ZYZ,Berchem Railway Stn.,Antwerp,Belgium,BE,00,51.216667,4.416667,409,2803138,2802361
ZZU,Mzuzu,Mzuzu,Malawi,MW,00,-11.45,34.016667,542,0,927384
ZZV,Zanesville,Zanesville,United States,US,011,39.95,-81.883333,67,4528923,6252001
