City Code,Airport Name,City Name,Country,Ctry Code,IDD-Intl Dial,Latitude,Longitude,Area Code,CityGeoID,CtryGeoID
GAA,Guamal,Guamal,Colombia,CO,005,9.15,-74.233333,327,3681605,3686121
GAB,Gabbs,Gabbs,United States,US,011,38.866667,-117.916667,67,0,6252001
GAC,Gracias,Gracias,Honduras,HN,00,14.5,-88.533333,131,3609586,3608932
GAD,Municipal,Gadsden,United States,US,011,33.966667,-86.083333,67,5550161,6252001
GAE,Gabes,Gabes,Tunisia,TN,00,33.836111,10,588,2468369,2464461
GAF,Gafsa,Gafsa,Tunisia,TN,00,34.416667,8.816667,588,2468353,2464461
GAG,Gage,Gage,United States,US,011,36.316667,-99.75,67,0,6252001
GAH,Gayndah,Gayndah,Australia,AU,0011,-25.616667,151.616667,802,0,2077456
GAI,Montgomery County,Gaithersburg,United States,US,011,39.168333,-77.166111,67,4355843,6252001
GAJ,Junmachi,Yamagata,Japan,JP,001,38.4,140.366667,736,2110556,1861060
GAK,Gakona,Gakona,United States,US,011,62.3,-145.3,67,0,6252001
GAL,Galena,Galena,United States,US,011,64.716667,-156.933333,67,4893384,6252001
GAM,Gambell,Gambell,United States,US,011,63.766667,-171.75,67,0,6252001
GAN,Gan Airport,Gan Island,Maldives,MV,00,0.693333,73.155556,750,0,1282028
GAO,Los Canos,Guantanamo,Cuba,CU,119,20.084722,-75.158611,219,3557689,3562981
GAP,Gusap,Gusap,Papua New Guinea,PG,05,-6.05,145.966667,804,0,2088628
GAR,Garaina,Garaina,Papua New Guinea,PG,05,-7.866667,147.133333,804,0,2088628
GAS,Garissa,Garissa,Kenya,KE,000,-0.463611,39.648333,535,197745,192950
GAT,Tallard,Gap,France,FR,00,44.458333,6.025,427,3016702,3017382
GAU,Borjhar,Gawahati,India,IN,00,26.106111,91.585833,733,0,1269750
GAV,Gag Island,Gag Island,Indonesia,ID,001,-0.45,130.883333,832,0,1643084
GAW,Gangaw,Gangaw,Myanmar,MM,00,22.166667,94.133333,706,0,1327865
GAX,Gamba,Gamba,Gabon,GA,00,-2.766667,9.983333,526,2400547,2400553
GAY,Gaya,Gaya,India,IN,00,24.75,84.95,733,1271439,1269750
GAZ,Guasopa,Guasopa,Papua New Guinea,PG,05,-9.233333,152.95,804,0,2088628
GBA,Big Bay,Big Bay,Vanuatu,VU,00,-16.05,167.35,885,0,2134431
GBB,Gara Djebilet,Gara Djebilet,Algeria,DZ,00,26.15,-7.35,500,0,2589581
GBC,Gasuke,Gasuke,Papua New Guinea,PG,05,-6.1,141.733333,804,0,2088628
GBD,Great Bend,Great Bend,United States,US,011,38.35,-98.866667,67,4272340,6252001
GBE,Sir Seretse Khama International,Gaborone,Botswana,BW,00,-24.555278,25.918333,510,933773,933860
GBF,Negarbo,Negarbo,Papua New Guinea,PG,05,-6.583333,144.666667,804,0,2088628
GBG,Galesburg,Galesburg,United States,US,011,40.933333,-90.433333,67,4993609,6252001
GBH,Galbraith Lake,Galbraith Lake,United States,US,011,68.466667,-149.483333,67,0,6252001
GBI,Auxiliary Airfield,Grand Bahama,Bahamas,BS,011,26.631944,-78.359167,204,0,3572887
GBJ,Les Bases,Marie Galante,Guadeloupe,GP,00,15.366667,-61.266667,235,0,3579143
GBK,Gbangbatok,Gbangbatok,Sierra Leone,SL,00,7.800278,-12.366667,571,0,2403846
GBL,Goulburn Island,Goulburn Island,Australia,AU,0011,-11.666667,133.416667,802,0,2077456
GBM,Garbaharey,Garbaharey,Somalia,SO,00,3.333333,42.183333,573,0,51537
GBN,San Giovanni Rotondo,San Giovanni Rotondo,Italy,IT,00,41.7,15.733333,450,3168234,3175395
GBO,Baltimore Greenbelt T,Baltimore,United States,US,011,39.186111,-76.683333,67,4505716,6252001
GBP,Gamboola,Gamboola,Australia,AU,0011,-16.55,143.666667,802,0,2077456
GBQ,Muharraq,Muharraq,Bahrain,BH,00,26.257222,50.611944,605,290332,290291
GBR,Walter J. Koladza Airport,Great Barrington,United States,US,011,42.184167,-73.403333,67,4938157,6252001
GBS,Port Fitzroy,Port Fitzroy,New Zealand,NZ,00,-36.183333,175.333333,851,0,2186224
GBT,Gorgan,Gorgan,Iran,IR,00,36.909444,54.401389,632,132892,130758
GBU,Khashm El Girba,Khashm El Girba,Sudan,SD,00,14.926389,35.888889,583,0,366755
GBV,Gibb River,Gibb River,Australia,AU,0011,-16.333333,126.366667,802,0,2077456
GBZ,Great Barrier Island,Great Barrier Island,New Zealand,NZ,00,-36.166667,175.333333,851,0,2186224
GCA,Guacamaya,Guacamaya,Colombia,CO,005,2.283333,-74.95,327,0,3686121
GCC,Campbell County,Gillette,United States,US,011,44.35,-105.533333,67,5826027,6252001
GCI,Guernsey,Guernsey,United Kingdom,GB,00,49.433333,-2.6,493,0,2635167
GCJ,Grand Central,Johannesburg,South Africa,ZA,00,-25.986389,28.14,562,993800,953987
GCK,Garden City Municipal Airport,Garden City  KS,United States,US,011,37.933333,-100.733333,67,5593814,6252001
GCM,Owen Roberts International,Georgetown,Cayman Islands,KY,011,19.292778,-81.357778,233,3580661,3580718
GCN,National Park,Grand Canyon,United States,US,011,35.95,-112.15,67,0,6252001
GCV,Gravatai,Gravatai,Brazil,BR,0014,-29.95,-50.983333,316,3462089,3469034
GCY,Municipal,Greenville,United States,US,011,36.183333,-82.816667,67,5564488,6252001
GDA,Gounda,Gounda,Central African Republic,CF,00,9.333333,21.183333,509,0,239880
GDD,Gordon Downs,Gordon Downs,Australia,AU,0011,-18.833333,128.533333,802,0,2077456
GDE,Gode/Iddidole,Gode/Iddidole,Ethiopia,ET,00,5.9,43.633333,522,0,337996
GDG,Magdagachi,Magdagachi,Russian Federation,RU,8-10,53.466667,125.8,770,2020591,2017370
GDH,Golden Horn Lodge SPB,Golden Horn Lodge  Alaska,United States,US,011,59.746944,-158.874722,67,0,6252001
GDI,Gordil,Gordil,Central African Republic,CF,00,9.733333,21.583333,509,0,239880
GDJ,Gandajika,Gandajika,Zaire,ZR,00,-6.733333,23.95,517,0,0
GDL,Don Miguel Hidalgo y Costilla International,Guadalajara,Mexico,MX,00,21.454722,-103.301111,148,4005539,3996063
GDM,Municipal,Gardner,United States,US,011,42.566667,-72,67,4937557,6252001
GDN,Lech Walesa,Gdansk,Poland,PL,0-0,54.3775,18.466111,467,3099434,798544
GDO,Vare Maria,Guasdualito,Venezuela,VE,00,7.233333,-70.8,388,3804949,3625428
GDP,Guadalupe,Guadalupe,Brazil,BR,0014,-6.781944,-43.581667,316,0,3469034
GDQ,Gondar,Gondar,Ethiopia,ET,00,12.516667,37.416667,522,336014,337996
GDT,Grand Turk Is,Grand Turk Is,Turks and Caicos Islands,TC,011,21.566667,-71.166667,281,0,3576916
GDV,Dawson Community,Glendive,United States,US,011,47.133333,-104.683333,67,5654391,6252001
GDW,Gladwin,Gladwin,United States,US,011,43.983333,-84.483333,67,4993985,6252001
GDX,Magadan,Magadan,Russian Federation,RU,8-10,59.916667,150.716667,770,2123628,2017370
GDZ,Gelendzik,Gelendzik,Russian Federation,RU,8-10,44.566667,38.016667,770,0,2017370
GEA,Magenta,Noumea,New Caledonia,NC,00,-22.266667,166.466667,846,2139521,2139685
GEB,Gebe,Gebe,Indonesia,ID,001,-0.083333,129.333333,832,0,1643084
GEC,Gecitkale,Gecitkale,Cyprus,CY,00,35.237222,33.720278,611,146445,146669
GED,Sussex County,Georgetown,United States,US,011,38.683333,-75.366667,67,5422889,6252001
GEE,George Town,George Town,Tasmania,AU,0011,-41.079167,146.838889,802,0,2147291
GEF,Geva Airstrip,Geva,Solomon Islands,SB,00,6.2,19.183333,874,0,2103350
GEG,Spokane International,Spokane,United States,US,011,47.619722,-117.533889,67,5811696,6252001
GEI,Green Islands,Green Islands,Papua New Guinea,PG,05,-4.5,154.166667,804,0,2088628
GEK,Ganes Creek,Ganes Creek,United States,US,011,62.983333,-156.5,67,0,6252001
GEL,Sepe Tiaraju,Santo Angelo,Brazil,BR,0014,-28.266667,-54.266667,316,3449696,3469034
GEN,Oslo - Gardermoen Airport,Oslo,Norway,NO,00,60.2,11.083333,465,3143244,3144096
GEO,Cheddi Jagan International,Georgetown,Guyana,GY,001,6.498611,-58.254167,350,3378644,3378535
GER,Rafael Cabrera,Nueva Gerona,Cuba,CU,119,21.916667,-82.75,219,3545867,3562981
GES,General Santos International,General Santos,Philippines,PH,00,6.106389,125.235278,766,0,1694008
GET,Geraldton,Geraldton,Australia,AU,0011,-28.783333,114.7,802,2162683,2077456
GEV,Gallivare,Gallivare,Sweden,SE,00,67,20.833333,484,0,2661886
GEW,Gewoia,Gewoia,Papua New Guinea,PG,05,-9.3,148.466667,804,0,2088628
GEX,Geelong,Geelong,Australia,AU,0011,-38.133333,144.35,802,0,2077456
GEY,South Big Horn County,Greybull,United States,US,011,44.516667,-108.083333,67,5826603,6252001
GFA,Malmstrom AFB,Great Falls,United States,US,011,27.083333,-77,67,5655240,6252001
GFB,Togiak Fish,Togiak Fish,United States,US,011,-0.333333,122,67,0,6252001
GFD,Pope Field,Greenfield,United States,US,011,6.716667,-57.95,67,5354172,6252001
GFE,Grenfell,Grenfell,Australia,AU,0011,-33.9,148.166667,802,0,2077456
GFF,Griffith,Griffith,Australia,AU,0011,-34.25,146.066667,802,2164422,2077456
GFK,Grand Forks,Grand Forks,United States,US,011,47.95,-97.183333,67,5059429,6252001
GFL,Warren County,Glens Falls,United States,US,011,43.35,-73.616667,67,5118693,6252001
GFN,Grafton,Grafton,Australia,AU,0011,-29.666667,153,802,0,2077456
GFO,Bartica,Bartica,Guyana,GY,001,6.416667,-58.583333,350,3379507,3378535
GFR,Granville,Granville,France,FR,00,48.882778,-1.563889,427,3014867,3017382
GFY,Grootfontein,Grootfontein,Namibia,NA,00,-19.6,18.133333,575,3357114,3355338
GGC,Lumbala,Lumbala,Angola,AO,00,-14.116667,21.433333,502,0,3351879
GGD,Gregory Downs,Gregory Downs,Australia,AU,0011,-18.7,139.25,802,0,2077456
GGE,Georgetown,Georgetown,United States,US,011,33.316667,-79.316667,67,5422889,6252001
GGG,Kilgore,Kilgore,United States,US,011,32.383333,-94.716667,67,4703199,6252001
GGL,Gilgal,Gilgal,Colombia,CO,005,8.333333,-77.083333,327,0,3686121
GGN,Gagnoa,Gagnoa,Cote DIvoire,CI,00,6.133333,-5.933333,533,2288829,2287781
GGO,Guiglo,Guiglo,Cote DIvoire,CI,00,6.55,-7.483333,533,2287958,2287781
GGR,Garoe,Garoe,Somalia,SO,00,8.416667,48.483333,573,0,51537
GGS,Gobernador Gregores,Gobernador Gregores,Argentina,AR,00,-48.766667,-70.2,303,0,3865483
GGT,Exuma International,George Town,Bahamas,BS,011,23.55,-75.883333,204,0,3572887
GGW,International,Glasgow,United States,US,011,48.216667,-106.616667,67,5654320,6252001
GHA,Noumerate,Ghardaia,Algeria,DZ,00,32.383333,3.816667,500,0,2589581
GHB,Governors Harbour,Governors Harbour,Bahamas,BS,011,25.283333,-76.333333,204,0,3572887
GHC,Great Harbour,Great Harbour,Bahamas,BS,011,25.750278,-77.85,204,0,3572887
GHD,Ghimbi,Ghimbi,Ethiopia,ET,00,9.166667,35.833333,522,336496,337996
GHE,Garachine,Garachine,Panama,PA,00,8.083333,-78.333333,162,3709361,3703433
GHF,Giebelstadt,Giebelstadt,Germany,DE,00,49.266667,7.516667,429,2920652,2921044
GHK,Gush Katif,Gush Katif,Israel,IL,00,31.083333,35.3,636,0,294640
GHM,Municipal,Centerville,United States,US,011,35.783333,-87.466667,67,5772654,6252001
GHN,Guanghan,Guanghan,China,CN,00,30.466667,106.65,713,0,1814991
GHT,Ghat,Ghat,Libya,LY,00,24.966667,10.166667,538,2217351,2215636
GHU,Gualeguaychu,Gualeguaychu,Argentina,AR,00,-33.016667,-58.583333,303,3433658,3865483
GIB,North Front,Gibraltar,Gibraltar,GI,00,36.15,-5.35,431,2411585,2411586
GIC,Boigu Island,Boigu Island,Australia,AU,0011,-9.266667,142.2,802,0,2077456
GID,Gitega,Gitega,Burundi,BI,00,-3.416667,29.916667,503,426272,433561
GIF,Gilbert Field,Winter Haven,United States,US,011,28.066667,-81.75,67,4178552,6252001
GIG,Galeǜo�??antonio Carlos Jobim International Airport,Rio De Janeiro,Brazil,BR,0014,-22.808889,-43.243611,316,3451190,3469034
GII,Siguiri,Siguiri,Guinea,GN,00,11.4,-9.183333,531,2415703,2420477
GIL,Gilgit,Gilgit,Pakistan,PK,00,35.916667,74.383333,764,1178338,1168579
GIM,Miele Mimbale,Miele Mimbale,Gabon,GA,00,-0.016667,11.4,526,0,2400553
GIR,Girardot,Girardot,Colombia,CO,005,4.283333,-74.8,327,3682028,3686121
GIS,Gisborne,Gisborne,New Zealand,NZ,00,-38.666667,177.983333,851,2206854,2186224
GIT,Geita,Geita,Tanzania,TZ,000,-2.866667,32.166667,585,0,149590
GIU,Sigiriya Slaf Base,Sigiriya,Sri Lanka,LK,00,7.95,80.75,711,1228051,1227603
GIZ,Jazan,Jazan,Saudi Arabia,SA,00,16.933611,42.566944,670,105299,102358
GJA,Guanaja,Guanaja,Honduras,HN,00,16.5,-85.925,131,3609293,3608932
GJL,Jijel,Jijel,Algeria,DZ,00,36.8,5.883333,500,0,2589581
GJM,Guajara-Mirim,Guajara-Mirim,Brazil,BR,0014,-10.833333,-65.333333,316,0,3469034
GJR,Gjogur,Gjogur,Iceland,IS,00,65.983333,-21.35,439,0,2629691
GJT,Walker Field,Grand Junction,United States,US,011,39.116667,-108.516667,67,5423573,6252001
GKA,Goroka,Goroka,Papua New Guinea,PG,05,-6.058333,145.388889,804,2096742,2088628
GKE,Geilenkirchen,Geilenkirchen,Germany,DE,00,50.95,6.116667,429,2921837,2921044
GKH,Gorkha,Gorkha,Nepal,NP,00,28,84.675,755,0,1282988
GKL,Great Keppel Island,Great Keppel Island,Australia,AU,0011,-23.183333,150.95,802,0,2077456
GKN,Gulkana,Gulkana,United States,US,011,62.166667,-145.466667,67,0,6252001
GKO,Kongoboumba,Kongoboumba,Gabon,GA,00,-0.083333,11.466667,526,0,2400553
GKT,Gatlinburg,Gatlinburg,United States,US,011,31.353611,-84.375,67,4624443,6252001
GLA,Glasgow International,Glasgow,United Kingdom,GB,00,55.871944,-4.433056,493,2648579,2635167
GLC,Geladi,Geladi,Ethiopia,ET,00,6.966667,46.416667,522,0,337996
GLD,Renner Field,Goodland,United States,US,011,39.366667,-101.7,67,5445479,6252001
GLE,Municipal,Gainesville,United States,US,011,45.4,2.9,67,4760363,6252001
GLF,Golfito,Golfito,Costa Rica,CR,00,8.666667,-83.083333,110,3623656,3624060
GLG,Glengyle,Glengyle,Australia,AU,0011,-24.766667,139.583333,802,0,2077456
GLH,Greenville,Greenville,United States,US,011,33.477222,-90.985,67,5564488,6252001
GLI,Glen Innes,Glen Innes,Australia,AU,0011,-29.683333,151.7,802,0,2077456
GLK,Galcaio,Galcaio,Somalia,SO,00,6.85,47.266667,573,59611,51537
GLL,Klanten Arpt,Gol,Norway,NO,00,60.783333,9.05,465,3155422,3144096
GLM,Glenormiston,Glenormiston,Australia,AU,0011,-22.283333,138.316667,802,0,2077456
GLN,Goulimime,Goulimime,Morocco,MA,00,29.016667,-10.066667,548,0,2542007
GLO,Gloucestershire,Gloucester,United Kingdom,GB,00,51.894167,-2.167222,493,2648404,2635167
GLP,Gulgubip,Gulgubip,Papua New Guinea,PG,05,-5.283333,141.516667,804,0,2088628
GLQ,Glennallen,Glennallen,United States,US,011,62.116667,-145.55,67,0,6252001
GLR,Otsego County,Gaylord,United States,US,011,45.016667,-84.7,67,5027765,6252001
GLS,Scholes Field,Galveston,United States,US,011,29.266667,-94.866667,67,4920577,6252001
GLT,Gladstone,Gladstone,Australia,AU,0011,-23.8,151.25,802,2165478,2077456
GLV,Golovin,Golovin,United States,US,011,64.55,-163.016667,67,0,6252001
GLW,Municipal,Glasgow,United States,US,011,37.033333,-85.95,67,5654320,6252001
GLX,Galela,Galela,Indonesia,ID,001,-2.183333,127.833333,832,0,1643084
GLY,Goldsworthy,Goldsworthy,Australia,AU,0011,-20.083333,119.666667,802,0,2077456
GLZ,Gilze-Rijen,Breda,Netherlands,NL,00,51.568056,4.933056,461,2758401,2750405
GMA,Gemena,Gemena,Zaire,ZR,00,3.266667,19.766667,517,0,0
GMB,Gambela,Gambela,Ethiopia,ET,00,8.283333,34.583333,522,337405,337996
GMC,Guerima,Guerima,Colombia,CO,005,3.633333,-71.166667,327,0,3686121
GME,Gomel,Gomel,Belarus,BY,8-10,52.416667,31,413,627907,630336
GMI,Gasmata Island,Gasmata Island,Papua New Guinea,PG,05,-6.3,150.333333,804,0,2088628
GMM,Gamboma,Gamboma,Congo,CG,00,-1.933333,15.866667,515,2259947,2260494
GMN,Greymouth,Greymouth,New Zealand,NZ,00,-42.461667,171.19,851,2206895,2186224
GMP,Gimpo International,Seoul,Korea,KR,00,37.558333,126.790556,778,1835848,1835841
GMR,Gambier Is,Gambier Is,French Polynesia,PF,00,-23.033333,-134.966667,823,0,4020092
GMS,Guimaraes,Guimaraes,Brazil,BR,0014,-2.133333,-44.6,316,0,3469034
GMT,Granite Mountain,Granite Mountain,United States,US,011,65.4,-161.283333,67,0,6252001
GMU,Greenville Downtown,Greenville,United States,US,011,34.848056,-82.35,67,5564488,6252001
GMV,Monument Valley,Monument Valley Gldngs,United States,US,011,-2.616667,152.016667,67,0,6252001
GMY,Rheindahlen,Rheindahlen,Germany,DE,00,51.15,6.366667,429,0,2921044
GMZ,La Gomera,San Sebas De La Gomera,Spain,ES,00,28.088333,-17.106667,482,0,2510769
GNA,Grodna,Grodna,Belarus,BY,8-10,53.666667,23.8,413,627904,630336
GNB,Grenoble-isere Airport,Grenoble,France,FR,00,45.363056,5.332778,427,3014728,3017382
GND,Point Salines International,St. Georges,Grenada,GD,011,12.004167,-61.786111,273,0,3580239
GNE,Ghent,Ghent,Belgium,BE,00,51.05,3.716667,409,2797656,2802361
GNG,Gooding,Gooding,United States,US,011,42.916667,-114.783333,67,5594307,6252001
GNI,Green Island,Green Island,Taiwan,TW,002,23.1,121.466667,781,0,1668284
GNM,Guanambi,Guanambi,Brazil,BR,0014,-14.216667,-42.783333,316,3461973,3469034
GNN,Ghinnir,Ghinnir,Ethiopia,ET,00,7.15,40.716667,522,336454,337996
GNR,General Roca,General Roca,Argentina,AR,00,-39.033333,-67.583333,303,3855065,3865483
GNS,Binaka,Gunungsitoli,Indonesia,ID,001,1.166389,97.704722,832,0,1643084
GNT,Milan,Grants,United States,US,011,35.15,-107.866667,67,5469841,6252001
GNU,Goodnews Bay,Goodnews Bay,United States,US,011,59.116667,-161.516667,67,0,6252001
GNV,Gainesville Regional,Gainesville,United States,US,011,29.683333,-82.266667,67,4760363,6252001
GNZ,Ghanzi,Ghanzi,Botswana,BW,00,-21.7,21.666667,510,0,933860
GOA,Cristoforo Colombo,Genova,Italy,IT,00,44.43,8.8375,450,3176219,3175395
GOB,Goba,Goba,Ethiopia,ET,00,7.133333,40.133333,522,336350,337996
GOC,Gora,Gora,Papua New Guinea,PG,05,-8.416667,147.666667,804,0,2088628
GOE,Gonalia,Gonalia,Papua New Guinea,PG,05,-5.383333,151.866667,804,0,2088628
GOF,Goodfellow AFB,San Angelo,United States,US,011,43.816667,12.8,67,5530022,6252001
GOG,Gobabis,Gobabis,Namibia,NA,00,-22.140278,19.072222,575,3357247,3355338
GOH,Nuuk,Nuuk,Greenland,GL,00,64.166667,-51.716667,975,3421319,3425505
GOI,Dabolim,Goa,India,IN,00,15.5,73.841667,733,1263494,1269750
GOJ,Nizhniy Novgorod,Nizhniy Novgorod,Russian Federation,RU,8-10,56.333333,44,770,520555,2017370
GOK,Guthrie,Guthrie,United States,US,011,35.883333,-97.416667,67,4538142,6252001
GOL,State,Gold Beach,United States,US,011,42.416667,-124.416667,67,5843997,6252001
GOM,Goma,Goma,Democratic Republic Of Congo,CD,00,-1.670833,29.238333,517,216281,0
GON,New London,New London,United States,US,011,41.333333,-72.05,67,5264455,6252001
GOO,Goondiwindi,Goondiwindi,Australia,AU,0011,-28.521389,150.320278,802,0,2077456
GOP,Gorakhpur,Gorakhpur,India,IN,00,26.733333,83.45,733,1270927,1269750
GOQ,Golmud,Golmud,China,CN,00,34.633333,98.866667,713,0,1814991
GOR,Gore,Gore,Ethiopia,ET,00,8.166667,35.55,522,335943,337996
GOS,Gosford,Gosford,Australia,AU,0011,-33.433333,151.35,802,0,2077456
GOT,Landvetter,Gothenburg,Sweden,SE,00,57.662778,12.279722,484,2711537,2661886
GOU,Garoua,Garoua,Cameroon,CM,00,9.333333,13.366667,504,2231320,2233387
GOV,Nhulunbuy,Gove,Australia,AU,0011,-12.166667,136.675,802,2064735,2077456
GOY,Amparai,Gal Oya,Sri Lanka,LK,00,7.333333,81.616667,711,0,1227603
GOZ,Gorna Oriahovitsa,Gorna Oriahovitsa,Bulgaria,BG,00,43.151389,25.712778,411,0,732800
GPA,Araxos Airport,Patras,Greece,GR,00,38.25,21.733333,433,255683,390903
GPB,Tancredo Thomaz Faria,Guarapuava,Brazil,BR,0014,-25.383333,-51.45,316,3461879,3469034
GPI,Guapi,Guapi,Colombia,CO,005,2.583333,-77.9,327,3681505,3686121
GPL,Guapiles,Guapiles,Costa Rica,CR,00,10.216667,-83.766667,110,3623580,3624060
GPN,Garden Point,Garden Point,Australia,AU,0011,-11.4,130.433333,802,0,2077456
GPO,General Pico,General Pico,Argentina,AR,00,-35.7,-63.75,303,3855075,3865483
GPS,Baltra,Galapagos Is,Ecuador,EC,00,-0.433333,-90.266667,337,0,3658394
GPT,Gulfport-Biloxi International,Gulfport,United States,US,011,30.4,-89.066667,67,4428667,6252001
GPZ,Grand Rapids,Grand Rapids,United States,US,011,47.216667,-93.516667,67,5028537,6252001
GQJ,RAF Station,Machrihanish,United Kingdom,GB,00,55.783333,-6.466667,493,0,2635167
GQQ,Galion,Galion,United States,US,011,40.733333,-82.8,67,5155414,6252001
GRA,Gamarra,Gamarra,Colombia,CO,005,8.2,-73.783333,327,3682182,3686121
GRB,Austin-straubel Field,Green Bay,United States,US,011,44.483333,-88.133333,67,5254962,6252001
GRC,Grand Cess,Grand Cess,Liberia,LR,00,4.6,-8.166667,537,0,2275384
GRD,Greenwood,Greenwood,United States,US,011,34.25,-82.15,67,5255102,6252001
GRE,Municipal,Greenville,United States,US,011,38.883333,-89.416667,67,5564488,6252001
GRF,Gray Aaf,Tacoma,United States,US,011,35.339167,-77.960556,67,5812944,6252001
GRG,Gardez,Gardez,Afghanistan,AF,00,33.616667,69.116667,701,1141857,1149361
GRH,Garuahi,Garuahi,Papua New Guinea,PG,05,-10.316667,150.683333,804,0,2088628
GRI,Grand Island,Grand Island  NE,United States,US,011,40.9675,-98.309722,67,5069297,6252001
GRJ,George,George,South Africa,ZA,00,-33.966667,22.416667,562,1002145,953987
GRK,Gray Aaf,Fort Hood  TX,United States,US,011,31.067222,-97.828889,67,0,6252001
GRL,Garasa,Garasa,Papua New Guinea,PG,05,-7.95,147.183333,804,0,2088628
GRM,Devils Track,Grand Marais,United States,US,011,47.75,-91.333333,67,5028500,6252001
GRN,Gordon,Gordon,United States,US,011,42.8,-102.2,67,5695713,6252001
GRO,Girona-Costa Brava,Gerona,Spain,ES,00,41.900833,2.760556,482,3121456,2510769
GRP,Gurupi,Gurupi,Brazil,BR,0014,-11.666667,-49.216667,316,3461724,3469034
GRQ,Eelde,Groningen,Netherlands,NL,00,53.119722,6.579444,461,2755251,2750405
GRR,Kent County Intl,Grand Rapids,United States,US,011,42.883333,-85.533333,67,5028537,6252001
GRS,Baccarini,Grosseto,Italy,IT,00,42.75,11.066667,450,3175786,3175395
GRT,Gujrat,Gujrat,Pakistan,PK,00,32.566667,74.083333,764,1177654,1168579
GRU,Aeroporto Internacional Guarulhos,Sao Paulo,Brazil,BR,0014,-23.431944,-46.469444,316,3462944,3469034
GRV,Groznyj,Groznyj,Russian Federation,RU,8-10,43.333333,45.7,770,0,2017370
GRW,Graciosa Island,Graciosa Island,Portugal,PT,00,39.066667,-28,469,0,2264397
GRX,Granada,Granada,Spain,ES,00,37.188611,-3.777222,482,2517117,2510769
GRY,Grimsey,Grimsey,Iceland,IS,00,66.566667,-18.016667,439,0,2629691
GRZ,Thalerhof,Graz,Austria,AT,00,47.066667,15.45,403,2778067,2782113
GSA,Long Pasia,Long Pasia,Malaysia,MY,00,5.333333,117.166667,749,0,1733045
GSC,Gascoyne Junction,Gascoyne Junction,Australia,AU,0011,-25.05,115.2,802,0,2077456
GSE,Gothenburg City Airport,Gothenburg,Sweden,SE,00,57.775833,11.966667,484,2711537,2661886
GSH,Goshen,Goshen,United States,US,011,41.583333,-85.833333,67,5353181,6252001
GSI,Guadalcanal,Guadalcanal,Solomon Islands,SB,00,-9.423889,160.065556,874,0,2103350
GSN,Mount Gunson,Mount Gunson,Australia,AU,0011,-31.866667,138.2,802,0,2077456
GSO,Piedmont Triad Intl,Greensboro  NC,United States,US,011,36.097778,-79.937222,67,4469146,6252001
GSP,Greenville Spartanbur Intl Airport,Greenville,United States,US,011,34.895556,-82.218889,67,5564488,6252001
GSQ,Shark Elowainat,Shark Elowainat,Egypt,EG,00,30.8,31.8,591,0,357994
GSR,Gardo,Gardo,Somalia,SO,00,9.516667,49.083333,573,0,51537
GSS,Sabi Sabi,Sabi Sabi,South Africa,ZA,00,-25.116667,30.8,562,0,953987
GST,Gustavus Arpt,Gustavus,United States,US,011,58.416667,-135.7,67,0,6252001
GSU,Gedaref,Gedaref,Sudan,SD,00,14.133333,35.316667,583,0,366755
GSY,Binbrook,Grimsby,United Kingdom,GB,00,51.333333,0.033333,493,0,2635167
GTA,Gatokae Aerodrom,Gatokae,Solomon Islands,SB,00,52.583333,29,874,0,2103350
GTB,Genting,Genting,Malaysia,MY,00,3.7,98.166667,749,0,1733045
GTC,Green Turtle,Green Turtle,Bahamas,BS,011,26.783333,-77.333333,204,0,3572887
GTE,Alyangula,Groote Eylandt,Australia,AU,0011,-14,136.5,802,0,2077456
GTF,International,Great Falls,United States,US,011,47.5,-111.366667,67,5655240,6252001
GTG,Municipal,Grantsburg,United States,US,011,45.783333,-92.683333,67,5254880,6252001
GTI,Guettin,Guettin,Germany,DE,00,54.383056,12.316389,429,0,2921044
GTK,Sungei Tekai,Sungei Tekai,Malaysia,MY,00,2.6,102.916667,749,0,1733045
GTN,Glentanner,Mount Cook,New Zealand,NZ,00,-43.901667,170.118333,851,0,2186224
GTO,Tolotio,Gorontalo,Indonesia,ID,001,0.65,122.916667,832,1643837,1643084
GTR,Golden Triangle Reg.,Columbus,United States,US,011,33.466667,-88.383333,67,5645893,6252001
GTS,Granites,Granites,Australia,AU,0011,-26.966667,133.616667,802,0,2077456
GTT,Georgetown,Georgetown,Australia,AU,0011,-18.416667,143.783333,802,0,2077456
GTW,Holesov,Zlin,Czech Republic,CZ,00,49,17.675,418,3061370,3077311
GTY,Gettysburg,Gettysburg,United States,US,011,39.833333,-77.233333,67,5228053,6252001
GUA,La Aurora,Guatemala City,Guatemala,GT,00,14.566667,-90.533333,127,3598132,3595530
GUB,Guerrero Negro,Guerrero Negro,Mexico,MX,00,28.666667,-114.166667,148,0,3996063
GUC,Gunnison,Gunnison,United States,US,011,38.533333,-106.933333,67,5540026,6252001
GUD,Goundam,Goundam,Mali,ML,00,16.35,-3.6,543,2456917,2453866
GUE,Guriaso,Guriaso,Papua New Guinea,PG,05,-3.583333,141.583333,804,0,2088628
GUF,Edwards,Gulf Shores,United States,US,011,30.289722,-87.671667,67,4065552,6252001
GUG,Guari,Guari,Papua New Guinea,PG,05,-8.1,146.883333,804,0,2088628
GUH,Gunnedah,Gunnedah,Australia,AU,0011,-30.95,150.233333,802,2164206,2077456
GUI,Guiria,Guiria,Venezuela,VE,00,10.566667,-62.3,388,0,3625428
GUJ,Guaratingueta,Guaratingueta,Brazil,BR,0014,-22.791667,-45.204722,316,3461859,3469034
GUL,Goulburn,Goulburn,Australia,AU,0011,-33.833333,151.833333,802,2164837,2077456
GUM,Guam International,Agana,Guam,GU,011,13.483889,144.797222,5,4044012,4043988
GUN,Gunter AFB,Montgomery,United States,US,011,51.066667,-1.166667,67,5201752,6252001
GUO,Gualaco,Gualaco,Honduras,HN,00,15.083333,-86.033333,131,3609389,3608932
GUP,Senator Clark,Gallup,United States,US,011,35.516667,-108.783333,67,5468773,6252001
GUQ,Guanare,Guanare,Venezuela,VE,00,9.033333,-69.75,388,3640226,3625428
GUR,Gurney,Alotau,Papua New Guinea,PG,05,-10.333333,150.35,804,0,2088628
GUS,Grissom Afb,Peru  Indiana,United States,US,011,40.648056,-86.152222,67,5131010,6252001
GUT,Guetersloh,Guetersloh,Germany,DE,00,51.9,8.383333,429,2913366,2921044
GUU,Grundarfjordur,Grundarfjordur,Iceland,IS,00,64.966667,-23.166667,439,0,2629691
GUV,Mougulu,Mougulu,Papua New Guinea,PG,05,-6.283333,142.416667,804,0,2088628
GUW,Atyrau International,Atyrau,Kazakhstan,KZ,8-10,47.121944,51.821389,738,610529,1522867
GUX,Guna,Guna,India,IN,00,24.483333,77.316667,733,1270711,1269750
GUY,Guymon,Guymon,United States,US,011,36.683333,-101.483333,67,5515743,6252001
GUZ,Guarapari,Guarapari,Brazil,BR,0014,-20.666667,-40.5,316,3461888,3469034
GVA,Geneve-cointrin,Geneva,Switzerland,CH,00,46.238056,6.108889,486,2660646,2658434
GVE,Municipal,Gordonsville,United States,US,011,38.15,-78.166667,67,4761471,6252001
GVI,Green River,Green River,Papua New Guinea,PG,05,-3.916667,141.166667,804,0,2088628
GVL,Lee Gilmer Memorial,Gainesville,United States,US,011,34.266667,-83.833333,67,4760363,6252001
GVP,Greenvale,Greenvale,Australia,AU,0011,-15.783333,144.616667,802,0,2077456
GVR,Governador Valadares,Governador Valadares,Brazil,BR,0014,-18.895278,-41.982222,316,3462315,3469034
GVT,Majors Field,Greenville,United States,US,011,33.133333,-96.116667,67,5564488,6252001
GVW,Richards-Gebaur,Grandview,United States,US,011,38.883333,-94.533333,67,5795969,6252001
GVX,Sandviken,Gavle,Sweden,SE,00,60.516667,17.016667,484,2712414,2661886
GWA,Gwa,Gwa,Myanmar,MM,00,17.833333,94.5,706,0,1327865
GWD,Gwadar,Gwadar,Pakistan,PK,00,25.230556,62.338889,764,1177446,1168579
GWE,Gweru,Gweru,Zimbabwe,ZW,00,-19.45,29.816667,565,890422,878675
GWL,Gwalior,Gwalior,India,IN,00,26.283333,78.233333,733,1270583,1269750
GWN,Gnarowein,Gnarowein,Papua New Guinea,PG,05,-6.566667,146.25,804,0,2088628
GWO,Leflore,Greenwood,United States,US,011,33.5,-90.2,67,5255102,6252001
GWS,Glenwood Springs,Glenwood Springs,United States,US,011,-32.6,27.55,67,5423092,6252001
GWT,Westerland - Sylt,Westerland,Germany,DE,00,54.916667,8.35,429,2810284,2921044
GWV,Glendale,Glendale,United States,US,011,-17.360556,31.059722,67,5423075,6252001
GWW,Raf Gatow,Berlin,Germany,DE,00,52.474444,13.138056,429,2950159,2921044
GWY,Carnmore,Galway,Ireland,IE,00,53.283333,-9.033333,441,2964180,2963597
GXF,Seiyun,Seiyun,Yemen,YE,00,15.983333,48.891667,694,0,69543
GXG,Negage,Negage,Angola,AO,00,-7.516667,15.833333,502,0,3351879
GXH,NAF,Mildenhall,United Kingdom,GB,00,51.416667,-1.7,493,2642544,2635167
GXQ,Ten. Vidal,Coyhaique,Chile,CL,00,-45.5,-72.516667,324,3894426,3895114
GXX,Yagoua,Yagoua,Cameroon,CM,00,10.360278,15.237222,504,2221030,2233387
GXY,Weld County,Greeley,United States,US,011,40.333333,-104.616667,67,5577592,6252001
GYA,Guayaramerin,Guayaramerin,Bolivia,BO,0010,-10.8,-65.383333,312,3915350,3923057
GYD,Heydar Aliyev International,Baku,Azerbaijan,AZ,00,40.4675,50.046667,407,587084,587116
GYE,Simon Bolivar,Guayaquil,Ecuador,EC,00,2.1575,-79.883611,337,3657509,3658394
GYI,Gisenyi,Gisenyi,Rwanda,RW,00,-1.7,29.25,566,202905,49518
GYL,Argyle,Argyle,Australia,AU,0011,-16.640833,128.45,802,0,2077456
GYM,Gen Jose M Yanez,Guaymas,Mexico,MX,00,27.966667,-110.933333,148,4005143,3996063
GYN,Santa Genoveva,Goiania,Brazil,BR,0014,-16.631944,-49.220556,316,3462377,3469034
GYP,Gympie,Gympie,Australia,AU,0011,-26.283333,152.7,802,2164129,2077456
GYR,Litchfield,Goodyear,United States,US,011,33.433333,-112.35,67,5296266,6252001
GYS,Guang Yuan,Guang Yuan,China,CN,00,32.0525,115.003333,713,0,1814991
GYY,Gary/Chicago International,Gary  IN,United States,US,011,41.616389,-87.412778,67,4920607,6252001
GZA,Gaza - Yaser Arafat International Airport,Rafah,Palestine,PS,00,31.235556,34.268333,0,281102,6254930
GZI,Ghazni,Ghazni,Afghanistan,AF,00,33,68.416667,701,1141269,1149361
GZM,Gozo Heliport,Gozo,Malta,MT,00,36.041667,14.208333,356,0,2562770
GZO,Gizo,Gizo,Solomon Islands,SB,00,-8.166667,157,874,2108857,2103350
GZT,Gaziantep,Gaziantep,Turkey,TR,00,37.066667,37.333333,679,314830,298795
GZW,Ghazvin,Ghazvin,Iran,IR,00,35.6,47.016667,632,0,130758
