City Code,Airport Name,City Name,Country,Ctry Code,IDD-Intl Dial,Latitude,Longitude,Area Code,CityGeoID,CtryGeoID
XAL,Alamos,Alamos,Mexico,MX,00,27.016667,-108.933333,148,4018904,3996063
XAP,Aeroporto Municipal Chapeco,Chapeco,Brazil,BR,0014,-27.133333,-52.651944,316,3466296,3469034
XAR,Aribinda,Aribinda,Burkina Faso,BF,00,14.233333,-0.866667,593,0,2361809
XAU,Saul,Saul,French Guiana,GF,00,3.616667,-53.2,344,0,3381670
XAY,Xayabury,Xayabury,Laos,LA,00,18.666667,104.716667,744,0,1655842
XBB,Blubber Bay,Blubber Bay,Canada,CA,011,49.8,-124.633333,906,0,6251999
XBE,Bearskin Lake,Bearskin Lake,Canada,CA,011,53.966667,-91.05,906,0,6251999
XBG,Bogande,Bogande,Burkina Faso,BF,00,12.983333,-0.133333,593,2362323,2361809
XBJ,Birjand,Birjand,Iran,IR,00,32.883333,59.216667,632,140463,130758
XBL,Buno Bedelle,Buno Bedelle,Ethiopia,ET,00,8.45,36.333333,522,0,337996
XBN,Biniguni,Biniguni,Papua New Guinea,PG,05,-9.633333,149.316667,804,0,2088628
XBO,Boulsa,Boulsa,Burkina Faso,BF,00,12.65,-0.566667,593,2361946,2361809
XBR,Brockville,Brockville,Canada,CA,011,44.583333,-75.683333,906,5909294,6251999
XBW,Killineq,Killineq,Canada,CA,011,42.65,-80.816667,906,0,6251999
XCL,Cluff Lake,Cluff Lake,Canada,CA,011,58.383333,-109.516667,906,0,6251999
XCM,Chatham,Chatham,Canada,CA,011,42.4,-82.183333,906,0,6251999
XCN,Coron Airport,Coron,Philippines,PH,00,12,120.2,766,1716834,1694008
XCO,Colac,Colac,Australia,AU,0011,-38.333333,143.583333,802,2171069,2077456
XCR,Vatry International,Chalons Sur Marne,France,FR,00,48.773333,2.206111,427,0,3017382
XDB,Lille Europe Rail Svc,Lille,France,FR,00,50.633333,3.066667,427,2998324,3017382
XDE,Diebougou,Diebougou,Burkina Faso,BF,00,10.966667,-3.25,593,2361342,2361809
XDJ,Djibo,Djibo,Burkina Faso,BF,00,14.1,-1.633333,593,2361177,2361809
XDV,Pr. George Rail Stn,Prince George,Canada,CA,011,53.916667,-1.766667,906,6113365,6251999
XDW,Pr. Rupert Rail Stn,Prince Rupert,Canada,CA,011,54.316667,-1.333333,906,6113406,6251999
XDY,Sudbury Jct Rail Stn,Sudbury,Canada,CA,011,46.5,-80.966667,906,0,6251999
XEA,Vancouver Rail Stn.,Vancouver,Canada,CA,011,49.25,-1.133333,906,6173331,6251999
XEN,Xingcheng,Xingcheng,China,CN,00,40.733333,118.616667,713,2033766,1814991
XES,Municipal,Lake Geneva,United States,US,011,42.566667,-88.416667,67,5259169,6252001
XEZ,Sodertalje S Railway,Sodertalje,Sweden,SE,00,59.2,17.616667,484,2676176,2661886
XFA,Lille Flanders Rail Sv,Lille,France,FR,00,50.633333,3.066667,427,2998324,3017382
XFN,Xiangfan,Xiangfan,China,CN,00,32.05,112.016667,713,1790587,1814991
XFR,Malmo South Railway,Malmo,Sweden,SE,00,11.383333,8.283333,484,2692969,2661886
XFW,Finkenwerder,Hamburg,Germany,DE,00,53.516667,9.866667,429,2911298,2921044
XFY,Sainte-Foy Rail Svce.,Quebec,Canada,CA,011,46.8,-71.25,906,6325494,6251999
XFZ,Charny,Quebec,Canada,CA,011,46.8,-71.25,906,6325494,6251999
XGA,Gaoua,Gaoua,Burkina Faso,BF,00,10.333333,-3.183333,593,0,2361809
XGG,Gorom-Gorom,Gorom-Gorom,Burkina Faso,BF,00,14.433333,-0.233333,593,2360372,2361809
XGL,Granville Lake,Granville Lake,Canada,CA,011,56.3,-100.5,906,0,6251999
XGN,Xangongo,Xangongo,Angola,AO,00,-16.75,14.967222,502,0,3351879
XGR,Kangiqsualujjuaq,Kangiqsualujjuaq,Canada,CA,011,58.533333,-65.9,906,0,6251999
XGZ,Railway Station,Bregenz,Austria,AT,00,47.5,9.766667,403,2781503,2782113
XHN,Guillemins  Raiway Stn,Liege,Belgium,BE,00,50.633333,5.566667,409,2792413,2802361
XHW,Alice Springs Railway,Alice Springs,Australia,AU,0011,-23.566667,145.8,802,2077895,2077456
XHX,Adelaide Keswick Rail,Adelaide,Australia,AU,0011,-33.1375,136.303056,802,2078025,2077456
XIC,Xichang,Xichang,China,CN,00,27.966667,102.216667,713,1789647,1814991
XIE,Xienglom,Xienglom,Laos,LA,00,19.616667,100.825,744,0,1655842
XIH,Khan Al Baghdadi,Khan Al Baghdadi,Iraq,IQ,00,33.8525,42.5475,634,0,99237
XIJ,Ahmed Al Jaber,Ahmed Al Jaber,Kuwait,KW,00,29.076944,48.083889,644,0,285570
XIK,Central Station,Milan,Italy,IT,00,45.5,9.5,450,3173435,3175395
XIL,Xilinhot,Xilinhot,China,CN,00,43.966667,116.066667,713,0,1814991
XIN,Xingning,Xingning,China,CN,00,24.15,115.75,713,0,1814991
XIQ,Harbour,Ilimanaq,Greenland,GL,00,69.083333,-51.116667,975,0,3425505
XIX,Porta Nuova Rail,Verona,Italy,IT,00,45.416667,11.033333,450,3164527,3175395
XIY,Xianyang,Xi An,China,CN,00,34.447222,108.751667,713,0,1814991
XJD,Al Udeid AB,Al Udeid,Qatar,QA,00,25.117222,51.315,664,0,289688
XJE,Rialway Service,Vojens,Denmark,DK,00,55.283333,9.3,419,2610075,2623032
XJG,Darwin Railway,Darwin,Australia,AU,0011,-33.1,-57.633333,802,2073124,2077456
XJM,Mangla,Mangla,Pakistan,PK,00,33.116667,73.65,764,1171050,1168579
XJS,Kitzbuehl Railway,Kitzbuehl,Austria,AT,00,47.543333,10.708889,403,0,2782113
XKA,Kantchari,Kantchari,Burkina Faso,BF,00,12.483333,1.516667,593,0,2361809
XKC,Sandnes Rail St.,Sandnes,Norway,NO,00,66,12.583333,465,0,3144096
XKH,Xieng Khouang,Xieng Khouang,Laos,LA,00,19.5,103,744,0,1655842
XKO,Kemano,Kemano,Canada,CA,011,53.566667,-127.933333,906,0,6251999
XKS,Kasabonika,Kasabonika,Canada,CA,011,53.533333,-88.75,906,0,6251999
XKY,Kaya,Kaya,Burkina Faso,BF,00,13.083333,-1.083333,593,2359608,2361809
XLB,Lac Brochet,Lac Brochet,Canada,CA,011,58.6175,-101.468889,934,0,6251999
XLF,Leaf Bay,Leaf Bay,Canada,CA,011,59,-69,906,0,6251999
XLJ,Quebec Stn. Rail Svce.,Quebec,Canada,CA,011,46.8,-71.25,906,6325494,6251999
XLM,St Lambert Rail Svce.,Montreal,Canada,CA,011,45.5,-73.583333,906,6077243,6251999
XLO,Long Xuyen,Long Xuyen,Viet Nam,VN,00,10.483333,105.45,791,1575627,1562822
XLS,St Louis,St Louis,Senegal,SN,00,16.05,-16.45,569,0,2245662
XLU,Leo,Leo,Burkina Faso,BF,00,11.1,-2.1,593,2358382,2361809
XLW,Lemwerder,Lemwerder,Germany,DE,00,53.135278,8.617778,429,2878912,2921044
XMA,Maramag,Maramag,Philippines,PH,00,7.816667,124.95,766,1701124,1694008
XMC,Mallacoota,Mallacoota,Australia,AU,0011,-37.6,149.716667,802,0,2077456
XMD,Madison,Madison,United States,US,011,44,-97.116667,67,5261457,6252001
XMG,Mahendranagar,Mahendranagar,Nepal,NP,00,28.966667,80.15,755,1283095,1282988
XMH,Manihi,Manihi,French Polynesia,PF,00,-14.433333,-146.066667,823,0,4020092
XMI,Masasi,Masasi,Tanzania,TZ,000,-10.733333,38.766667,585,878058,149590
XML,Minlaton,Minlaton,Australia,AU,0011,-34.766667,137.6,802,0,2077456
XMN,Xiamen,Xiamen,China,CN,00,24.466667,118.116667,713,1790645,1814991
XMP,Macmillan Pass,Macmillan Pass,Canada,CA,011,62.866667,-135.916667,906,0,6251999
XMS,Macas,Macas,Ecuador,EC,00,-2.299167,-78.120833,337,3654541,3658394
XMY,Yam Island,Yam Island,Australia,AU,0011,-10.483333,142.45,802,0,2077456
XNA,Northwest Arkansas Regional,Fayetteville  AR,United States,US,011,36.281667,-94.306667,67,5116968,6252001
XNG,Quang Ngai,Quang Ngai,Viet Nam,VN,00,15.116667,108.75,791,1568770,1562822
XNN,Xining,Xining,China,CN,00,36.549722,101.75,713,1788852,1814991
XNT,Xingtai,Xingtai,China,CN,00,37.071944,114.484444,713,1788927,1814991
XNU,Nouna,Nouna,Burkina Faso,BF,00,12.733333,-3.866667,593,2357163,2361809
XOZ,Doha Free Zone,Doha,Qatar,QA,00,25.25,51.5,664,290030,289688
XPA,Pama,Pama,Burkina Faso,BF,00,11.25,0.7,593,0,2361809
XPJ,Montpellier Railway,Montpellier,France,FR,00,45.633333,-0.75,427,2992166,3017382
XPK,Pukatawagan,Pukatawagan,Canada,CA,011,55.8,-101.416667,906,0,6251999
XPL,Coronel Enrique Soto Cano AB,Comayagua,Honduras,HN,00,14.3825,-87.621111,131,3613321,3608932
XPP,Poplar River,Poplar River,Canada,CA,011,53,-97.4,906,0,6251999
XPQ,Ferry,Port Klang,Malaysia,MY,00,3,101.4,749,0,1733045
XPR,Pine Ridge,Pine Ridge,United States,US,011,43.016667,-102.516667,67,5767939,6252001
XPU,West Kuparuk,West Kuparuk,United States,US,011,70.333333,-149.333333,67,0,6252001
XPZ,Harbour,Saint Tropez,France,FR,00,46.766667,2.816667,427,0,3017382
XQC,Balad,Balad,Iraq,IQ,00,33.940278,44.361667,634,98112,99237
XQH,Railway Station,Nottingham,United Kingdom,GB,00,52.966667,-1.166667,493,2641170,2635167
XQI,Railway Station,Nottingham,United Kingdom,GB,00,52.966667,-1.166667,493,2641170,2635167
XQP,Quepos,Pavones,Costa Rica,CR,00,9.45,-84.15,110,0,3624060
XQU,Qualicum,Qualicum,Canada,CA,011,49.350556,-124.450556,906,0,6251999
XQV,Baqubah,Baqubah,Iraq,IQ,00,33.744722,44.593333,634,97990,99237
XRF,Marseille Railway,Marseille,France,FR,00,47.066667,3,427,2995469,3017382
XRH,Richmond AFB,Richmond,Australia,AU,0011,48.166667,-65.833333,802,0,2077456
XRJ,Termini Rail Stn.,Rome,Italy,IT,00,41.966667,12.666667,450,3169070,3175395
XRR,Ross River,Ross River,Canada,CA,011,61.983333,-132.45,906,0,6251999
XRY,Jerez De La Frontera,Jerez De La Frontera,Spain,ES,00,36.744722,-6.06,482,2516326,2510769
XSC,International,South Caicos,Turks and Caicos Islands,TC,011,21.5,-71.5,281,0,3576916
XSD,Test Range,Tonopah,United States,US,011,62.2,34.283333,67,5513795,6252001
XSE,Sebba,Sebba,Burkina Faso,BF,00,13.433333,0.533333,593,0,2361809
XSI,South Indian Lake,South Indian Lake,Canada,CA,011,56.766667,-98.95,906,0,6251999
XSM,St Marys,St Marys,United States,US,011,38.283333,-76.633333,67,0,6252001
XSO,Siocon,Siocon,Philippines,PH,00,7.7,122.133333,766,1686123,1694008
XSP,Seletar,Singapore,Singapore,SG,001,1.366667,103.966667,776,1880252,1880251
XTA,Econ/Tech Dev. Area,Tianjin,China,CN,00,39.142222,117.176667,713,1792947,1814991
XTF,Port Free Trade Zone,Tianjin,China,CN,00,39.142222,117.176667,713,1792947,1814991
XTG,Thargomindah,Thargomindah,Australia,AU,0011,-28,143.816667,802,0,2077456
XTL,Tadoule Lake,Tadoule Lake  MB,Canada,CA,011,58.708611,-98.512778,906,0,6251999
XTM,Ramadi,Ramadi,Iraq,IQ,00,33.423889,43.3025,634,98717,99237
XTO,Taroom,Taroom,Australia,AU,0011,-25.65,149.8,802,0,2077456
XTR,Tara,Tara,Australia,AU,0011,-27.161667,150.476944,802,0,2077456
XTV,Tikrit,Tikrit,Iraq,IQ,00,34.596667,43.676944,634,90150,99237
XUV,Storekvina Railway,Storekvina,Norway,NO,00,58.383333,6.95,465,0,3144096
XUW,Storen Railway,Storen,Norway,NO,00,63.033333,10.3,465,0,3144096
XUZ,Xuzhou,Xuzhou,China,CN,00,34.266667,117.183333,713,1787824,1814991
XVL,Vinh Long,Vinh Long,Viet Nam,VN,00,10.25,105.95,791,1562693,1562822
XVQ,Santa Lucia Rail,Venice,Italy,IT,00,45.583333,12.566667,450,3164603,3175395
XVY,Mestre Rail Stn.,Rome,Italy,IT,00,41.966667,12.666667,450,3169070,3175395
XWA,Williston Basin,Williston,United States,US,011,48.258,103.748,701,999,999
XWC,Suedbahnhof Rail,Vienna,Austria,AT,00,48.25,16.416667,403,2761369,2782113
XWK,Karlskrona Rail Svc.,Ronneby,Sweden,SE,00,56.266667,15.266667,484,2681825,2661886
XWL,Gothenburg Rail,Gothenburg,Sweden,SE,00,57.716667,11.966667,484,2711537,2661886
XWP,Hassleholm,Hassleholm,Sweden,SE,00,56.216667,13.733333,484,2707399,2661886
XWQ,Enkoping,Enkoping,Sweden,SE,00,59.633333,17.066667,484,2716166,2661886
XWS,Railway Station,Swindon,United Kingdom,GB,00,51.933333,-2.1,493,0,2635167
XWW,Westbahnhof Rail,Vienna,Austria,AT,00,48.25,16.416667,403,2761369,2782113
XWZ,Nykoping,Nykoping,Sweden,SE,00,58.783333,16.9,484,2687700,2661886
XXJ,Deli Railway,Budapest,Hungary,HU,00,47.466667,19.1,437,3054643,719819
XXK,Katrineholm,Katrineholm,Sweden,SE,00,59.016667,16.216667,484,2701223,2661886
XXU,Hedemora,Hedemora,Sweden,SE,00,60.283333,15.983333,484,0,2661886
XYA,Yandina,Yandina,Solomon Islands,SB,00,-9.066667,159.233333,874,0,2103350
XYB,Borlange Railway Svc.,Borlange/Falun,Sweden,SE,00,57.033333,14.85,484,2720383,2661886
XYC,Herrljunga,Herrljunga,Sweden,SE,00,58.018611,13.101389,484,0,2661886
XYD,Lyon Part-dieu Rail Sv,Lyon,France,FR,00,46.235278,5.151667,427,2996944,3017382
XYE,Ye,Ye,Myanmar,MM,00,15.25,97.85,706,0,1327865
XYH,Helsingborg Railway,Angelholm/Helsingborg,Sweden,SE,00,59.683333,15.816667,484,2725901,2661886
XYI,Flen,Flen,Sweden,SE,00,57.5,15.566667,484,0,2661886
XYL,Lyon Perrache Rail Svc,Lyon,France,FR,00,45.75,4.85,427,2996944,3017382
XYM,Falkenberg Rail,Falkenberg,Sweden,SE,00,49.65,22.75,484,2715573,2661886
XYN,Kristinehamn Rail,Kristinehamn,Sweden,SE,00,56,14.15,484,2699282,2661886
XYO,Karlshamn,Karlshamn,Sweden,SE,00,49,8.666667,484,2701727,2661886
XYQ,Angelholm Railway Svc.,Angelholm/Helsingborg,Sweden,SE,00,59.683333,15.816667,484,2725901,2661886
XYR,Yellow River,Yellow River,Papua New Guinea,PG,05,-3.883333,141.783333,804,0,2088628
XYT,Montaudran,Toulouse,France,FR,00,46.483333,-0.633333,427,2972315,3017382
XYU,Solvesborg,Solvesborg,Sweden,SE,00,56.066667,14.616667,484,0,2661886
XYV,Lyon Satolas Rail Svc,Lyon,France,FR,00,45.75,4.85,427,2996944,3017382
XYX,Sala,Sala,Sweden,SE,00,45.470556,19.705833,484,2680662,2661886
XZA,Zabre,Zabre,Burkina Faso,BF,00,11.133333,-1,593,0,2361809
XZE,Off line Point,Rail,Germany,DE,00,37.716667,28.966667,429,0,2921044
XZF,Dammam Port,Dammam,Saudi Arabia,SA,00,21.516944,39.219167,670,110336,102358
XZJ,Off line Point,Rail,Japan,JP,001,37.716667,28.966667,736,0,1861060
XZN,Avignon Railway,Avignon,France,FR,00,46.4,5.833333,427,3035681,3017382
XZQ,Pass Rail,Rail,Sweden,SE,00,37.716667,28.966667,484,0,2661886
XZU,Off line Point,Rail,United States,US,011,37.716667,28.966667,67,0,6252001
XZX,Off line Point,Rail,Australia,AU,0011,37.716667,28.966667,802,0,2077456
