REASON,CODE
ADD COLL - LAST MINUTE CHANGE,B
AEROPLAN - ECREDIT UPGRADE,UE
AEROPLAN - POINT BOOKING,UE
AFTER HOUR CHARGES,T
AIRLINE CHANGE FEE,G
ALLOWED BY POLICY,A
CAR PREPAID,CP
CARRIER DECLINED,C
CLASS OF SERVICE EXCEPTION - OUT OF POLICY,J
CONTRACT FARE APPLIE,CF
COURRIER CHARGES,Q
CREDIT USED - ADD COLL,CA
DECLINED DUE SEAT SELECTION,N
DECLINED DUE TO PREFERRED STATUS MILES,D
DECLINED ROUTING/CONNECTION,L
EVEN EXCHANGE,E
FIRST OR BUSINESS CLASS REQUESTED,F
FLIGHT PASS - EXTENSION,PA
FLIGHT PASS - PURCHASE NEW FLIGHT PASS,PP
FLIGHT PASS CREDIT - BOOKING,P
FLIGHT PASS CREDIT - CANCELLATION,PG
FLIGHT PASS CREDIT - EXCHANGE,PE
FULL REFUND,RP
HOTEL PREPAID,HP
INSUFFICIENT TIME TO SECURE LOWER FARE,I
LOWEST FARE USED,K
PARTIAL REFUND,RP
REQUESTED UPGRADEABLE FARE,O
SEAT SELECTION CHARGE,SS
SEAT SELECTION REFUND,SX
SERVICE FEE,SF
TIME OF FLIGHT DECLINED,M
VISA FEE,V
