City Code,Airport Name,City Name,Country,Ctry Code,IDD-Intl Dial,Latitude,Longitude,Area Code,CityGeoID,CtryGeoID
EAA,Eagle,Eagle,United States,US,011,64.766667,-141.15,67,5591778,6252001
EAB,Abbse,Abbse,Yemen,YE,00,15.3,43.966667,694,0,69543
EAE,Emae,Emae,Vanuatu,VU,00,-17.066667,168.4,885,0,2134431
EAL,Elenak,Kwajalein Atoll,Marshall Islands,MH,011,9.083333,167.333333,844,0,2080185
EAM,Nejran,Nejran,Saudi Arabia,SA,00,17.6,44.416667,670,0,102358
EAN,Phifer Field,Wheatland,United States,US,011,42.058333,-104.919444,67,5842753,6252001
EAR,Kearney,Kearney,United States,US,011,40.733333,-99.016667,67,5071348,6252001
EAS,Donostia - San Sebastian,San Sebastian,Spain,ES,00,43.35,-1.8,482,3110044,2510769
EAT,Pangborn Field,Wenatchee,United States,US,011,47.4,-120.2,67,5815342,6252001
EAU,Chippewa Valley Regional Airport,Eau Claire  WI,United States,US,011,44.865833,-91.484167,67,5251436,6252001
EBA,Marina Di Campo,Elba Island,Italy,IT,00,42.766667,10.283333,450,0,3175395
EBB,Entebbe,Entebbe,Uganda,UG,000,0.060278,32.45,590,233508,226074
EBD,El Obeid,El Obeid,Sudan,SD,00,13.166667,30.25,583,379003,366755
EBG,El Bagre,El Bagre,Colombia,CO,005,7.616667,-74.816667,327,3684945,3686121
EBJ,Esbjerg,Esbjerg,Denmark,DK,00,55.5,8.483333,419,2622447,2623032
EBL,Erbil International,Erbil,Iraq,IQ,00,36.2375,43.963056,634,95446,99237
EBM,El Borma,El Borma,Tunisia,TN,00,31.717222,9.267222,588,0,2464461
EBN,Ebadon,Ebadon,Marshall Islands,MH,011,9.333333,166.8,844,0,2080185
EBR,Downtown,Baton Rouge,United States,US,011,6.45,17.366667,67,4315588,6252001
EBS,Municipal,Webster City,United States,US,011,42.466667,-93.8,67,4881096,6252001
EBU,Boutheon,St Etienne,France,FR,00,45.5,4.5,427,0,3017382
EBW,Ebolowa,Ebolowa,Cameroon,CM,00,2.85,11.183333,504,2232283,2233387
ECA,Emmet County Airport,East Tawas,United States,US,011,44.266667,-83.483333,67,4991692,6252001
ECG,Elizabeth City,Elizabeth City  NC,United States,US,011,36.260556,-76.174444,67,4465088,6252001
ECH,Echuca,Echuca,Australia,AU,0011,-36.15,144.75,802,2167817,2077456
ECN,Ercan,Lefkosa,Cyprus,CY,00,35.15,33.5,611,146268,146669
ECO,El Encanto,El Encanto,Colombia,CO,005,-1.616667,-73.233333,327,0,3686121
ECR,El Charco,El Charco,Colombia,CO,005,2.5,-78.008333,327,0,3686121
ECS,Mondell,Newcastle,United States,US,011,43.883333,-104.316667,67,5833349,6252001
EDA,Edna Bay,Edna Bay,United States,US,011,55.95,-133.666667,67,0,6252001
EDB,Eldebba,Eldebba,Sudan,SD,00,18.25,31.25,583,0,366755
EDD,Erldunda,Erldunda,Australia,AU,0011,-25.25,133.2,802,0,2077456
EDE,Municipal,Edenton,United States,US,011,36.066667,-76.65,67,4464897,6252001
EDF,Elmendorf Afb,Anchorage,United States,US,011,61.251389,-149.806389,67,5879400,6252001
EDG,Weide AAF,Edgewood,United States,US,011,49.783333,-1.133333,67,5793406,6252001
EDI,Turnhouse,Edinburgh,Scotland  United Kingdom,GB,00,55.95,-3.35,493,2650225,2638360
EDK,El Dorado,El Dorado,United States,US,011,37.766667,-96.866667,67,4270863,6252001
EDL,Eldoret,Eldoret,Kenya,KE,000,0.533333,35.266667,535,198629,192950
EDM,Les Ajoncs,La Roche,France,FR,00,46.7,-1.383333,427,3006806,3017382
EDO,Edremit/korfez,Edremit/korfez,Turkey,TR,00,39.554722,27.013889,679,315985,298795
EDQ,Erandique,Erandique,Honduras,HN,00,14.133333,-88.416667,131,3609775,3608932
EDR,Edward River,Edward River,Australia,AU,0011,-14.9,141.616667,802,0,2077456
EDW,Edwards AFB,Edwards AFB,United States,US,011,34.9,-117.883333,67,0,6252001
EED,Needles,Needles,United States,US,011,34.85,-114.616667,67,5376358,6252001
EEK,Eek,Eek,United States,US,011,60.216667,-162.016667,67,0,6252001
EEN,Dillant-Hopkins,Keene,United States,US,011,42.9,-72.266667,67,5088262,6252001
EFB,Eight Fathom Bight,Eight Fathom Bight,United States,US,011,58,-135.733333,67,0,6252001
EFD,Ellington Field,Houston,United States,US,011,29.602778,-95.152778,67,5864312,6252001
EFG,Efogi,Efogi,Papua New Guinea,PG,05,-9.15,147.666667,804,0,2088628
EFK,Newport,Newport,United States,US,011,44.883333,-72.233333,67,5804694,6252001
EFL,Kefalonia Istland International Airport,Kefalonia,Greece,GR,00,38.1175,20.500278,433,0,390903
EFW,Municipal,Jefferson,United States,US,011,42.016667,-94.383333,67,5733532,6252001
EGA,Engati,Engati,Papua New Guinea,PG,05,-6.916667,146.1,804,0,2088628
EGC,Roumanieres,Bergerac,France,FR,00,44.833333,0.516667,427,3033391,3017382
EGE,Eagle County,Vail/Eagle,United States,US,011,39.633333,-106.916667,67,5442727,6252001
EGI,Duke Field,Valparaiso,United States,US,011,45.660833,18.418611,67,4927537,6252001
EGL,Neghelli,Neghelli,Ethiopia,ET,00,5.283333,39.7,522,0,337996
EGM,Sege,Sege,Solomon Islands,SB,00,-8.566667,157.866667,874,0,2103350
EGN,Geneina,Geneina,Sudan,SD,00,13.483333,22.45,583,379303,366755
EGO,Belgorod,Belgorod,Russian Federation,RU,8-10,50.633333,36.65,770,578072,2017370
EGP,Maverick Co,Eagle Pass,United States,US,011,28.866667,-100.533333,67,5520677,6252001
EGS,Egilsstadir,Egilsstadir,Iceland,IS,00,65.283333,-14.4,439,0,2629691
EGV,Eagle River,Eagle River,United States,US,011,45.933333,-89.266667,67,5251171,6252001
EGX,Egegik,Egegik,United States,US,011,58.216667,-157.366667,67,0,6252001
EHL,El Bolson,El Bolson,Argentina,AR,00,-41.966667,-71.516667,303,0,3865483
EHM,Cape Newenham,Cape Newenham,United States,US,011,58.633333,-162.066667,67,0,6252001
EHT,Rentschler,East Hartford,United States,US,011,41.766667,-72.65,67,4833403,6252001
EIA,Popondetta,Eia,Papua New Guinea,PG,05,-8.2,147.85,804,0,2088628
EIB,Eisenach,Eisenach,Germany,DE,00,52.15,14.666667,429,2931574,2921044
EIE,Eniseysk,Eniseysk,Russian Federation,RU,8-10,58.466667,92.116667,770,0,2017370
EIH,Einasleigh,Einasleigh,Australia,AU,0011,-18.5,144.1,802,0,2077456
EIL,Eielson AFB,Fairbanks,United States,US,011,64.665556,-147.101389,67,5861897,6252001
EIN,Eindhoven,Eindhoven,Netherlands,NL,00,51.45,5.374444,461,2756253,2750405
EIS,Beef Island,Beef Island,British Virgin Islands,VG,011,18.444722,-65.543056,282,0,3577718
EIY,Ein Yahav,Ein Yahav,Israel,IL,00,30.621667,35.203333,636,0,294640
EJA,Variguies,Barrancabermeja,Colombia,CO,005,7.016667,-73.766667,327,3689169,3686121
EJH,Wedjh,Wedjh,Saudi Arabia,SA,00,26.416667,36.75,670,0,102358
EJT,Enijet,Mili Atoll,Marshall Islands,MH,011,6.133333,171.916667,844,0,2080185
EKA,Murray Field,Eureka  CA,United States,US,011,40.803333,-124.112778,67,5651208,6252001
EKB,Ekibastuz,Ekibastuz,Kazakhstan,KZ,8-10,51.583333,75.216667,738,0,1522867
EKD,Elkedra,Elkedra,Australia,AU,0011,-21.033333,135.25,802,0,2077456
EKE,Ekereku,Ekereku,Guyana,GY,001,6.666667,-60.85,350,0,3378535
EKI,Municipal,Elkhart,United States,US,011,41.716667,-85.983333,67,5445338,6252001
EKN,Elkins,Elkins,United States,US,011,38.883333,-79.85,67,4805033,6252001
EKO,Elko Regional,Elko  NV,United States,US,011,40.825,-115.791667,67,5703670,6252001
EKT,Eskilstuna,Eskilstuna,Sweden,SE,00,59.383333,16.45,484,2715953,2661886
EKX,Elizabethtown,Elizabethtown,United States,US,011,37.7,-85.866667,67,5188474,6252001
ELA,Eagle Lake,Eagle Lake,United States,US,011,29.583333,-96.333333,67,5251145,6252001
ELB,San Bernado,El Banco,Colombia,CO,005,9.05,-73.966667,327,3684917,3686121
ELC,Elcho Island,Elcho Island,Australia,AU,0011,-12.016667,135.566667,802,0,2077456
ELD,Goodwin Field,El Dorado,United States,US,011,33.216667,-92.816667,67,4270863,6252001
ELE,El Real,El Real,Panama,PA,00,8.116667,-77.716667,162,0,3703433
ELF,El Fasher,El Fasher,Sudan,SD,00,13.616667,25.316667,583,379555,366755
ELG,Djamet,El Golea,Algeria,DZ,00,30.571389,2.859722,500,0,2589581
ELH,International,North Eleuthera,Bahamas,BS,011,25.483333,-76.683333,204,0,3572887
ELI,Elim,Elim,United States,US,011,64.616667,-162.266667,67,5188469,6252001
ELJ,El Recreo,El Recreo,Colombia,CO,005,2,-74.133333,327,0,3686121
ELK,Municipal,Elk City,United States,US,011,35.4,-99.416667,67,4535823,6252001
ELL,Ellisras,Ellisras,South Africa,ZA,00,-23.666667,27.616667,562,1005768,953987
ELM,Elmira Corning Regional,Corning  NY,United States,US,011,42.166667,-76.9,67,5339614,6252001
ELN,Bowers Field,Ellensburg,United States,US,011,47.033333,-120.533333,67,5793639,6252001
ELO,Eldorado,Eldorado,Argentina,AR,00,-26.4,-54.633333,303,0,3865483
ELP,El Paso International Airport,El Paso,United States,US,011,31.8,-106.383333,67,5520993,6252001
ELQ,Gassim Regional Airport,Buraidah,Saudi Arabia,SA,00,26.3,43.816667,670,107304,102358
ELR,Elelim,Elelim,Indonesia,ID,001,7.816667,40.516667,832,0,1643084
ELS,East London,East London,South Africa,ZA,00,-33.05,27.816667,562,0,953987
ELT,Tour Sinai City,Tour Sinai City,Egypt,EG,00,52.368333,-9.144167,591,0,357994
ELU,Guemar,El Oued,Algeria,DZ,00,33.516667,6.783333,500,0,2589581
ELV,Elfin Cove SPB,Elfin Cove,United States,US,011,58.183333,-136.316667,67,0,6252001
ELW,Ellamar,Ellamar,United States,US,011,60.897222,-146.6125,67,0,6252001
ELX,El Tigre,El Tigre,Venezuela,VE,00,10.616667,-71.733333,388,3641351,3625428
ELY,Yelland,Ely,United States,US,011,39.3,-114.85,67,5503694,6252001
ELZ,Municipal,Wellsville,United States,US,011,42.116667,-77.933333,67,5555129,6252001
EMA,East Midlands,Derby,United Kingdom,GB,00,52.831111,-1.328056,493,2651347,2635167
EMB,Embarkadero,San Francisco,United States,US,011,-38.7,-60.016667,67,5391959,6252001
EMD,Emerald,Emerald,Australia,AU,0011,-23.633333,148.133333,802,2167426,2077456
EME,Emden,Emden,Germany,DE,00,53.366667,7.2,429,2930596,2921044
EMG,Empangeni,Empangeni,South Africa,ZA,00,-28.733333,31.9,562,1005544,953987
EMI,Emirau,Emirau,Papua New Guinea,PG,05,-1.65,149.966667,804,0,2088628
EMK,Emmonak,Emmonak,United States,US,011,62.766667,-164.5,67,0,6252001
EML,Emmen,Luzern,Switzerland,CH,00,47.0925,8.305,486,2659811,2658434
EMM,Kemerer,Kemerer,United States,US,011,41.85,-110.55,67,0,6252001
EMN,Nema,Nema,Mauritania,MR,00,16.6,-7.283333,545,0,2378080
EMO,Emo,Emo,Papua New Guinea,PG,05,-8.733333,147.783333,804,0,2088628
EMP,Emporia,Emporia,United States,US,011,38.333333,-96.183333,67,4757673,6252001
EMS,Embessa,Embessa,Papua New Guinea,PG,05,-9.366667,148.466667,804,0,2088628
EMT,El Monte,El Monte,United States,US,011,34.1,-118.033333,67,5345743,6252001
EMX,El Maiten,El Maiten,Argentina,AR,00,-42.068056,-71.155556,303,0,3865483
EMY,El Minya,El Minya,Egypt,EG,00,28.083333,30.733333,591,0,357994
ENA,Kenai,Kenai,United States,US,011,60.55,-151.266667,67,5866063,6252001
ENB,Eneabba West,Eneabba West,Australia,AU,0011,-30.083333,114.983333,802,0,2077456
ENC,Essey,Nancy,France,FR,00,46.033333,6.583333,427,2990999,3017382
END,Vance Afb,Enid,United States,US,011,36.339167,-97.916389,67,4535961,6252001
ENE,Ende,Ende,Indonesia,ID,001,-8.833333,121.65,832,1644932,1643084
ENF,Enontekio,Enontekio,Finland,FI,00,68.35,23.416667,425,660229,660013
ENH,Enshi,Enshi,China,CN,00,30.283333,109.316667,713,1811720,1814991
ENI,El Nido,El Nido,Philippines,PH,00,11.205556,119.412778,766,1713917,1694008
ENJ,El Naranjo,El Naranjo,Guatemala,GT,00,14.1,-90.833333,127,0,3595530
ENK,Enniskillen St. Angelo,Enniskillen,United Kingdom,GB,00,54.398889,-7.633333,493,2649984,2635167
ENL,Municipal,Centralia,United States,US,011,38.516667,-89.091667,67,5789683,6252001
ENN,Municipal,Nenana,United States,US,011,64.55,-149.083333,67,0,6252001
ENO,Teniente Prim Alarcon,Encarnacion,Paraguay,PY,002,-27.316667,-55.833333,365,3438735,3437598
ENQ,Coronel E Soto Cano AB,Coronel E Soto Cano AB,Honduras,HN,00,14.369167,-87.617222,131,0,3608932
ENS,Twente,Enschede,Netherlands,NL,00,52.283333,6.883333,461,2756071,2750405
ENT,Enewetak Island,Enewetak Island,Marshall Islands,MH,011,11.340833,162.327778,844,0,2080185
ENU,Enugu,Enugu,Nigeria,NG,009,6.466667,7.55,555,2343279,2328926
ENV,Wendover,Wendover,United States,US,011,40.733333,-114.033333,67,5784492,6252001
ENW,Kenosha Regional Airport,Kenosha,United States,US,011,42.583333,-87.916667,67,5258393,6252001
EOH,Enrique Olaya Herrera International Airport,Medell��n,Colombia,CO,005,6.216667,-75.583333,327,3674962,3686121
EOI,Eday,Eday,United Kingdom,GB,00,59.2,-2.783333,493,0,2635167
EOK,Keokuk,Keokuk,United States,US,011,40.466667,-91.433333,67,4863349,6252001
EOR,El Dorado,El Dorado,Venezuela,VE,00,6.733333,-61.583333,388,0,3625428
EOS,Neosho,Neosho,United States,US,011,36.866667,-94.366667,67,4400183,6252001
EOZ,Elorza,Elorza,Venezuela,VE,00,7.166667,-69.533333,388,0,3625428
EPA,El Palomar,El Palomar,Argentina,AR,00,-28.083333,-64.283333,303,0,3865483
EPG,Browns,Weeping Water,United States,US,011,40.866667,-96.133333,67,5081518,6252001
EPH,Ephrata,Ephrata,United States,US,011,47.3,-119.516667,67,5793832,6252001
EPI,Epi,Epi,Vanuatu,VU,00,-16.75,168.333333,885,0,2134431
EPK,Episkopi,Episkopi,Cyprus,CY,00,34.666667,32.9,611,0,146669
EPL,Mirecourt,Epinal,France,FR,00,48.333333,6.069444,427,3020035,3017382
EPN,Epena,Epena,Congo,CG,00,1.366667,17.483333,515,0,2260494
EPR,Esperance,Esperance,Australia,AU,0011,-33.683333,121.816667,802,2071860,2077456
EPS,Arroyo Barril International,Samana,Dominican Republic,DO,011,19.190278,-69.429722,224,3492997,3508796
EPT,Eliptamin,Eliptamin,Papua New Guinea,PG,05,-5.033333,141.666667,804,0,2088628
EPU,Parnu,Parnu,Estonia,EE,00,58.416667,24.483333,422,589580,453733
EQS,Esquel,Esquel,Argentina,AR,00,-42.916667,-71.15,303,0,3865483
ERA,Erigavo,Erigavo,Somalia,SO,00,10.633333,47.366667,573,62691,51537
ERB,Ernabella,Ernabella,Australia,AU,0011,-26.266667,132.166667,802,0,2077456
ERC,Erzincan,Erzincan,Turkey,TR,00,39.716667,39.516667,679,315373,298795
ERD,Berdyansk,Berdyansk,Ukraine,UA,8-10,46.733333,36.783333,488,0,690791
ERE,Erave,Erave,Papua New Guinea,PG,05,-6.633333,144,804,0,2088628
ERF,Erfurt,Erfurt,Germany,DE,00,50.983333,10.966667,429,2929670,2921044
ERH,Moulay Ali Cherif,Er-Rachidia,Morocco,MA,00,31.9475,-4.398333,548,0,2542007
ERI,International,Erie,United States,US,011,42.083333,-80.183333,67,5576859,6252001
ERM,Comandante Kraemer,Erechim,Brazil,BR,0014,-27.659444,-52.275556,316,3464073,3469034
ERN,Eirunepe,Eirunepe,Brazil,BR,0014,6.666667,-69.833333,316,3664321,3469034
ERO,Coast Guard,Eldred Rock,United States,US,011,61,8.15,67,0,6252001
ERR,Errol,Errol,United States,US,011,44.7925,-71.164722,67,0,6252001
ERS,Eros,Windhoek,Namibia,NA,00,-22.619444,17.083333,575,3352136,3355338
ERT,Erdenet,Erdenet,Mongolia,MN,001,49.066667,104.15,751,2031405,2029969
ERU,Erume,Erume,Papua New Guinea,PG,05,-8.416667,147.083333,804,0,2088628
ERV,Kerrville,Kerrville,United States,US,011,29.983333,-99.083333,67,4703078,6252001
ERZ,Budrum,Erzurum,Turkey,TR,00,39.956389,41.170278,679,315368,298795
ESB,Esenboga,Ankara,Turkey,TR,00,40.133333,33,679,323786,298795
ESC,Delta County Arpt,Escanaba,United States,US,011,45.722778,-87.093611,67,4992232,6252001
ESD,Orcas Island,Eastsound,United States,US,011,48.716667,-122.816667,67,0,6252001
ESE,Ensenada,Ensenada,Mexico,MX,00,31.8,-116.6,148,4006702,3996063
ESF,Esler Field,Alexandria,United States,US,011,31.4,-92.3,67,5082573,6252001
ESG,Mariscal Estigarribia,Mariscal Estigarribia,Paraguay,PY,002,-22.045,-60.621667,365,0,3437598
ESH,Shoreham,Shoreham By Sea,United Kingdom,GB,00,50.835278,-0.301944,493,0,2635167
ESI,Espinosa,Espinosa,Brazil,BR,0014,-14.933333,-42.833333,316,3463939,3469034
ESK,Eskisehir,Eskisehir,Turkey,TR,00,39.784167,30.582222,679,315202,298795
ESL,Elista,Elista,Russian Federation,RU,8-10,46.366667,44.333333,770,563514,2017370
ESM,Esmeraldas,Esmeraldas,Ecuador,EC,00,0.95,-79.6,337,0,3658394
ESN,Easton,Easton,United States,US,011,38.808333,-76.075,67,5345171,6252001
ESO,Espanola,Espanola,United States,US,011,36.1,-106.033333,67,5467024,6252001
ESP,Birchwood-Pocono,East Stroudsburg,United States,US,011,41,-75.183333,67,5188075,6252001
ESR,El Salvador,El Salvador,Chile,CL,00,-26.3,-69.766667,324,0,3895114
ESS,Essen,Essen,Germany,DE,00,51.416667,7,429,2928810,2921044
EST,Municipal,Estherville,United States,US,011,43.4,-94.833333,67,4855709,6252001
ESU,Essaouira,Essaouira,Morocco,MA,00,31.066667,-9.05,548,2549263,2542007
ESW,State,Easton,United States,US,011,47.233333,-121.183333,67,5345171,6252001
ETB,West Bend,West Bend,United States,US,011,43.416667,-88.183333,67,5278422,6252001
ETD,Etadunna,Etadunna,Australia,AU,0011,-28.716667,138.633333,802,0,2077456
ETE,Genda Wuha,Genda Wuha,Ethiopia,ET,00,12.933333,36.166667,522,0,337996
ETH,Eilat,Eilat,Israel,IL,00,29.55,34.95,636,295277,294640
ETN,Municipal,Eastland,United States,US,011,32.416667,-98.8,67,4688071,6252001
ETS,Municipal,Enterprise,United States,US,011,31.316667,-85.85,67,5774535,6252001
ETZ,Metz-nancy-lorraine,Metz/nancy,France,FR,00,48.979167,6.247778,427,2994160,3017382
EUA,Kaufana,Eua,Tonga,TO,00,-21.366667,-174.933333,881,0,4032283
EUC,Eucla,Eucla,Australia,AU,0011,-31.716667,128.866667,802,0,2077456
EUE,Eureka,Eureka,United States,US,011,39.516667,-115.966667,67,5651208,6252001
EUF,Weedon Field,Eufaula,United States,US,011,31.95,-85.133333,67,4536031,6252001
EUG,Eugene,Eugene,United States,US,011,44.116667,-123.216667,67,5725846,6252001
EUM,Neumuenster,Neumuenster,Germany,DE,00,54.166667,9.983333,429,2864475,2921044
EUN,Hassan I,Laayoune,Morocco,MA,00,27.15,-13.2,548,0,2542007
EUO,Paratebueno,Paratebueno,Colombia,CO,005,4.383333,-73.2,327,3769960,3686121
EUQ,Evelio Javier,Antique,Philippines,PH,00,11.166667,122.083333,766,1711908,1694008
EUX,F D Roosevelt,St Eustatius,Netherlands Antilles,AN,00,17.5,-62.966667,259,0,3513447
EVA,Landing Strip,Evadale,United States,US,011,30.35,-94.066667,67,4689569,6252001
EVD,Eva Downs,Eva Downs,Australia,AU,0011,-18.083333,134.866667,802,0,2077456
EVE,Evenes,Harstad-narvik,Norway,NO,00,68.5,16.683333,465,0,3144096
EVG,Sveg,Sveg,Sweden,SE,00,62.033333,14.333333,484,0,2661886
EVH,Evans Head,Evans Head,Australia,AU,0011,-29.1,153.416667,802,0,2077456
EVM,Eveleth,Eveleth,United States,US,011,47.433333,-92.5,67,5025971,6252001
EVN,Zvartnots,Yerevan,Armenia,AM,00,40.147222,44.395833,405,616052,174982
EVV,Evansville Regional Airport,Evansville  IN,United States,US,011,38.036944,-87.5325,67,5824810,6252001
EVW,Evanston,Evanston,United States,US,011,41.35,-111.016667,67,5824805,6252001
EVX,Evreux,Evreux,France,FR,00,49.016667,1.15,427,3019265,3017382
EWB,New Bedford,New Bedford,United States,US,011,41.683333,-70.966667,67,4945121,6252001
EWD,Wildman Lake,Wildman Lake,United States,US,011,-12.333333,131.933333,67,0,6252001
EWE,Ewer,Ewer,Indonesia,ID,001,-5.483333,138.066667,832,0,1643084
EWI,Enarotali,Enarotali,Indonesia,ID,001,-3.933333,136.366667,832,0,1643084
EWK,City-County,Newton,United States,US,011,38.05,-97.35,67,5101848,6252001
EWN,Simmons Nott,New Bern,United States,US,011,35.066667,-77.05,67,4481682,6252001
EWO,Ewo,Ewo,Congo,CG,00,-0.883333,14.8,515,2260009,2260494
EWR,Newark Liberty International,Newark,United States,US,011,40.6925,-74.168611,21,5376803,6252001
EWY,Greenham RAF,Newbury,United Kingdom,GB,00,51.4,-1.316667,493,2641689,2635167
EXI,SPB,Excursion Inlet,United States,US,011,58.416667,-135.433333,67,0,6252001
EXM,Exmouth Gulf,Exmouth Gulf,Australia,AU,0011,-22.383333,114.116667,802,0,2077456
EXT,Exeter,Exeter,United Kingdom,GB,00,50.733333,-3.416667,493,2649808,2635167
EYL,Yelimane,Yelimane,Mali,ML,00,15.133333,-10.566667,543,0,2453866
EYP,El Yopal,El Yopal,Colombia,CO,005,5.35,-72.383333,327,3665688,3686121
EYR,Yerington,Yerington,United States,US,011,38.983333,-119.166667,67,5515507,6252001
EYS,Eliye Springs,Eliye Springs,Kenya,KE,000,3.216667,35.966667,535,0,192950
EYW,International,Key West,United States,US,011,24.55,-81.766667,67,4160812,6252001
EZE,Ezeiza Ministro Pistarini,Buenos Aires,Argentina,AR,00,-34.822222,-58.535833,303,3435910,3865483
EZS,Elazig,Elazig,Turkey,TR,00,38.6,39.283333,679,315808,298795
