City Code,Airport Name,City Name,Country,Ctry Code,IDD-Intl Dial,Latitude,Longitude,Area Code,CityGeoID,CtryGeoID
OAG,Springhill,Orange,Australia,AU,0011,-33.383611,149.133611,802,2154219,2077456
OAJ,Albert J Ellis,Jacksonville,United States,US,011,34.716667,-77.416667,67,5733409,6252001
OAK,Oakland International Airport,Oakland,United States,US,011,37.716667,-122.216667,67,5378538,6252001
OAL,Cacoal,Cacoal,Brazil,BR,0014,-1.983333,-46.216667,316,3925212,3469034
OAM,Oamaru,Oamaru,New Zealand,NZ,00,-44.966667,171.083333,851,6215045,2186224
OAN,Olanchito,Olanchito,Honduras,HN,00,15.523611,-86.635278,131,3604251,3608932
OAR,Marina Municipal,Marina  CA,United States,US,011,36.681944,-121.762222,67,5370493,6252001
OAX,Xoxocotlan,Oaxaca,Mexico,MX,00,17,-96.5,148,3522507,3996063
OBA,Oban,Oban,Australia,AU,0011,-21.233333,139.033333,802,0,2077456
OBC,Obock,Obock,Djibouti,DJ,00,11.916667,43.25,525,221527,223818
OBD,Obano,Obano,Indonesia,ID,001,-3.9,136.2,832,0,1643084
OBE,County,Okeechobee,United States,US,011,27.25,-80.833333,67,4166822,6252001
OBF,Oberpfaffenhofen,Oberpfaffenhofen,Germany,DE,00,48.083333,11.283333,429,0,2921044
OBI,Obidos,Obidos,Brazil,BR,0014,-1.866667,-55.533333,316,0,3469034
OBM,Morobe,Morobe,Papua New Guinea,PG,05,-7.75,147.583333,804,0,2088628
OBN,Oban Airport,Oban,United Kingdom,GB,00,56.583333,-5.5,493,2641108,2635167
OBO,Obihiro,Obihiro,Japan,JP,001,42.883333,143.166667,736,2128815,1861060
OBS,Vals-Lanas,Aubenas,France,FR,00,44.616667,4.383333,427,3036418,3017382
OBT,Oakland/Coliseum Stat,Oakland  MD,United States,US,011,17.916667,-142.05,67,5378538,6252001
OBU,Kobuk/Wien,Kobuk,United States,US,011,66.933333,-156.866667,67,0,6252001
OBX,Obo,Obo,Papua New Guinea,PG,05,-7.583333,141.333333,804,0,2088628
OBY,Ittoqqortoormiit,Ittoqqortoormiit,Greenland,GL,00,70.483333,-22.016667,975,0,3425505
OCA,Ocean Reef,Ocean Reef,United States,US,011,25.366667,-80.266667,67,0,6252001
OCC,Coca,Coca,Ecuador,EC,00,-0.483333,-76.966667,337,0,3658394
OCE,Municipal,Ocean City,United States,US,011,38.316667,-75.116667,67,4503351,6252001
OCF,Taylor Field,Ocala,United States,US,011,29.166667,-82.216667,67,4166673,6252001
OCH,A L Mangham Jr. Regional,Nacogdoches  TX,United States,US,011,31.6,-94.65,67,4713735,6252001
OCI,Oceanic,Oceanic,United States,US,011,60.1,-148.216667,67,0,6252001
OCJ,Boscobel,Ocho Rios,Jamaica,JM,011,18.416667,-77.133333,243,3489239,3489940
OCN,Municipal,Oceanside,United States,US,011,33.217222,-117.352778,67,5378771,6252001
OCV,Aguasclaras,Ocana,Colombia,CO,005,8.25,-73.783333,327,3673662,3686121
OCW,Warren Field,Washington,United States,US,011,35.55,-77.05,67,5549222,6252001
ODA,Ouadda,Ouadda,Central African Republic,CF,00,8,22.416667,509,236901,239880
ODB,Cordoba,Cordoba,Spain,ES,00,37.85,-4.85,482,2519240,2510769
ODD,Oodnadatta,Oodnadatta,Australia,AU,0011,-27.55,135.433333,802,0,2077456
ODE,Beldringe,Odense,Denmark,DK,00,55.476667,10.330833,419,2615876,2623032
ODH,RAF Station,Odiham,United Kingdom,GB,00,51.25,-0.933333,493,2641079,2635167
ODJ,Ouanda Djalle,Ouanda Djalle,Central African Republic,CF,00,8.916667,22.583333,509,0,239880
ODL,Cordillo Downs,Cordillo Downs,Australia,AU,0011,-26.833333,140.75,802,0,2077456
ODN,Long Seridan,Long Seridan,Malaysia,MY,00,4.033333,115.066667,749,0,1733045
ODR,Ord River,Ord River,Australia,AU,0011,-17.35,128.9,802,0,2077456
ODS,Odessa International,Odessa,Ukraine,UA,8-10,46.5,30.616667,488,698740,690791
ODW,Oak Harbor,Oak Harbor,United States,US,011,48.283333,-122.616667,67,5805441,6252001
ODY,Oudomxai,Oudomxay,Laos,LA,00,20.583333,104.166667,744,0,1655842
OEA,Oneal,Vincennes,United States,US,011,38.666667,-87.516667,67,4266307,6252001
OEC,Ocussi,Ocussi,Indonesia,ID,001,-9.25,124.4,832,0,1643084
OEL,Orel,Orel,Russian Federation,RU,8-10,52.983333,36.1,770,515012,2017370
OEO,Municipal,Osceola,United States,US,011,45.316667,-92.7,67,5265824,6252001
OER,Ornskoldsvik,Ornskoldsvik,Sweden,SE,00,63.408333,18.991667,484,2686469,2661886
OES,San Antonio Oeste,San Antonio Oeste,Argentina,AR,00,-40.733333,-64.933333,303,0,3865483
OFI,Ouango Fitini,Ouango Fitini,Cote DIvoire,CI,00,9.6,-4.033333,533,0,2287781
OFJ,Olafsfjordur,Olafsfjordur,Iceland,IS,00,66.1,-18.633333,439,0,2629691
OFK,Stefan Field,Norfolk,United States,US,011,41.983333,-97.433333,67,5128862,6252001
OFU,Ofu,Ofu,American Samoa,AS,011,-14.183333,-169.7,5,0,5880801
OGA,Searle Field,Ogallala,United States,US,011,41.133333,-101.716667,67,5698040,6252001
OGB,Municipal,Orangeburg,United States,US,011,33.45,-80.85,67,5129923,6252001
OGD,Municipal,Ogden,United States,US,011,41.2,-112.016667,67,5779206,6252001
OGE,Ogeranang,Ogeranang,Papua New Guinea,PG,05,-6.433333,147.333333,804,0,2088628
OGG,Kahului,Maui  HI,United States,US,011,20.898611,-156.430556,67,0,6252001
OGL,Ogle,Ogle,Guyana,GY,001,6.8,-58.105556,350,0,3378535
OGN,Yonaguni Jima,Yonaguni Jima,Japan,JP,001,24.466667,122.983333,736,0,1861060
OGO,Abengourou,Abengourou,Cote DIvoire,CI,00,6.733333,-3.483333,533,2293549,2287781
OGR,Bongor,Bongor,Chad,TD,15,10.289444,15.383333,511,2434910,2434508
OGS,Ogdensburg,Ogdensburg,United States,US,011,44.683333,-75.466667,67,5129626,6252001
OGV,Ongava Game Reserve,Ongava Game Reserve,Namibia,NA,00,-22.183333,18.533333,575,0,3355338
OGX,Ain Beida,Ouargla,Algeria,DZ,00,31.916667,5.4,500,0,2589581
OGZ,Vladikavkaz,Vladikavkaz,Russian Federation,RU,8-10,43.2,44.6,770,473249,2017370
OHA,Royal Air Force Base,Ohakea,New Zealand,NZ,00,-40.208333,175.386667,851,0,2186224
OHC,AFS,Northeast Cape,United States,US,011,63.316667,-168.966667,67,0,6252001
OHD,Ohrid,Ohrid,Macedonia,MK,00,41.18,20.75,497,787487,718075
OHI,Oshakati,Oshakati,Namibia,NA,00,-17.783333,15.7,575,3354021,3355338
OHO,Okhotsk,Okhotsk,Russian Federation,RU,8-10,59.416667,143.05,770,2122605,2017370
OHP,Heliport,Oban,United Kingdom,GB,00,-0.566667,10.283333,493,2641108,2635167
OHR,Wyk Auf Foehr,Wyk Auf Foehr,Germany,DE,00,54.666667,8.675,429,0,2921044
OHT,Kohat,Kohat,Pakistan,PK,00,33.566667,71.45,764,1173491,1168579
OIA,Ourilandia,Ourilandia,Brazil,BR,0014,41.416667,-8.016667,316,0,3469034
OIC,Eaton,Norwich,United States,US,011,42.983333,-80.6,67,5129359,6252001
OIL,Splane Memorial,Oil City  PA,United States,US,011,41.434444,-79.830833,67,5204278,6252001
OIM,Oshima,Oshima,Japan,JP,001,34.783333,139.366667,736,0,1861060
OIR,Okushiri,Okushiri,Japan,JP,001,42.166667,139.516667,736,0,1861060
OIT,Oita,Oita,Japan,JP,001,33.25,131.633333,736,1854487,1861060
OJC,Johnson Executive,Kansas City,United States,US,011,38.85,-94.733333,67,4393217,6252001
OKA,Naha,Okinawa,Japan,JP,001,26.333333,127.833333,736,1894616,1861060
OKB,Fraser Island,Orchid Beach,Australia,AU,0011,-25,153.283333,802,0,2077456
OKC,Will Rogers World Airport,Oklahoma City,United States,US,011,35.393056,-97.600833,67,4544349,6252001
OKD,Okadama,Sapporo,Japan,JP,001,43.133333,141.383333,736,2128295,1861060
OKE,Okino Erabu,Okino Erabu,Japan,JP,001,27.433333,128.616667,736,0,1861060
OKF,Okaukuejo,Okaukuejo,Namibia,NA,00,-19.166667,15.933333,575,0,3355338
OKG,Okoyo,Okoyo,Congo,CG,00,-1.466667,15.066667,515,0,2260494
OKH,Cottesmor RAF,Oakham,United Kingdom,GB,00,52.666667,-0.733333,493,2641128,2635167
OKI,Oki Island,Oki Island,Japan,JP,001,36.166667,133.316667,736,0,1861060
OKJ,Okayama,Okayama,Japan,JP,001,34.583333,133.933333,736,1854383,1861060
OKK,Kokomo,Kokomo,United States,US,011,40.533333,-86.066667,67,4922388,6252001
OKL,Oksibil,Oksibil,Indonesia,ID,001,-3.683333,137.483333,832,0,1643084
OKM,Okmulgee,Okmulgee,United States,US,011,35.616667,-95.966667,67,4544383,6252001
OKN,Okondja,Okondja,Gabon,GA,00,-0.7,13.783333,526,2396898,2400553
OKO,Yokota Afb,Tokyo,Japan,JP,001,35.748611,139.348611,736,1850147,1861060
OKP,Oksapmin,Oksapmin,Papua New Guinea,PG,05,-5.466667,141.566667,804,0,2088628
OKQ,Okaba,Okaba,Indonesia,ID,001,-8.1,139.7,832,0,1643084
OKR,Yorke Island,Yorke Island,Australia,AU,0011,-9.733333,143.416667,802,0,2077456
OKS,Oshkosh,Oshkosh,United States,US,011,41.4,-102.333333,67,5265838,6252001
OKT,Oktiabrskij,Oktiabrskij,Russian Federation,RU,8-10,54.433333,53.383333,770,0,2017370
OKU,Mokuti Lodge,Mokuti Lodge,Namibia,NA,00,-18.808333,17.05,575,0,3355338
OKV,Okao,Okao,Papua New Guinea,PG,05,-3.916667,116.2,804,0,2088628
OKY,Oakey,Oakey,Australia,AU,0011,-27.402778,151.733333,802,0,2077456
OLA,Orland,Orland,Norway,NO,00,63.7,9.616667,465,0,3144096
OLB,Costa Smeralda,Olbia,Italy,IT,00,40.898611,9.5175,450,3172090,3175395
OLD,Old Town,Old Town,United States,US,011,44.95,-68.666667,67,4974231,6252001
OLE,Municipal,Olean,United States,US,011,42.233333,-78.366667,67,5129780,6252001
OLF,International,Wolf Point,United States,US,011,48.083333,-105.566667,67,5687028,6252001
OLH,Old Harbor SPB,Old Harbor,United States,US,011,57.2,-153.316667,67,0,6252001
OLI,Rif,Olafsvik,Iceland,IS,00,64.911389,-23.823056,439,0,2629691
OLJ,Olpoi,Olpoi,Vanuatu,VU,00,-14.883333,166.55,885,0,2134431
OLK,Fuerte Olimpo,Fuerte Olimpo,Paraguay,PY,002,-21.033333,-57.9,365,3438102,3437598
OLM,Olympia,Olympia,United States,US,011,46.966667,-122.9,67,5805687,6252001
OLN,Colonia Sarmiento,Colonia Sarmiento,Argentina,AR,00,-45.583333,-69,303,0,3865483
OLO,Olomouc,Olomouc,Czech Republic,CZ,00,49.416667,17.341667,418,3069011,3077311
OLP,Olympic Dam,Olympic Dam,Australia,AU,0011,-30.485,136.876667,802,0,2077456
OLQ,Olsobip,Olsobip,Papua New Guinea,PG,05,-5.383333,141.5,804,0,2088628
OLS,International,Nogales,United States,US,011,31.333333,-110.933333,67,5306611,6252001
OLU,Columbus Municipal,Columbus  NE,United States,US,011,41.448056,-97.342778,67,5645893,6252001
OLV,Olive Branch Arpt,Olive Branch,United States,US,011,34.966667,-89.833333,67,4439869,6252001
OLY,Olney-Noble,Olney,United States,US,011,38.716667,-88.083333,67,4716683,6252001
OMA,Eppley Airfield,Omaha,United States,US,011,41.3,-95.9,67,5074472,6252001
OMB,Omboue,Omboue,Gabon,GA,00,-1.6,9.266667,526,2396853,2400553
OMC,Ormoc,Ormoc,Philippines,PH,00,11.05,124.566667,766,1697018,1694008
OMD,Oranjemund,Oranjemund,Namibia,NA,00,-28.583333,16.45,575,3354071,3355338
OME,Nome,Nome,United States,US,011,64.516667,-165.433333,67,5870133,6252001
OMF,King Hussein,Mafraq,Jordan,JO,00,32.333333,36.233333,639,250582,248816
OMG,Omega,Omega,Namibia,NA,00,-18,22.066667,575,0,3355338
OMH,Urmieh,Urmieh,Iran,IR,00,37.668056,45.068611,632,0,130758
OMI,Omidieh,Omidieh,Iran,IR,00,30.872222,49.541111,632,0,130758
OMJ,Omura,Omura,Japan,JP,001,35.083333,140.1,736,1854093,1861060
OMK,Municipal,Omak,United States,US,011,48.4,-119.533333,67,5805734,6252001
OML,Omkalai,Omkalai,Papua New Guinea,PG,05,-6.183333,144.966667,804,0,2088628
OMM,Marmul,Marmul,Oman,OM,00,18.133333,55.266667,658,0,286963
OMN,Osmanabad,Osmanabad,India,IN,00,18.15,76.1,733,1261012,1269750
OMO,Mostar,Mostar,Bosnia And Herzegovina,BA,00,43.286667,17.85,410,3194828,3277605
OMR,Oradea,Oradea,Romania,RO,00,47.016667,21.9,473,671768,798549
OMS,Omsk,Omsk,Russian Federation,RU,8-10,54.966667,73.3,770,1496153,2017370
OMY,Oddor Meanche,Oddor Meanche,Cambodia,KH,001,13.816667,104.966667,709,0,1831722
ONA,Municipal,Winona,United States,US,011,50.3,-1.333333,67,5053156,6252001
ONB,Ononge,Ononge,Papua New Guinea,PG,05,-8.583333,147.2,804,0,2088628
OND,Ondangwa,Ondangwa,Namibia,NA,00,-17.878333,15.9525,575,3354247,3355338
ONE,Onepusu,Onepusu,Solomon Islands,SB,00,-9.166667,161.066667,874,0,2103350
ONG,Mornington,Mornington,Australia,AU,0011,-16.583333,139.3,802,0,2077456
ONH,Municipal,Oneonta,United States,US,011,42.45,-75.116667,67,5129852,6252001
ONI,Moanamani,Moanamani,Indonesia,ID,001,-3.983333,136.083333,832,0,1643084
ONJ,Odate Noshiro,Odate Noshiro,Japan,JP,001,40.3,140.55,736,0,1861060
ONL,Municipal,Oneill,United States,US,011,42.45,-98.65,67,0,6252001
ONM,Socorro,Socorro,United States,US,011,34.05,-106.883333,67,5530932,6252001
ONN,Onion Bay,Onion Bay,United States,US,011,58.233333,-152.833333,67,0,6252001
ONO,Ontario Municipal Airport,Ontario,United States,US,011,44.020556,-117.013611,67,5744166,6252001
ONP,Newport,Newport,United States,US,011,44.583333,-124.05,67,5804694,6252001
ONQ,Zonguldak,Zonguldak,Turkey,TR,00,41.25,31.833333,679,737022,298795
ONR,Monkira,Monkira,Australia,AU,0011,-24.816667,140.533333,802,0,2077456
ONS,Onslow,Onslow,Australia,AU,0011,-21.666667,115.1,802,0,2077456
ONT,Ontario International,Ontario,United States,US,011,34.056111,-117.601111,67,5744166,6252001
ONU,Ono I Lau,Ono I Lau,Fiji,FJ,00,-20.65,-178.7,821,0,2205218
ONX,Enrique Adolfo Jimenez,Colon,Panama,PA,00,9.356667,-79.8675,162,3712076,3703433
ONY,Olney,Olney,United States,US,011,33.366667,-98.75,67,4716683,6252001
OOA,Municipal,Oskaloosa,United States,US,011,41.283333,-92.633333,67,4870239,6252001
OOL,Gold Coast,Gold Coast,Australia,AU,0011,-28.181111,153.5,802,0,2077456
OOM,Cooma,Cooma,Australia,AU,0011,-36.3,148.966667,802,2170577,2077456
OOR,Mooraberree,Mooraberree,Australia,AU,0011,-25.245,140.980833,802,0,2077456
OOT,Onotoa,Onotoa,Kiribati,KI,00,-1.866667,175.566667,824,0,4030945
OPA,Kopasker,Kopasker,Iceland,IS,00,66.416667,-16.483333,439,0,2629691
OPB,Open Bay,Open Bay,Papua New Guinea,PG,05,-4.933333,151.666667,804,0,2088628
OPF,Opa Locka,Miami,United States,US,011,25.906944,-80.278333,67,5304640,6252001
OPI,Oenpelli,Oenpelli,Australia,AU,0011,-12.333333,133.083333,802,0,2077456
OPL,St Landry Parish,Opelousas,United States,US,011,30.55,-92.1,67,4336153,6252001
OPO,Francisco Sǭ Carneiro,Porto,Portugal,PT,00,41.248056,-8.681389,469,2735943,2264397
OPS,Sinop,Sinop,Brazil,BR,0014,-12.084722,-55.633889,316,0,3469034
OPU,Balimo,Balimo,Papua New Guinea,PG,05,-8.033333,142.933333,804,0,2088628
OPW,Opuwa,Opuwa,Namibia,NA,00,-18.066667,13.833333,575,3354077,3355338
ORA,Oran,Oran,Argentina,AR,00,-23.15,-64.316667,303,3836620,3865483
ORB,Orebro-bofors,Orebro,Sweden,SE,00,59.25,15.233333,484,2686657,2661886
ORC,Orocue,Orocue,Colombia,CO,005,4.792222,-71.356389,327,3673536,3686121
ORD,Chicago Ohare International,Chicago  Il,United States,US,011,41.978611,-87.904722,67,4887398,6252001
ORE,Orleans,Orleans,France,FR,00,47.916667,1.9,427,2989317,3017382
ORF,Norfolk International Airport,Norfolk,United States,US,011,36.9,-76.2,67,5128862,6252001
ORG,Zorg En Hoop,Paramaribo,Suriname,SR,00,5.491667,-55.183333,379,3383330,3382998
ORH,Worcester Regional Airport,Worcester,United States,US,011,42.267222,-71.875833,67,4956184,6252001
ORI,Port Lions SPB,Port Lions,United States,US,011,57.883333,-152.85,67,0,6252001
ORJ,Orinduik,Orinduik,Guyana,GY,001,4.716667,-60.033333,350,0,3378535
ORK,Cork,Cork,Ireland,IE,00,51.847222,-8.497222,441,2965140,2963597
ORL,Orlando Executive,Orlando,United States,US,011,28.533333,-81.35,67,4167147,6252001
ORM,Northampton,Northampton,United Kingdom,GB,00,52.3,-0.783333,493,2641430,2635167
ORN,Es Senia,Oran,Algeria,DZ,00,35.616667,-0.616667,500,2485926,2589581
ORO,Yoro,Yoro,Honduras,HN,00,15.125,-87.141667,131,3600195,3608932
ORP,Orapa,Orapa,Botswana,BW,00,-21.133333,25.65,510,933186,933860
ORQ,Heliport,Norwalk,United States,US,011,41.116667,-73.45,67,5377995,6252001
ORR,Yorketown,Yorketown,Australia,AU,0011,-35.033333,137.6,802,0,2077456
ORS,Waterport,Orpheus Island Resort,Australia,AU,0011,-18.633333,146.483333,802,0,2077456
ORT,Northway,Northway,United States,US,011,62.95,-141.95,67,0,6252001
ORU,Oruro,Oruro,Bolivia,BO,0010,-17.95,-67.1,312,3909234,3923057
ORV,Curtis Memorial,Noorvik,United States,US,011,66.833333,-161.033333,67,0,6252001
ORW,Ormara,Ormara,Pakistan,PK,00,25.274722,64.585833,764,1168700,1168579
ORX,Oriximina,Oriximina,Brazil,BR,0014,-1.666667,-55.833333,316,3393471,3469034
ORY,Orly,Paris,France,FR,00,48.716667,2.383333,427,2988507,3017382
ORZ,Orange Walk,Orange Walk,Belize,BZ,00,18.066667,-88.558333,106,3581514,3582678
OSB,Osage Beach,Osage Beach,United States,US,011,38.15,-92.616667,67,4402040,6252001
OSC,Wurtsmith AFB,Oscoda,United States,US,011,44.433333,-83.333333,67,0,6252001
OSD,�?re �?stersund Airport,Ostersund,Sweden,SE,00,63.183333,14.5,484,2685750,2661886
OSE,Omora,Omora,Papua New Guinea,PG,05,-7.833333,147.083333,804,0,2088628
OSG,Ossima,Ossima,Papua New Guinea,PG,05,-2.916667,141.3,804,0,2088628
OSH,Wittman Field,Oshkosh,United States,US,011,43.983333,-88.55,67,5265838,6252001
OSI,Osijek,Osijek,Croatia,HR,00,45.446111,18.810278,415,3193935,3202326
OSK,Oskarshamn,Oskarshamn,Sweden,SE,00,57.351944,16.498333,484,2686162,2661886
OSL,Oslo Airport  Gardermoen,Oslo,Norway,NO,00,60.193889,11.100278,465,3143244,3144096
OSM,Mosul,Mosul,Iraq,IQ,00,36.305833,43.1475,634,99072,99237
OSN,Osan AB,Osan,Korea,KR,00,37.090556,127.029444,778,1839652,1835841
OSO,Sulaimaniyah International,Sulaimaniyah,Iraq,IQ,00,35.560833,45.314722,964,0,99237
OSP,Redzikowo,Slupsk,Poland,PL,0-0,54.466667,17.016667,467,3085450,798544
OSR,Mosnov,Ostrava,Czech Republic,CZ,00,49.696111,18.110833,418,3068799,3077311
OSS,Osh International Airport,Osh,Kyrgyzstan,KG,00,40.608889,72.793333,743,0,1527747
OST,Ostend/Bruges International Airport,Ostend,Belgium,BE,00,51.2,2.866667,409,2789786,2802361
OSU,Ohio State University,Columbus,United States,US,011,40.066667,-83.066667,67,5645893,6252001
OSW,Orsk,Orsk,Russian Federation,RU,8-10,51.233333,58.583333,770,514734,2017370
OSX,Attala County,Kosciusko,United States,US,011,33.083333,-89.55,67,4432542,6252001
OSY,Namsos,Namsos,Norway,NO,00,64.466667,11.6,465,3145023,3144096
OSZ,Koszalin,Koszalin,Poland,PL,0-0,54.25,16.25,467,3095049,798544
OTA,Mota,Mota,Ethiopia,ET,00,11.066667,37.883333,522,0,337996
OTC,Bol,Bol,Chad,TD,15,13.433333,14.733333,511,0,2434508
OTD,Contadora,Contadora,Panama,PA,00,8.666667,-79.583333,162,0,3703433
OTG,Worthington,Worthington,United States,US,011,43.65,-95.583333,67,5177396,6252001
OTH,North Bend,North Bend,United States,US,011,43.416667,-124.25,67,5804915,6252001
OTI,Morotai Island,Pitu  Morotai Island,Indonesia,ID,001,2.046111,128.324722,832,0,1643084
OTJ,Otjiwarongo,Otjiwarongo,Namibia,NA,00,-21.733333,18.25,575,3353811,3355338
OTL,Boutilimit,Boutilimit,Mauritania,MR,00,17.533333,-14.716667,545,0,2378080
OTM,Industrial,Ottumwa,United States,US,011,41.1,-92.45,67,4870380,6252001
OTN,Green,Oaktown,United States,US,011,38.866667,-87.433333,67,0,6252001
OTO,Vor,Otto,United States,US,011,35.072222,-105.935556,67,0,6252001
OTP,Henri Coanda International,Bucharest,Romania,RO,00,44.580556,26.088889,473,683506,798549
OTR,Coto 47,Coto 47,Costa Rica,CR,00,8.566667,-82.933333,110,0,3624060
OTS,Anacortes,Anacortes,United States,US,011,48.5,-122.616667,67,5785657,6252001
OTU,Otu,Otu,Colombia,CO,005,6.983333,-74.716667,327,0,3686121
OTV,Ontong Java,Ontong Java,Solomon Islands,SB,00,-5.333333,159.5,874,0,2103350
OTY,Oria,Oria,Papua New Guinea,PG,05,-6.583333,155.683333,804,0,2088628
OTZ,Kotzebue,Kotzebue,United States,US,011,66.866667,-162.633333,67,5866726,6252001
OUA,Ouagadougou,Ouagadougou,Burkina Faso,BF,00,12.35,-1.516667,226,2357048,2361809
OUD,Les Angades,Oujda,Morocco,MA,00,34.683333,-1.75,548,2540483,2542007
OUE,Ouesso,Ouesso,Congo,CG,00,1.533333,16.05,515,2255564,2260494
OUG,Ouahigouya,Ouahigouya,Burkina Faso,BF,00,13.566667,-2.433333,593,2357043,2361809
OUH,Oudtshoorn,Oudtshoorn,South Africa,ZA,00,-33.6025,22.188333,562,967106,953987
OUI,Ban Houei,Ban Houei,Laos,LA,00,20.25,100.433333,744,0,1655842
OUL,Oulu,Oulu,Finland,FI,00,64.933333,25.366667,425,643492,660013
OUM,Oum Hadjer,Oum Hadjer,Chad,TD,15,13.266667,19.716667,511,2426370,2434508
OUN,Max Westheimer,Norman,United States,US,011,35.158333,-97.466667,67,4543762,6252001
OUR,Batouri,Batouri,Cameroon,CM,00,4.470833,14.356944,504,2234663,2233387
OUS,Ourinhos,Ourinhos,Brazil,BR,0014,-22.983333,-49.866667,316,3455729,3469034
OUT,Bousso,Bousso,Chad,TD,15,10.483333,16.716667,511,2434584,2434508
OUU,Ouanga,Ouanga,Gabon,GA,00,-2.983333,10.3,526,0,2400553
OUZ,Zouerate,Zouerate,Mauritania,MR,00,22.7,-12.5,545,0,2378080
OVA,Bekily,Bekily,Madagascar,MG,00,-24.233333,45.3,541,0,1062947
OVB,Tolmachevo,Novosibirsk,Russian Federation,RU,8-10,55.033333,83,770,1496747,2017370
OVD,Asturias,Oviedo/Aviles,Spain,ES,00,43.333333,-6,482,3114711,2510769
OVE,Oroville,Oroville,United States,US,011,39.483333,-121.633333,67,5805838,6252001
OVG,Overberg,Overberg,South Africa,ZA,00,50.75,3.866667,562,0,953987
OVL,Ovalle,Ovalle,Chile,CL,00,-30.4,-71.2,324,3877918,3895114
OVR,Olavarria,Olavarria,Argentina,AR,00,-35.7,-63,303,3842670,3865483
OWA,Owatonna,Owatonna,United States,US,011,44.116667,-93.25,67,5040647,6252001
OWB,Daviess County,Owensboro,United States,US,011,37.75,-87.166667,67,4303436,6252001
OWD,Memorial,Norwood,United States,US,011,42.183333,-71.183333,67,5129364,6252001
OWE,Owendo,Owendo,Gabon,GA,00,0.283333,9.5,526,0,2400553
OWK,Central Maine Airport of Norridgewock,Norridgewock,United States,US,011,44.716667,-69.8,67,4973430,6252001
OXB,Osvaldo Vieira International,Bissau,Guinea-bissau,GW,00,11.894722,-15.653611,559,2374775,2372248
OXC,Waterbury-oxford,Oxford  CT,United States,US,011,41.478611,-73.135278,67,5130319,6252001
OXD,Miami University,Oxford,United States,US,011,45.733333,-63.866667,67,5130319,6252001
OXF,Oxford,Oxford,United Kingdom,GB,00,51.833333,-1.25,493,2640729,2635167
OXO,Orientos,Orientos,Australia,AU,0011,-28.133333,141.533333,802,0,2077456
OXR,Ventura,Ventura,United States,US,011,34.2,-119.2,67,5405878,6252001
OXY,Morney,Morney,Australia,AU,0011,-25.366667,141.466667,802,0,2077456
OYA,Goya,Goya,Argentina,AR,00,-29.1,-59.25,303,3433715,3865483
OYE,Oyem,Oyem,Gabon,GA,00,1.566667,11.583333,526,2396646,2400553
OYG,Moyo,Moyo,Uganda,UG,000,3.65,31.716667,590,0,226074
OYK,Oiapoque,Oiapoque,Brazil,BR,0014,3.866667,-51.8,316,0,3469034
OYL,Moyale,Moyale,Kenya,KE,000,3.533333,39.05,535,186180,192950
OYN,Ouyen,Ouyen,Australia,AU,0011,-32.066667,142.333333,802,2154088,2077456
OYP,St-Georges de lOyapock,St Georges de lOyapock,French Guiana,GF,00,3.9,-51.8,344,0,3381670
OYS,Yosemite Ntl Park,Yosemite Ntl Park,United States,US,011,37.85,-119.55,67,0,6252001
OZA,Ozona Municipal,Ozona,United States,US,011,30.735278,-101.202778,67,5527870,6252001
OZC,Labo,Ozamis City,Philippines,PH,00,8.166667,123.75,766,1696899,1694008
OZH,Zaporozhye,Zaporozhye,Ukraine,UA,8-10,47.8675,35.315833,488,0,690791
OZI,Bobadilla,Bobadilla,Spain,ES,00,13.383333,-87.933333,482,0,2510769
OZP,Moron,Moron,Spain,ES,00,13.816667,-88.716667,482,2513509,2510769
OZR,Cairns AAF,Ozark,United States,US,011,53.116667,22.45,67,4402245,6252001
OZU,Montilla,Montilla,Spain,ES,00,7.566667,-80.6,482,2513601,2510769
OZZ,Ouarzazate,Ouarzazate,Morocco,MA,00,30.916667,-6.916667,548,2540850,2542007
