﻿City Code,Airport Name,City Name,Country,Ctry Code,IDD-Intl Dial,Latitude,Longitude,Area Code,CityGeoID,CtryGeoID
DAA,Davison AAF,Fort Belvoir,United States,US,011,38.716667,-77.183333,67,0,6252001
DAB,Regional,Daytona Beach,United States,US,011,29.183333,-81.05,67,4152872,6252001
DAC,Zia International,Dhaka,Bangladesh,BD,00,23.843333,90.397778,703,0,0
DAD,Da Nang,Da Nang,Viet Nam,VN,00,16.033333,108.183333,791,1583992,1562822
DAE,Daparizo,Daparizo,India,IN,00,27.5,94.333333,733,0,1269750
DAF,Daup,Daup,Papua New Guinea,PG,05,-4.741667,145.958333,804,0,2088628
DAG,Barstow-Daggett,Daggett,United States,US,011,34.85,-116.783333,67,0,6252001
DAH,Dathina,Dathina,Yemen,YE,00,13.866667,46.133333,694,0,69543
DAI,Darjeeling,Darjeeling,India,IN,00,26.75,88.25,733,1273467,1269750
DAJ,Dauan Island,Dauan Island,Australia,AU,0011,-9.433333,142.516667,802,0,2077456
DAK,Dakhla,Dakhla Oasis,Egypt,EG,00,25.5,29.166667,591,0,357994
DAL,Love Field,Dallas,United States,US,011,32.852778,-96.85,67,5722064,6252001
DAM,International,Damascus,Syria,SY,00,33.483333,36.233333,963,170654,163843
DAN,Municipal,Danville,United States,US,011,36.566667,-79.35,67,5341531,6252001
DAO,Dabo,Dabo,Papua New Guinea,PG,05,13.133333,42.166667,804,0,2088628
DAP,Darchula,Darchula,Nepal,NP,00,29.666667,80.5,755,1283484,1282988
DAR,International,Dar Es Salaam,Tanzania,TZ,000,-6.875556,39.201944,585,160263,149590
DAS,Great Bear Lake,Great Bear Lake,Canada,CA,011,66,-1,906,0,6251999
DAU,Daru,Daru,Papua New Guinea,PG,05,-9.083333,143.2,804,2098329,2088628
DAV,Enrique Malek,David,Panama,PA,00,8.390833,-82.435,162,3711668,3703433
DAX,Daxian,Daxian,China,CN,00,31.3,107.5,713,1813325,1814991
DAY,James Cox Dayton Intl,Dayton  Oh,United States,US,011,39.75,-84.183333,67,6545140,6252001
DAZ,Darwaz,Darwaz,Afghanistan,AF,00,38.466667,70.883333,701,0,1149361
DBA,Dalbandin,Dalbandin,Pakistan,PK,00,28.875278,64.403889,764,1180729,1168579
DBB,Alalamain Intl.,Dabaa City,Egypt,EG,00,30.15,28.083333,591,0,357994
DBD,Dhanbad,Dhanbad,India,IN,00,23.8,86.45,733,1272979,1269750
DBM,Debra Marcos,Debra Marcos,Ethiopia,ET,00,10.283333,37.766667,522,339708,337996
DBN,Municipal,Dublin,United States,US,011,32.55,-82.983333,67,5344157,6252001
DBO,Dubbo,Dubbo,Australia,AU,0011,-32.217222,148.574722,802,2168305,2077456
DBP,Debepare,Debepare,Papua New Guinea,PG,05,-6.283333,141.9,804,0,2088628
DBQ,Municipal,Dubuque,United States,US,011,42.4,-90.716667,67,4854529,6252001
DBS,Dubois,Dubois,United States,US,011,44.166667,-112.233333,67,0,6252001
DBT,Debra Tabor,Debra Tabor,Ethiopia,ET,00,11.966667,38,522,339686,337996
DBU,Dambulu Oya Tank,Dambula,Sri Lanka,LK,00,-21.522778,32.896111,711,0,1227603
DBV,Dubrovnik,Dubrovnik,Croatia,HR,00,42.561389,18.268333,415,3201047,3202326
DBY,Dalby,Dalby,Australia,AU,0011,-27.155278,151.267222,802,2169535,2077456
DCA,Ronald Reagan Washington National Airport,Washington  DC,United States,US,011,38.851944,-77.037778,67,5549222,6252001
DCF,Cane Field,Roseau,Dominica,DM,011,15.336667,-61.392222,221,3575635,3575830
DCI,Rafsu Decimomannu,Decimomannu,Italy,IT,00,39.316667,8.966667,450,2524865,3175395
DCK,Dahl Creek Arpt,Dahl Creek,United States,US,011,66.933333,-156.9,67,0,6252001
DCM,Mazamet,Castres,France,FR,00,43.555833,2.285556,427,3028263,3017382
DCR,Decatur Hi-Way,Decatur,United States,US,011,40.833333,-84.933333,67,4990524,6252001
DCT,Duncan Town,Duncan Town,Bahamas,BS,011,22.183333,-75.733333,204,0,3572887
DDC,Dodge City Municipal,Dodge City,United States,US,011,37.766667,-99.966667,67,5445298,6252001
DDG,Dandong,Dandong,China,CN,00,40.2,124.25,713,2037886,1814991
DDI,Daydream Is,Daydream Is,Australia,AU,0011,-20.166667,148.183333,802,0,2077456
DDM,Dodoima,Dodoima,Papua New Guinea,PG,05,-8.75,147.45,804,0,2088628
DDN,Delta Downs,Delta Downs,Australia,AU,0011,-16.916667,141.3,802,0,2077456
DDP,Dorado Beach,Dorado,Puerto Rico,PR,011,18.5,-66.25,3,4564133,4566966
DDU,Dadu,Dadu,Pakistan,PK,00,30.491667,71.302778,764,1180809,1168579
DEA,Dera Ghazi Khan,Dera Ghazi Khan,Pakistan,PK,00,29.961111,70.485833,764,1180289,1168579
DEB,Debrecen,Debrecen,Hungary,HU,00,47.481389,21.602778,437,721472,719819
DEC,Decatur Arpt,Decatur,United States,US,011,39.833333,-88.866667,67,4990524,6252001
DED,Dehra Dun,Dehra Dun,India,IN,00,30.189722,78.180278,733,1273313,1269750
DEF,Dezful,Dezful,Iran,IR,00,32.380278,48.404722,632,0,130758
DEH,Municipal,Decorah,United States,US,011,43.316667,-91.833333,67,4853608,6252001
DEI,Denis Island,Denis Island,Seychelles,SC,00,-3.8,55.666667,570,0,241170
DEL,Indira Gandhi Intl,New Delhi,India,IN,00,28.569444,77.118056,733,1261481,1269750
DEM,Dembidollo,Dembidollo,Ethiopia,ET,00,8.55,34.866667,522,339448,337996
DEN,Denver International,Denver,United States,US,011,39.861667,-104.673056,67,5419384,6252001
DEO,Hyatt Regency H/P,Dearborn,United States,US,011,42.312778,-83.218889,67,4990510,6252001
DEP,Deparizo,Deparizo,India,IN,00,31.016111,50.073889,733,0,1269750
DER,Derim,Derim,Papua New Guinea,PG,05,-6.1,146.816667,804,0,2088628
DES,Desroches,Desroches,Seychelles,SC,00,-4.999722,55.016667,570,0,241170
DET,Detroit City,Detroit  MI,United States,US,011,42.409167,-83.009722,67,4990729,6252001
DEZ,Al Jafrah,Deirezzor,Syria,SY,00,35.333333,40.15,676,0,163843
DFI,Memorial,Defiance,United States,US,011,41.283333,-84.366667,67,5151861,6252001
DFP,Drumduff,Drumduff,Australia,AU,0011,-16,143.033333,802,0,2077456
DFW,Dallas/Fort Worth International,Dallas  TX,United States,US,011,32.896944,-97.038056,67,5722064,6252001
DGA,Dangriga,Dangriga,Belize,BZ,00,17.183333,-88.583333,106,3582228,3582678
DGB,Danger Bay,Danger Bay,United States,US,011,58.083333,-152.75,67,0,6252001
DGC,Degahbur,Degahbur,Ethiopia,ET,00,8.233333,43.583333,522,0,337996
DGD,Dalgaranga,Dalgaranga,Australia,AU,0011,-27.766667,117.033333,802,0,2077456
DGE,Mudgee,Mudgee,Australia,AU,0011,-32.783333,149.166667,802,0,2077456
DGF,Bisbee-douglas International,Douglas,Unites States,US,011,31.468889,-109.653611,67,5823516,0
DGK,Dugong,Dugong,Mozambique,MZ,00,6.900278,124.854722,550,0,1036973
DGL,Douglas Municipal,Douglas,United States,US,011,12.616667,14.983333,67,5823516,6252001
DGM,Dongguan,Dongguan,China,CN,00,27.066667,105.2,713,1812545,1814991
DGN,NAF,Dahlgren,United States,US,011,77.533333,15.35,67,4755143,6252001
DGO,Guadalupe Victoria,Durango,Mexico,MX,00,24,-104.666667,148,4011743,3996063
DGP,Daugavpils,Daugavpils,Latvia,LV,00,55.933333,29.683333,451,460413,458258
DGR,Dargaville,Dargaville,New Zealand,NZ,00,-35.933333,173.866667,851,2191911,2186224
DGT,Dumaguete,Dumaguete,Philippines,PH,00,9.3,123.3,766,1714201,1694008
DGU,Dedougou,Dedougou,Burkina Faso,BF,00,12.466667,-3.483333,593,2361477,2361809
DGW,Converse County,Douglas,United States,US,011,42.75,-105.4,67,5823516,6252001
DHA,Dhahran,Dhahran,Saudi Arabia,SA,00,26.266667,50.166667,670,107797,102358
DHD,Durham Downs,Durham Downs,Australia,AU,0011,-27.066667,141.916667,802,0,2077456
DHF,Al Dhafra Military Apt,Abu Dhabi,United Arab Emirates,AE,00,24.45,54.383333,678,292968,290557
DHI,Dhangarhi,Dhangarhi,Nepal,NP,00,28.25,80.675,755,1283467,1282988
DHL,Dhala,Dhala,Yemen,YE,00,13.7375,44.729167,694,0,69543
DHM,Gaggal Airport,Dharamsala,India,IN,00,32.3,76.266667,733,1272832,1269750
DHN,Dothan Arpt,Dothan,United States,US,011,31.316667,-85.45,67,4059102,6252001
DHR,De Kooy/Den Helder Airport,Den Helder,Netherlands,NL,00,52.924444,4.780833,461,2757220,2750405
DHT,Dalhart,Dalhart,United States,US,011,12.186111,42.89,67,5519862,6252001
DIB,Dibrugarh,Dibrugarh,India,IN,00,27.483333,94.9,733,1272648,1269750
DIC,Dili City Heliport,Dili,East Timor-Indonesia,TP,00,-8.566667,125.533333,862,0,0
DIE,Antsiranana/Arrachart,Antsiranana,Madagascar,MG,00,-12.35,49.3,541,1069129,1062947
DIG,Diqing,Diqing,China,CN,00,26.125556,109.3075,713,0,1814991
DIJ,Dijon,Dijon,France,FR,00,47.266667,5.083333,427,3021372,3017382
DIK,Dickinson,Dickinson,United States,US,011,46.8,-102.8,67,5688789,6252001
DIL,Presidente Nicolau Lobato International Airport,Dili,East Timor-Indonesia,TP,00,-8.546389,125.524722,862,0,0
DIM,Dimbokro,Dimbokro,Cote DIvoire,CI,00,6.65,-4.7,533,2289983,2287781
DIN,Dien Bien,Dien Bien Phu,Viet Nam,VN,00,21.383333,103.016667,791,1583477,1562822
DIO,Diomede Island,Diomede Island,United States,US,011,65.75,-168.95,67,0,6252001
DIP,Diapaga,Diapaga,Burkina Faso,BF,00,12.05,1.783333,593,2361373,2361809
DIQ,Divinopolis,Divinopolis,Brazil,BR,0014,-20.75,-41.883333,316,3464688,3469034
DIR,Aba Tenna D Yilma,Dire Dawa,Ethiopia,ET,00,9.633333,41.866667,522,338832,337996
DIS,Loubomo,Loubomo,Congo,CG,00,-4.216667,12.5,515,2258261,2260494
DIU,Diu,Diu,India,IN,00,20.733333,70.983333,733,1272502,1269750
DIV,Divo,Divo,Cote DIvoire,CI,00,5.833333,-5.366667,533,2289887,2287781
DIW,Mawella Lagoon,Dickwella,Sri Lanka,LK,00,6.966667,81,711,0,1227603
DIY,Diyarbakir,Diyarbakir,Turkey,TR,00,37.9,40.2,679,316541,298795
DJA,Djougou,Djougou,Benin,BJ,00,9.7,1.666667,519,2394560,2395170
DJB,Sultan Taha Syarifudn,Jambi,Indonesia,ID,001,-1.638056,103.644444,832,1642858,1643084
DJE,Djerba-Zarzis,Djerba,Tunisia,TN,00,33.875,10.775556,588,2470384,2464461
DJG,Inedbirenne,Djanet,Algeria,DZ,00,24.45,9.5,500,0,2589581
DJJ,Sentani,Jayapura,Indonesia,ID,001,-2.583333,140.516667,832,2082600,1643084
DJM,Djambala,Djambala,Congo,CG,00,-2.533333,14.75,515,2260401,2260494
DJN,Delta Junction,Delta Junction,United States,US,011,64.033333,-145.683333,67,0,6252001
DJO,Daloa,Daloa,Cote DIvoire,CI,00,6.416667,-6.466667,533,2290486,2287781
DJU,Djupivogur,Djupivogur,Iceland,IS,00,64.666667,-14.166667,439,0,2629691
DKI,Dunk Island,Dunk Island,Australia,AU,0011,-17.933333,146.166667,802,0,2077456
DKK,Dunkirk,Dunkirk,United States,US,011,42.483333,-79.333333,67,5115495,6252001
DKR,Dakar-Yoff-LǸopold SǸdar Senghor International,Dakar,Senegal,SN,00,14.739722,-17.490278,569,2253354,2245662
DKS,Dikson,Dikson,Russian Federation,RU,8-10,73.516667,80.366667,770,1507390,2017370
DKV,Docker River,Docker River,Australia,AU,0011,-24.866667,129.116667,802,0,2077456
DLA,Douala,Douala,Cameroon,CM,00,4.016667,9.716667,504,2232593,2233387
DLB,Dalbertis,Dalbertis,Papua New Guinea,PG,05,56.741667,23.891111,804,0,2088628
DLC,Dalian,Dalian,China,CN,00,38.965556,121.538611,713,1814087,1814991
DLD,Dagali Airport,Geilo,Norway,NO,00,60.466667,8.5,465,3155913,3144096
DLE,Tavaux,Dole,France,FR,00,47.042778,5.435,427,3021263,3017382
DLF,Laughlin Afb,Del Rio,United States,US,011,29.516667,-100,67,5520076,6252001
DLG,Municipal,Dillingham,United States,US,011,59.066667,-158.466667,67,5860695,6252001
DLH,Duluth International,Duluth,United States,US,011,46.833333,-92.183333,67,5024719,6252001
DLI,Lienkhang,Dalat,Viet Nam,VN,00,11.75,108.366667,791,0,1562822
DLK,Dulkaninna,Dulkaninna,Australia,AU,0011,-29.016667,139.466667,802,0,2077456
DLL,Dillon,Dillon,United States,US,011,34.416667,-79.366667,67,5648657,6252001
DLM,Dalaman,Dalaman,Turkey,TR,00,36.716667,28.783333,679,447273,298795
DLN,Dillon,Dillon,United States,US,011,45.216667,-112.633333,67,5648657,6252001
DLO,Dolomi,Dolomi,United States,US,011,55.133333,-132.051389,67,0,6252001
DLP,Disneyland Paris,Disneyland Paris,France,FR,00,48.8725,2.775833,427,0,3017382
DLS,Columbia Gorge Regional/The Dalles Municipal Airport,The Dalles,United States,US,011,45.618611,-121.167222,67,5756304,6252001
DLU,Dali,Dali City,China,CN,00,25.566667,100.233333,713,0,1814991
DLV,Delissaville,Delissaville,Australia,AU,0011,-12.416667,130.341667,802,0,2077456
DLY,Dillons Bay,Dillons Bay,Vanuatu,VU,00,-18.7,169.15,885,0,2134431
DLZ,Dalanzadgad,Dalanzadgad,Mongolia,MN,001,43.966667,104.683333,751,2032007,2029969
DMB,Zhambyl,Zhambyl,Kazakhstan,KZ,8-10,42.9,71.366667,738,1524451,1522867
DMD,Doomadgee,Doomadgee,Australia,AU,0011,-18,138.833333,802,0,2077456
DME,Domodedovo,Moscow,Russian Federation,RU,8-10,55.419444,37.885833,770,524901,2017370
DMK,Don Muang,Bangkok,Thailand,TH,001,13.9125,100.606667,782,1609350,1605651
DMM,King Fahd International Airport,Dammam,Saudi Arabia,SA,00,26.471111,49.797778,670,110336,102358
DMN,Deming,Deming,United States,US,011,26.951667,108.578889,67,5464806,6252001
DMO,Sedalia,Sedalia,United States,US,011,38.833333,-93.416667,67,4408000,6252001
DMR,Dhamar,Dhamar,Yemen,YE,00,14.533333,44.433333,694,0,69543
DMT,Diamantino,Diamantino,Brazil,BR,0014,-14.416667,-56.45,316,3464724,3469034
DMU,Dimapur,Dimapur,India,IN,00,25.9,93.733333,733,1272552,1269750
DNA,Kadena AB,Okinawa,Japan,JP,001,26.355556,127.7675,736,1894616,1861060
DNB,Dunbar,Dunbar,Australia,AU,0011,-16.083333,142.416667,802,0,2077456
DNC,Danane,Danane,Cote DIvoire,CI,00,7.262778,-8.159722,533,2290462,2287781
DND,Dundee,Dundee,United Kingdom,GB,00,56.4525,-3.016667,493,2650752,2635167
DNE,Dallas North Airport,Dallas,United States,US,011,7.716667,40.916667,67,5722064,6252001
DNF,Martuba,Derna,Libya,LY,00,32.55,22.766667,538,87205,2215636
DNG,Doongan,Doongan,Australia,AU,0011,13.662778,122.3275,802,0,2077456
DNH,Dunhuang,Dunhuang,China,CN,00,40.2,94.683333,713,0,1814991
DNI,Wad Medani,Wad Medani,Sudan,SD,00,14.383333,33.533333,583,364103,366755
DNK,Dnepropetrovsk,Dnepropetrovsk,Ukraine,UA,8-10,48.45,34.983333,488,709930,690791
DNL,Daniel Field,Augusta  GA,United States,US,011,33.466389,-82.039444,67,5244365,6252001
DNM,Denham,Denham,Australia,AU,0011,-25.916667,113.533333,802,0,2077456
DNN,Municipal,Dalton,United States,US,011,34.716667,-84.866667,67,5186267,6252001
DNO,Dianopolis,Dianopolis,Brazil,BR,0014,-11.616667,-46.85,316,0,3469034
DNP,Dang,Dang,Nepal,NP,00,28.116667,82.316667,755,0,1282988
DNQ,Deniliquin,Deniliquin,Australia,AU,0011,-35.55,144.95,802,2169068,2077456
DNR,Pleurtuit,Dinard,France,FR,00,48.583333,-2.083333,427,3021351,3017382
DNS,Municipal,Denison,United States,US,011,41.983333,-95.383333,67,4853757,6252001
DNT,Downtown Heliport,Santa Ana,United States,US,011,1.083333,-77.55,67,5392900,6252001
DNU,Dinangat,Dinangat,Papua New Guinea,PG,05,-6.15,146.666667,804,0,2088628
DNV,Vermilion County,Danville  IL,United States,US,011,40.199722,-87.595556,67,5341531,6252001
DNX,Galegu,Dinder,Sudan,SD,00,12,35.5,583,0,366755
DNZ,Cardak,Denizli,Turkey,TR,00,37.787222,29.703333,679,317109,298795
DOA,Doany,Doany,Madagascar,MG,00,-14.366667,49.516667,541,0,1062947
DOC,Dornoch,Dornoch,United Kingdom,GB,00,57.883333,-4.083333,493,2651088,2635167
DOD,Dodoma,Dodoma,Tanzania,TZ,000,-6.170556,35.7525,585,160196,149590
DOE,Djoemoe,Djoemoe,Suriname,SR,00,4,-55.483333,379,0,3382998
DOF,Dora Bay,Dora Bay,United States,US,011,55.2125,-132.266667,67,0,6252001
DOG,Dongola,Dongola,Sudan,SD,00,19.183333,30.433333,583,0,366755
DOH,Doha,Doha,Qatar,QA,00,25.261111,51.565,664,290030,289688
DOI,Doini,Doini,Papua New Guinea,PG,05,-10.716667,150.716667,804,0,2088628
DOK,Donetsk International Airport,Donetsk,Ukraine,UA,8-10,48.083333,37.75,488,709717,690791
DOL,St Gatien,Deauville,France,FR,00,49.366667,0.166667,427,3021668,3017382
DOM,Melville Hall,Dominica,Dominica,DM,011,15.533333,-61.3,221,0,3575830
DON,Dos Lagunas,Dos Lagunas,Guatemala,GT,00,17.633333,-89.666667,127,0,3595530
DOO,Dorobisoro,Dorobisoro,Papua New Guinea,PG,05,-9.5,147.8,804,0,2088628
DOP,Dolpa,Dolpa,Nepal,NP,00,29,82.816667,755,0,1282988
DOR,Dori,Dori,Burkina Faso,BF,00,14.033333,-0.033333,593,2361082,2361809
DOS,Dios,Dios,Papua New Guinea,PG,05,-5.55,154.966667,804,0,2088628
DOU,Dourados,Dourados,Brazil,BR,0014,-22.2,-54.866667,316,3464460,3469034
DOV,Dover AFB,Dover-Cheswold  DE,United States,US,011,39.129444,-75.466111,67,0,6252001
DOX,Dongara,Dongara,Australia,AU,0011,-29.25,114.933333,802,0,2077456
DOY,Dongying,Dongying,China,CN,00,37.454444,118.471944,713,1812101,1814991
DPA,Dupage County,Chicago,United States,US,011,41.914444,-88.246389,67,4887398,6252001
DPE,Dieppe,Dieppe,France,FR,00,49.933333,1.083333,427,3021411,3017382
DPG,Michael AAF,Dugway,United States,US,011,48.583333,-81.016667,67,5774159,6252001
DPK,Deer Park,Deer Park,United States,US,011,40.766667,-73.333333,67,5792143,6252001
DPL,Dipolog,Dipolog,Philippines,PH,00,8.6,123.35,766,1714674,1694008
DPO,Devonport,Devonport,Australia,AU,0011,-41.166667,146.416667,802,2168943,2077456
DPS,Ngurah Rai International,Denpasar  Bali,Indonesia,ID,001,-8.748056,115.167222,832,1645528,1643084
DPU,Dumpu,Dumpu,Papua New Guinea,PG,05,-5.833333,145.75,804,0,2088628
DRA,Desert Rock,Mercury,United States,US,011,-29.133333,29.733333,67,0,6252001
DRB,Derby,Derby,Australia,AU,0011,-17.366667,123.65,802,0,2077456
DRC,Dirico,Dirico,Angola,AO,00,-17.966667,20.783333,502,0,3351879
DRD,Dorunda Station,Dorunda Station,Australia,AU,0011,-16.516667,142.366667,802,0,2077456
DRE,Drummond Island,Drummond Island,United States,US,011,46.016667,-83.75,67,0,6252001
DRF,Drift River,Drift River,United States,US,011,60.583333,-152.15,67,0,6252001
DRG,Deering,Deering,United States,US,011,66.083333,-162.766667,67,5085351,6252001
DRH,Dabra,Dabra,Indonesia,ID,001,-2.8,138.316667,832,0,1643084
DRI,Beauregard Parish,De Ridder,United States,US,011,53.2,5.45,67,0,6252001
DRM,Drama,Drama,Greece,GR,00,41.15,24.133333,433,736364,390903
DRN,Dirranbandi,Dirranbandi,Australia,AU,0011,-28.5,148.258333,802,0,2077456
DRO,La Plata,Durango,United States,US,011,37.15,-107.75,67,5420241,6252001
DRR,Durrie,Durrie,Australia,AU,0011,-25.6,140.25,802,0,2077456
DRS,Dresden Arpt,Dresden,Germany,DE,00,51.133333,13.766667,429,2935022,2921044
DRT,International,Del Rio,United States,US,011,29.366667,-100.916667,67,5520076,6252001
DRU,Drummond,Drummond,United States,US,011,46.616667,-113.2,67,0,6252001
DRW,Darwin,Darwin,Australia,AU,0011,-12.416667,130.866667,802,2073124,2077456
DSA,Robin Hood,Doncaster Sheffield,United Kingdom,GB,00,53.474722,-1.004444,493,0,2635167
DSC,Dschang,Dschang,Cameroon,CM,00,5.833333,10.091667,504,2232444,2233387
DSD,La Desirade,La Desirade,Guadeloupe,GP,00,16.333333,-61.016667,235,0,3579143
DSE,Combolcha,Dessie,Ethiopia,ET,00,11.066667,39.716667,522,339219,337996
DSI,Destin-Fort Walton Beach Airport,Destin,United States,US,011,30.388611,-86.538333,67,4153188,6252001
DSK,Dera Ismail Khan,Dera Ismail Khan,Pakistan,PK,00,31.833333,70.841667,764,1180281,1168579
DSL,Daru,Daru,Sierra Leone,SL,00,8,-10.8,571,2409663,2403846
DSM,Des Moines International,Des Moines  IA,United States,US,011,41.533889,-93.663056,67,5792244,6252001
DSN,Dongsheng,Dongsheng,China,CN,00,39.85,110.033333,713,1812256,1814991
DTA,Delta,Delta,United States,US,011,39.383333,-112.5,67,5538080,6252001
DTD,Datadawai,Datadawai,Indonesia,ID,001,0.716667,116.483333,832,0,1643084
DTE,Naga,Daet,Philippines,PH,00,14.129167,122.980278,766,1716287,1694008
DTH,Death Valley,Death Valley,United States,US,011,36.452222,-116.869167,67,0,6252001
DTL,Municipal,Detroit Lakes,United States,US,011,46.833333,-95.883333,67,5024237,6252001
DTM,Dortmund,Dortmund,Germany,DE,00,51.518333,7.612222,429,2935517,2921044
DTN,Shreveport Downtown,Shreveport  LA,United States,US,011,32.540278,-93.745,67,4341513,6252001
DTR,Decatur Island,Decatur Island,United States,US,011,42.218611,-83.348333,67,0,6252001
DTW,Detroit Metropolitan Wayne County,Detroit  MI,United States,US,011,42.2125,-83.353333,67,4990729,6252001
DUA,Eaker,Durant,United States,US,011,18.083333,-73.85,67,4854674,6252001
DUB,Dublin,Dublin,Ireland,IE,00,53.433333,-6.25,441,2964574,2963597
DUC,Halliburton Field,Duncan,United States,US,011,34.466667,-97.966667,67,4577083,6252001
DUD,Dunedin International,Dunedin,New Zealand,NZ,00,-45.866667,170.366667,851,2191562,2186224
DUE,Dundo,Dundo,Angola,AO,00,-7.4,20.816667,502,0,3351879
DUF,Pine Island Airport,Corolla  NC,United States,US,011,36.253611,-75.788611,67,0,6252001
DUG,Bisbee-Douglas Intl,Douglas,United States,US,011,31.466667,-109.6,67,5823516,6252001
DUJ,Du Bois-Jefferson County,Du Bois,United States,US,011,41.178333,-78.898611,67,5187432,6252001
DUK,Dukuduk,Dukuduk,South Africa,ZA,00,-28.366667,32.235556,562,0,953987
DUM,Pinang Kampai,Dumai,Indonesia,ID,001,1.683333,101.45,832,1645133,1643084
DUN,Dundas,Dundas,Greenland,GL,00,76.566667,-68.8,975,0,3425505
DUQ,Duncan/Quam,Duncan/Quam,Canada,CA,011,48.783333,-123.7,906,5943865,6251999
DUR,Durban International,Durban,South Africa,ZA,00,-29.97,30.950556,562,1007311,953987
DUS,DǬsseldorf International Airport,Dusseldorf,Germany,DE,00,51.289444,6.766667,429,2934246,2921044
DUT,Emergency Field,Dutch Harbor,United States,US,011,53.9,-166.533333,67,0,6252001
DVA,Deva,Deva,Romania,RO,00,45.883333,22.916667,473,679452,798549
DVK,Diavik,Diavik,Canada,CA,011,64.511389,-110.289444,906,0,6251999
DVL,Devils Lake,Devils Lake,United States,US,011,48.116667,-98.9,67,5058868,6252001
DVN,Davenport,Davenport,United States,US,011,-24.233333,141.066667,67,5791805,6252001
DVO,Francisco Bangoy International,Davao,Philippines,PH,00,7.125556,125.645833,766,1715348,1694008
DVP,Davenport Downs,Davenport Downs,Australia,AU,0011,-24.166667,141.083333,802,0,2077456
DVR,Daly River,Daly River,Australia,AU,0011,-13.75,130.683333,802,0,2077456
DVT,Phoenix Deer Valley Airport,Phoenix,United States,US,011,33.688333,-112.0825,67,5745656,6252001
DWA,Dwangwa,Dwangwa,Malawi,MW,00,-13,34.133333,542,0,927384
DWB,Soalala,Soalala,Madagascar,MG,00,-16.1,45.366667,541,0,1062947
DWD,Dawadmi,Dawadmi,Saudi Arabia,SA,00,24.449722,44.121111,670,0,102358
DWF,Wright AFB,Dayton,United States,US,011,46.233333,-83.333333,67,6545140,6252001
DWH,David Wayne Hooks,Houston,United States,US,011,30.061944,-95.552778,67,5864312,6252001
DWN,Downtown Airpark,Oklahoma City,United States,US,011,35.449167,-97.533056,67,4544349,6252001
DWS,Walt Disney World,Orlando,United States,US,011,28.400278,-82.438333,67,4167147,6252001
DXA,Deux Alpes,Deux Alpes,France,FR,00,48.15,-0.55,427,0,3017382
DXB,Dubai,Dubai,United Arab Emirates,AE,00,25.25,55.333333,971,292223,290557
DXD,Dixie,Dixie,Australia,AU,0011,-15.166667,143.666667,802,0,2077456
DXR,Danbury Municipal Airport,Danbury  CT,United States,US,011,41.371667,-73.482222,67,5085222,6252001
DYA,Dysart,Dysart,Australia,AU,0011,-22.533333,149.383333,802,0,2077456
DYG,Dayong,Dayong,China,CN,00,29.133333,110.483333,713,1813171,1814991
DYL,Doylestown,Doylestown,United States,US,011,40.316667,-75.133333,67,5187248,6252001
DYM,Diamantina Lakes,Diamantina Lakes,Australia,AU,0011,-23.866667,141.25,802,0,2077456
DYR,Anadyr,Anadyr,Russian Federation,RU,8-10,64.733333,177.75,770,2127202,2017370
DYS,Dyess AFB,Abilene,United States,US,011,54.1075,-1.483611,67,4669635,6252001
DYU,Dushanbe,Dushanbe,Tajikistan,TJ,8-10,38.5,68.5,783,1221874,1220409
DYW,Daly Waters,Daly Waters,Australia,AU,0011,-16.266667,133.366667,802,0,2077456
DZA,Dzaoudzi,Dzaoudzi,Comoros,KM,00,-12.8,45.283333,513,0,921929
DZI,Codazzi,Codazzi,Colombia,CO,005,9.6,-73.45,327,0,3686121
DZN,Zhezhazgan,Zhezkazgan,Kazakhstan,KZ,8-10,47.7,67.733333,738,0,1522867
DZO,Santa Bernardina,Durazno,Uruguay,UY,00,-33.358889,-56.499167,305,3442727,3439705
DZU,Dazu,Dazu,China,CN,00,29.7,105.8,713,0,1814991
