City Code,Airport Name,City Name,Country,Ctry Code,IDD-Intl Dial,Latitude,Longitude,Area Code,CityGeoID,CtryGeoID
UAB,Adana-Incirlik Airbase,Adana,Turkey,TR,00,38.633333,28.883333,679,325363,298795
UAC,San Luis Rio Colorado,San Luis Rio Colorado,Mexico,MX,00,32.45,-114.8,148,3985604,3996063
UAE,Mount Aue,Mount Aue,Papua New Guinea,PG,05,-6.233333,144.65,804,0,2088628
UAH,Ua Huka,Ua Huka,French Polynesia,PF,00,-8.933333,-139.55,823,0,4020092
UAI,Suai,Suai,Indonesia,ID,001,-9.3,125.283333,832,0,1643084
UAK,Narsarsuaq,Narsarsuaq,Greenland,GL,00,61.148611,-45.372222,975,0,3425505
UAL,Luau,Luau,Angola,AO,00,-10.783333,20.5,502,876177,3351879
UAM,Andersen AFB,Andersen  Mariana Island,Guam,GU,011,13.433333,144.766667,5,0,4043988
UAP,Ua Pou,Ua Pou,French Polynesia,PF,00,-9.35,-140.05,823,0,4020092
UAQ,San Juan,San Juan,Argentina,AR,00,-31.6,-68.55,303,3837213,3865483
UAS,Samburu,Samburu,Kenya,KE,000,0.466667,37.566667,535,0,192950
UAX,Uaxactun,Uaxactun,Guatemala,GT,00,17.383333,-89.666667,127,0,3595530
UBA,Uberaba,Uberaba,Brazil,BR,0014,-19.75,-47.95,316,3445839,3469034
UBB,Mabuiag Island,Mabuiag Island,Australia,AU,0011,-9.95,142.183333,802,0,2077456
UBI,Buin,Buin,Papua New Guinea,PG,05,-6.716667,155.7,804,0,2088628
UBJ,Ube,Ube,Japan,JP,001,33.966667,131.341667,736,1849498,1861060
UBP,Muang Ubon,Ubon Ratchathni,Thailand,TH,001,15.251389,104.870278,782,0,1605651
UBR,Ubrub,Ubrub,Indonesia,ID,001,-3.733333,140.8,832,0,1643084
UBS,Lowndes County,Columbus,United States,US,011,33.449722,-88.365833,67,5645893,6252001
UBT,Ubatuba,Ubatuba,Brazil,BR,0014,-23.433333,-45.066667,316,3445847,3469034
UBU,Kalumburu,Kalumburu,Australia,AU,0011,-14.416667,126.666667,802,0,2077456
UCA,Oneida County,Utica,United States,US,011,43.15,-75.383333,67,5174913,6252001
UCE,Eunice,Eunice,United States,US,011,30.5,-92.416667,67,5467187,6252001
UCK,Lutsk,Lutsk,Ukraine,UA,8-10,50.75,25.333333,488,702569,690791
UCN,Buchanan,Buchanan,Liberia,LR,00,5.9,-10.083333,537,2278158,2275384
UCT,Ukhta,Ukhta,Russian Federation,RU,8-10,63.566667,53.8,770,554318,2017370
UCY,Everett-Stewart,Union City,United States,US,011,36.416667,-89.05,67,5404555,6252001
UDD,Bermuda Dunes,Palm Springs,United States,US,011,33.733333,-116.266667,67,5380668,6252001
UDE,Volkel,Uden,Netherlands,NL,00,51.656389,5.708611,461,2746005,2750405
UDI,Eduardo Gomes,Uberlandia,Brazil,BR,0014,-18.882778,-48.225556,316,3445831,3469034
UDJ,Uzhgorod,Uzhgorod,Ukraine,UA,8-10,48.634167,22.263333,488,690548,690791
UDN,Airfield,Udine,Italy,IT,00,46.033333,13.183333,450,3165072,3175395
UDO,Udomxay,Udomxay,Laos,LA,00,19.133333,103.816667,744,0,1655842
UDR,Dabok,Udaipur,India,IN,00,24.616667,73.883333,733,1253987,1269750
UEE,Queenstown,Queenstown,Australia,AU,0011,-42,145.508333,802,0,2077456
UEL,Quelimane,Quelimane,Mozambique,MZ,00,-17.866667,36.85,550,1028434,1036973
UEO,Kumejima,Kumejima,Japan,JP,001,26.366667,126.716667,736,0,1861060
UER,Puertollano,Puertollano,Spain,ES,00,38.683333,-4.116667,482,2512177,2510769
UES,Waukesha,Waukesha,United States,US,011,43.016667,-88.2,67,5278052,6252001
UET,Quetta,Quetta,Pakistan,PK,00,30.25,66.933333,764,1167528,1168579
UFA,Ufa,Ufa,Russian Federation,RU,8-10,54.5575,55.874444,770,479561,2017370
UGA,Bulgan,Bulgan,Mongolia,MN,001,48.8,103.55,751,2032201,2029969
UGB,Ugashik Bay,Pilot Point,United States,US,011,57.433333,-157.75,67,4719021,6252001
UGC,Urgench,Urgench,Uzbekistan,UZ,8-10,41.666667,60.533333,788,1512473,1512440
UGI,Uganik,Uganik,United States,US,011,57.883333,-153.5,67,0,6252001
UGN,Memorial,Waukegan,United States,US,011,42.35,-87.833333,67,4915734,6252001
UGO,Uige,Uige,Angola,AO,00,-7.583333,14.983333,502,2236568,3351879
UGU,Zugapa,Zugapa,Indonesia,ID,001,38.766667,40.333333,832,0,1643084
UHE,Kunovice,Uherske Hradiste,Czech Republic,CZ,00,49.041667,17.45,418,3063739,3077311
UHF,RAF Station,Upper Heyford,United Kingdom,GB,00,51.933333,-1.266667,493,0,2635167
UIB,Quibdo,Quibdo,Colombia,CO,005,5.683333,-76.633333,327,3671116,3686121
UIH,Qui Nhon,Qui Nhon,Viet Nam,VN,00,13.766667,109.216667,791,1568574,1562822
UII,Utila,Utila,Honduras,HN,00,16.091667,-86.8875,131,0,3608932
UIK,Ust-Ilimsk,Ust-Ilimsk,Russian Federation,RU,8-10,58.133333,102.55,770,0,2017370
UIL,Quillayute State,Quillayute,United States,US,011,47.95,-124.566667,67,0,6252001
UIN,Municipal,Quincy,United States,US,011,39.933333,-91.183333,67,5807713,6252001
UIO,Mariscal Sucre,Quito,Ecuador,EC,00,0.133333,-78.483333,337,3652462,3658394
UIP,Pluguffan,Quimper,France,FR,00,47.966667,-4.166667,427,2984701,3017382
UIQ,Quine Hill,Quine Hill,Vanuatu,VU,00,-17.55,168.416667,885,0,2134431
UIR,Quirindi,Quirindi,Australia,AU,0011,-31.490556,150.513889,802,0,2077456
UIT,Jaluit Island,Jaluit Island,Marshall Islands,MH,011,5.833333,169.616667,844,0,2080185
UIZ,Berz-Macomb,Utica,United States,US,011,37.066667,10.066667,67,5174913,6252001
UJE,Ujae Island,Ujae Island,Marshall Islands,MH,011,9.083333,165.666667,844,0,2080185
UKA,Ukunda,Ukunda,Kenya,KE,000,-4.296389,39.571111,535,0,192950
UKB,Kobe,Kobe,Japan,JP,001,34.632778,135.223889,736,1859171,1861060
UKI,Ukiah,Ukiah,United States,US,011,39.126667,-123.2,67,5404476,6252001
UKK,Ust-kamenogorsk,Ust-kamenogorsk,Kazakhstan,KZ,8-10,50.033333,82.5,738,0,1522867
UKN,Municipal,Waukon,United States,US,011,43.266667,-91.483333,67,4880997,6252001
UKR,Mukeiras,Mukeiras,Yemen,YE,00,13.933333,45.683333,694,0,69543
UKS,Belbek,Sevastopol,Ukraine,UA,8-10,45.354722,34.474722,488,694423,690791
UKT,Upper Bucks,Quakertown,United States,US,011,40.433333,-75.333333,67,5207381,6252001
UKU,Nuku,Nuku,Papua New Guinea,PG,05,-3.683333,142.466667,804,0,2088628
UKX,Ust-Kut,Ust-Kut,Russian Federation,RU,8-10,56.85,105.733333,770,0,2017370
UKY,Kansai,Kyoto,Japan,JP,001,35,135.75,736,1857910,1861060
ULA,San Julian,San Julian,Argentina,AR,00,-49.3,-67.75,303,0,3865483
ULB,Ulei,Ulei,Vanuatu,VU,00,-16.333333,168.294444,885,0,2134431
ULC,Los Cerrillos,Santiago,Chile,CL,00,19.333333,-72.2,324,3871336,3895114
ULD,Ulundi,Ulundi,South Africa,ZA,00,-28.283333,31.433333,562,946257,953987
ULE,Sule,Sule,Papua New Guinea,PG,05,-4.966667,151.316667,804,0,2088628
ULG,Ulgit,Ulgit,Mongolia,MN,001,48.966667,89.966667,751,0,2029969
ULI,Ulithi,Ulithi,Micronesia,FM,011,9.966667,139.666667,810,0,2081918
ULL,Mull,Mull,United Kingdom,GB,00,56.416667,-6.333333,493,0,2635167
ULM,New Ulm,New Ulm,United States,US,011,44.316667,-94.5,67,5039173,6252001
ULN,Chinggis Khaan International,Ulaanbaatar,Mongolia,MN,001,47.843056,106.766667,751,2028462,2029969
ULO,Ulaangom,Ulaangom,Mongolia,MN,001,49.983333,92.066667,751,1515029,2029969
ULP,Quilpie,Quilpie,Australia,AU,0011,-26.633333,144.3,802,0,2077456
ULQ,Farfan,Tulua,Colombia,CO,005,4.083333,-76,327,3666645,3686121
ULS,Mulatos,Mulatos,Colombia,CO,005,8.65,-76.75,327,0,3686121
ULU,Gulu,Gulu,Uganda,UG,000,2.783333,32.3,590,233346,226074
ULX,Ulusaba,Ulusaba,South Africa,ZA,00,-24.783333,31.35,562,0,953987
ULY,Vostochny,Ulyanovsk,Russian Federation,RU,8-10,54.401111,48.800278,770,0,2017370
ULZ,Uliastai,Uliastai,Mongolia,MN,001,47.75,96.85,751,0,2029969
UMA,Punta De Maisi,Punta De Maisi,Cuba,CU,119,20.25,-74.15,219,0,3562981
UMB,North Shore,Umnak Island,United States,US,011,53.366667,-167.9,67,0,6252001
UMC,Umba,Umba,Papua New Guinea,PG,05,-7.016667,145.966667,804,0,2088628
UMD,Uummannaq,Uummannaq,Greenland,GL,00,70.666667,-52,975,0,3425505
UME,Umea,Umea,Sweden,SE,00,63.791944,20.282778,484,602150,2661886
UMI,Quincemil,Quincemil,Peru,PE,00,-13.266667,-70.633333,368,0,3932488
UMM,Summit,Summit,United States,US,011,63.333333,-149.133333,67,5812505,6252001
UMR,Woomera,Woomera,Australia,AU,0011,-31.166667,136.833333,802,0,2077456
UMT,Umiat,Umiat,United States,US,011,69.366667,-152.133333,67,0,6252001
UMU,Ernesto Geisel,Umuarama,Brazil,BR,0014,-23.75,-53.333333,316,3445782,3469034
UMY,Sumy,Sumy,Ukraine,UA,8-10,50.858333,34.7625,488,692194,690791
UNA,Una,Una,Brazil,BR,0014,-15.355278,-38.998889,316,3461528,3469034
UNC,Unguia,Unguia,Colombia,CO,005,8.033333,-77.083333,327,3666475,3686121
UND,Kunduz,Kunduz,Afghanistan,AF,00,36.65,68.883333,701,1135689,1149361
UNE,Qachas Nek,Qachas Nek,Lesotho,LS,00,-30.1,28.7,536,0,932692
UNG,Kiunga,Kiunga,Papua New Guinea,PG,05,-6.116667,141.291667,804,2093846,2088628
UNI,Union Island,Union Island,Saint Vincent and the Grenadines,VC,011,12.616667,-61.433333,279,0,3577815
UNK,Unalakleet,Unalakleet,United States,US,011,63.883333,-160.783333,67,0,6252001
UNN,Ranong,Ranong,Thailand,TH,001,9.852778,98.629167,782,1150965,1605651
UNR,Underkhaan,Underkhaan,Mongolia,MN,001,47.316667,110.666667,751,0,2029969
UNS,Umnak,Umnak Island,United States,US,011,26.8,98.083333,67,0,6252001
UNT,Baltasound,Unst Shetland Is,United Kingdom,GB,00,60.75,-0.85,493,0,2635167
UNU,Dodge County,Juneau  WI,United States,US,011,43.426389,-88.703889,67,5554072,6252001
UOL,Buol,Buol,Indonesia,ID,001,1.166667,121.433333,832,0,1643084
UON,Muong Sai,Muong Sai,Laos,LA,00,20.816667,102,744,0,1655842
UOS,Franklin County,Sewanee,United States,US,011,35.205278,-85.898056,67,4656589,6252001
UOX,University-Oxford,Oxford,United States,US,011,34.383333,-89.533333,67,5130319,6252001
UPA,Punta Alegre,Punta Alegre,Cuba,CU,119,22.383333,-78.816667,219,0,3562981
UPB,Playa Baracoa,Havana,Cuba,CU,119,23.131944,-82.364167,219,3553478,3562981
UPC,Puerto La Cruz,Puerto La Cruz,Venezuela,VZ,00,28.4,-16.55,482,0,0
UPF,Pforheim,Pforheim,Germany,DE,00,48.9,8.7,429,0,2921044
UPG,Hasanudin,Ujung Pandang,Indonesia,ID,001,-5.116667,119.4,832,0,1643084
UPL,Upala,Upala,Costa Rica,CR,00,10.783333,-85.033333,110,3621153,3624060
UPN,Uruapan,Uruapan,Mexico,MX,00,19.416667,-102.05,148,3980760,3996063
UPP,Upolu Point,Upolu Point,United States,US,011,20.266667,-155.85,67,0,6252001
UPR,Upiara,Upiara,Papua New Guinea,PG,05,-8.533333,142.633333,804,0,2088628
UPV,Upavon,Upavon,United Kingdom,GB,00,51.283333,-1.816667,493,0,2635167
UQE,Queen,Queen,United States,US,011,58.883333,-158.5,67,0,6252001
URA,Uralsk / Podstepnyy,Uralsk,Kazakhstan,KZ,8-10,51.150833,51.543056,738,0,1522867
URB,Ernesto Pochler,Urubupunga,Brazil,BR,0014,-20.8,-51.566667,316,0,3469034
URC,Urumqi,Urumqi,China,CN,00,43.933333,87.733333,713,1529102,1814991
URD,Burg Feuerstein,Burg Feuerstein,Germany,DE,00,54.433333,11.2,429,0,2921044
URE,Kuressaare,Kuressaare,Estonia,EE,00,58.23,22.509444,422,590939,453733
URG,Ruben Berta,Uruguaiana,Brazil,BR,0014,-29.783333,-57.033333,316,3445679,3469034
URI,Uribe,Uribe,Colombia,CO,005,3.216667,-74.4,327,0,3686121
URJ,Uraj,Uraj,Russian Federation,RU,8-10,60.116667,64.833333,770,1488429,2017370
URM,Uriman,Uriman,Venezuela,VE,00,5.341667,-62.758333,388,0,3625428
URO,Boos,Rouen,France,FR,00,49.383333,1.183333,427,2982652,3017382
URR,Urrao,Urrao,Colombia,CO,005,6.333333,-76.183333,327,3666395,3686121
URS,Kursk,Kursk,Russian Federation,RU,8-10,51.750556,36.295556,770,538560,2017370
URT,Surat Thani,Surat Thani,Thailand,TH,001,9.1,99.333333,782,1150515,1605651
URY,Gurayat,Gurayat,Saudi Arabia,SA,00,31.333333,37.416667,670,0,102358
URZ,Uruzgan,Uruzgan,Afghanistan,AF,00,32.9,66.616667,701,1131462,1149361
USH,Islas Malvinas,Ushuaia,Argentina,AR,00,-54.843333,-68.295833,303,3833367,3865483
USI,Mabaruma,Mabaruma,Guyana,GY,001,8.202778,-59.808333,350,0,3378535
USK,Usinsk,Usinsk,Russian Federation,RU,8-10,65.95,57.4,770,0,2017370
USL,Useless Loop,Useless Loop,Australia,AU,0011,-25.966667,113.116667,802,0,2077456
USM,Koh Samui,Koh Samui,Thailand,TH,001,9.55,100.066667,782,0,1605651
USN,Ulsan,Ulsan,Reublic of Korea,KR,00,35.593611,129.3525,778,1833747,0
USO,Usino,Usino,Papua New Guinea,PG,05,-5.5,145.433333,804,0,2088628
USQ,Usak,Usak,Turkey,TR,00,38.678611,29.471667,679,298299,298795
USS,Sancti Spiritus,Sancti Spiritus,Cuba,CU,119,21.972222,-79.446944,219,3540667,3562981
UST,St Augustine,St Augustine,United States,US,011,29.95,-81.333333,67,0,6252001
USU,Puerto Princessa,Busuanga,Philippines,PH,00,12.121389,120.1,766,0,1694008
UTA,Mutare,Mutare,Zimbabwe,ZW,00,-18.966667,32.45,565,884979,878675
UTB,Muttaburra,Muttaburra,Australia,AU,0011,-22.588056,144.526667,802,0,2077456
UTC,Soesterberg,Utrecht,Netherlands,NL,00,52.128333,5.276944,461,2745912,2750405
UTD,Nutwood Downs,Nutwood Downs,Australia,AU,0011,-15.833333,134.166667,802,0,2077456
UTE,Butterworth,Butterworth,South Africa,ZA,00,-32.383333,28.066667,562,1014489,953987
UTG,Quthing,Quthing,Lesotho,LS,00,-30.5,27.6,536,932183,932692
UTH,Udon Thani,Udon Thani,Thailand,TH,001,17.386389,102.788333,782,1605239,1605651
UTI,Utti,Valkeala,Finland,FI,00,60.9,26.933333,425,632669,660013
UTK,Utirik Island,Utirik Island,Marshall Islands,MH,011,11.233333,169.866667,844,0,2080185
UTL,Torremolinos,Torremolinos,Spain,ES,00,38.916667,-5.7,482,2510281,2510769
UTN,Upington,Upington,South Africa,ZA,00,-28.416667,21.266667,562,945945,953987
UTO,Indian Mountain AFS,Utopia Creek,United States,US,011,65.983333,-153.683333,67,0,6252001
UTP,Utapao,Utapao,Thailand,TH,001,12.666667,100.983333,782,0,1605651
UTR,Uttaradit,Uttaradit,Thailand,TH,001,17.669444,100.243889,782,1605215,1605651
UTT,Umtata,Umtata,South Africa,ZA,00,-31.583333,28.783333,562,946058,953987
UTU,Ustupo,Ustupo,Panama,PA,00,9.416667,-78.6,162,3700269,3703433
UTW,Queenstown,Queenstown,South Africa,ZA,00,-31.916667,26.883333,562,963516,953987
UUA,Bugulma,Bugulma,Russian Federation,RU,8-10,54.616667,52.816667,770,0,2017370
UUD,Ulan-ude  Mukhino,Ulan-ude,Russian Federation,RU,8-10,51.833333,107.5,770,2014407,2017370
UUK,Kuparuk,Kuparuk,United States,US,011,70.416667,-148.916667,67,0,6252001
UUN,Baruun-Urt,Baruun-Urt,Mongolia,MN,001,46.683333,113.283333,751,2032614,2029969
UUS,Yuzhno-Sakhalinsk,Yuzhno-Sakhalinsk,Russian Federation,RU,8-10,46.883333,142.716667,770,2119441,2017370
UUU,Manumu,Manumu,Papua New Guinea,PG,05,-8.083333,147.55,804,0,2088628
UVA,Garner Fld,Uvalde,United States,US,011,29.2,-99.733333,67,4738721,6252001
UVE,Ouvea,Ouvea,New Caledonia,NC,00,-20.5,166.666667,846,0,2139685
UVF,Hewanorra,St Lucia,Saint Lucia,LC,011,13.75,-60.95,276,0,3576468
UVL,Kharga,Kharga,Egypt,EG,00,25.456944,30.570278,591,0,357994
UVO,Uvol,Uvol,Papua New Guinea,PG,05,-5.416667,151.833333,804,0,2088628
UWA,Ware,Ware,United States,US,011,42.25,-72.233333,67,4954477,6252001
UYL,Nyala,Nyala,Sudan,SD,00,12.066667,24.9,583,0,366755
UYN,Yulin,Yulin,China,CN,00,38.333333,109.483333,713,1785781,1814991
UZC,Ponikve,Uzice,Serbia,CS,99,43.898889,19.697778,497,0,0
UZH,Unayzah,Unayzah,Saudi Arabia,SA,00,26.1,43.933333,670,0,102358
UZU,Curuzu Cuatia,Curuzu Cuatia,Argentina,AR,00,-29.783333,-58.016667,303,0,3865483
