City Code,Airport Name,City Name,Country,Ctry Code,IDD-Intl Dial,Latitude,Longitude,Area Code,CityGeoID,CtryGeoID
IAA,Igarka,Igarka,Russian Federation,RU,8-10,67.433333,86.633333,770,1505991,2017370
IAD,Washington Dulles International,Washington  DC,United States,US,011,38.944444,-77.455833,67,5549222,6252001
IAG,International,Niagara Falls,United States,US,011,43.1,-79.033333,67,5128723,6252001
IAH,George Bush Intercontinental,Houston,United States,US,011,29.984444,-95.341389,67,5864312,6252001
IAM,In Amenas,In Amenas,Algeria,DZ,00,28.051667,9.642778,500,0,2589581
IAN,Bob Barker Memorial,Kiana,United States,US,011,66.983333,-160.416667,67,0,6252001
IAQ,Bahregan,Bahregan,Iran,IR,00,29.834722,50.267778,632,0,130758
IAR,Yaroslavl,Yaroslavl,Russian Federation,RU,8-10,57.616667,39.883333,770,0,2017370
IAS,Iasi,Iasi,Romania,RO,00,47.183333,27.6,473,675810,798549
IAU,Iaura,Iaura,Papua New Guinea,PG,05,-9.783333,148.1,804,0,2088628
IBA,Ibadan,Ibadan,Nigeria,NG,009,7.433333,3.9,555,2339354,2328926
IBE,Ibague,Ibague,Colombia,CO,005,4.416667,-75.15,327,3680656,3686121
IBI,Iboki,Iboki,Papua New Guinea,PG,05,-5.583333,149.2,804,0,2088628
IBL,Indigo Bay Lodge,Indigo Bay Lodge,Mozambique,MZ,00,-21.705833,35.451389,550,0,1036973
IBO,Ibo,Ibo,Mozambique,MZ,00,-12.333333,40.583333,550,0,1036973
IBP,Iberia,Iberia,Peru,PE,00,-11.366667,-69.566667,368,3938531,3932488
IBZ,Ibiza,Ibiza,Spain,ES,00,38.866667,1.35,482,2516479,2510769
ICA,Icabaru,Icabaru,Venezuela,VE,00,4.333333,-61.733333,388,0,3625428
ICI,Cicia,Cicia,Fiji,FJ,00,-16.733333,179.583333,821,0,2205218
ICK,Nieuw Nickerie,Nieuw Nickerie,Suriname,SR,00,5.933333,-56.983333,379,3383427,3382998
ICL,Municipal,Clarinda,United States,US,011,40.733333,-95.033333,67,4851762,6252001
ICN,Incheon International,Seoul,Korea,KR,00,37.469167,126.450556,778,1835848,1835841
ICO,Sicogon Island,Sicogon Island,Philippines,PH,00,11.45,123.266667,766,0,1694008
ICR,Nicaro,Nicaro,Cuba,CU,119,20.983333,-75.975,219,0,3562981
ICT,Mid-Continent,Wichita,United States,US,011,37.65,-97.433333,67,4281730,6252001
ICY,Icy Bay,Icy Bay,United States,US,011,59.983333,-141.65,67,0,6252001
IDA,Fanning Field,Idaho Falls,United States,US,011,43.516667,-112.066667,67,5596475,6252001
IDB,Idre,Idre,Sweden,SE,00,61.866667,12.583333,484,0,2661886
IDC,Ila Da Chilonzuene,Ila Da Chilonzuene,Mozambique,MZ,00,42.533333,-4.55,550,0,1036973
IDF,Idiofa,Idiofa,Zaire,ZR,00,-5,19.508333,517,0,0
IDG,Municipal,Ida Grove,United States,US,011,42.35,-95.466667,67,4861464,6252001
IDI,ndiana County Airport,Indiana  PA,United States,US,011,40.632222,-79.105556,67,5194868,6252001
IDK,Indulkana,Indulkana,Australia,AU,0011,-26.966667,133.325,802,0,2077456
IDN,Indagen,Indagen,Papua New Guinea,PG,05,-6.033333,147.033333,804,0,2088628
IDO,Rio,Santa Isabel Do Morro,Brazil,BR,0014,-11.572222,-50.666111,316,0,3469034
IDP,Independence,Independence,United States,US,011,16.533333,-88.416667,67,5732763,6252001
IDR,Devi Ahilyabai Holkar,Indore,India,IN,00,22.716667,75.8,733,1269743,1269750
IEG,Babimost,Zielona Gora,Poland,PL,0-0,52.138611,15.798611,467,3080165,798544
IEJ,Iejima,Iejima,Japan,JP,001,26.733333,127.783333,736,0,1861060
IEV,Zhulhany,Kiev,Ukraine,UA,8-10,50.4,30.466667,488,703448,690791
IFA,Iowa Falls,Iowa Falls,United States,US,011,42.516667,-93.266667,67,4862069,6252001
IFF,Iffley,Iffley,Australia,AU,0011,-18.916667,141.25,802,0,2077456
IFJ,Isafjordur,Isafjordur,Iceland,IS,00,66.0575,-23.140556,439,3415667,2629691
IFL,Innisfail,Innisfail,Australia,AU,0011,-17.566667,146.033333,802,2162683,2077456
IFN,Isfahan International,Isfahan,Iran,IR,00,32.750833,51.861389,632,418863,130758
IFO,Ivano-Frankovsk,Ivano-Frankovsk,Ukraine,UA,8-10,48.883333,24.683333,488,0,690791
IFP,Laughlin Bullhead Intl,Bullhead City,United States,US,011,30.733333,72.816667,67,5287565,6252001
IGA,Inagua,Inagua,Bahamas,BS,011,20.983333,-73.666667,204,0,3572887
IGB,Ingeniero Jacobacci,Ingeniero Jacobacci,Argentina,AR,00,-41.3,-69.583333,303,0,3865483
IGE,Iguela,Iguela,Gabon,GA,00,-1.916667,9.316667,526,0,2400553
IGG,Igiugig,Igiugig,United States,US,011,59.316667,-155.9,67,0,6252001
IGH,Ingham,Ingham,Australia,AU,0011,-18.8,146.1,802,2162737,2077456
IGL,Cigli Military Arpt,Izmir,Turkey,TR,00,38.516667,27.016667,679,311046,298795
IGM,Kingman,Kingman,United States,US,011,35.25,-113.933333,67,5301067,6252001
IGN,Maria Cristina,Iligan,Philippines,PH,00,8.25,124.25,766,0,1694008
IGO,Chigorodo,Chigorodo,Colombia,CO,005,7.685,-76.694722,327,3686636,3686121
IGR,Cataratas,Iguazu,Argentina,AR,00,-25.583333,-54.333333,303,0,3865483
IGS,Ingolstadt-manching,Ingolstadt-manching,Germany,DE,00,49.662222,9.9275,429,0,2921044
IGU,Cataratas,Iguassu Falls,Brazil,BR,0014,-25.683333,-54.45,316,0,3469034
IHA,Niihama,Niihama,Japan,JP,001,33.95,133.3,736,1855425,1861060
IHC,Inhaca,Inhaca,Mozambique,MZ,00,-26,32.933333,550,0,1036973
IHN,Qishn,Qishn,Yemen,YE,00,15.433333,51.7,694,0,69543
IHO,Ihosy,Ihosy,Madagascar,MG,00,-22.401389,46.133333,541,1064275,1062947
IHR,Iran Shahr,Iran Shahr,Iran,IR,00,35.614444,51.311389,632,0,130758
IHU,Ihu,Ihu,Papua New Guinea,PG,05,-7.9,145.383333,804,0,2088628
IIA,Inishmaan,Galloway,Ireland,IE,00,53.091944,-9.57,441,0,2963597
IIL,Ilaam,Ilaam,Iran,IR,00,33.586667,46.404722,632,0,130758
IIN,Nishinoomote,Nishinoomote,Japan,JP,001,30.833333,131.008333,736,1855203,1861060
IIS,Nissan Island,Nissan Island,Papua New Guinea,PG,05,-4.333333,154.341667,804,0,2088628
IJK,Izhevsk,Izhevsk,Russian Federation,RU,8-10,56.833333,53.466667,770,554840,2017370
IJU,J. Batista Bos Filho Airport,Ijui,Brazil,BR,0014,-28.418611,-53.916667,316,3461444,3469034
IJX,Municipal,Jacksonville,United States,US,011,39.766667,-90.233333,67,5733409,6252001
IKB,Wilkes County,Wilkesboro,United States,US,011,36.166667,-81.15,67,4499138,6252001
IKI,Iki,Iki,Japan,JP,001,33.75,129.783333,736,0,1861060
IKK,Greater Kankakee,Kankakee,United States,US,011,41.066667,-87.85,67,4898182,6252001
IKL,Ikela,Ikela,Democratic Republic of Congo,CD,00,-1.2,23.283333,517,0,0
IKO,Nikolski AFS,Nikolski,United States,US,011,52.95,-168.866667,67,0,6252001
IKP,Inkerman,Inkerman,Australia,AU,0011,-16.25,141.5,802,0,2077456
IKS,Tiksi,Tiksi,Russian Federation,RU,8-10,71.697778,128.903056,770,0,2017370
IKT,Irkutsk,Irkutsk,Russian Federation,RU,8-10,52.5,104.333333,770,2023469,2017370
ILA,Illaga,Illaga,Indonesia,ID,001,-3.833333,137.583333,832,0,1643084
ILB,Ilha Solteira,Ilha Solteira,Brazil,BR,0014,-20.383333,-51.333333,316,3461411,3469034
ILE,Municipal,Killeen,United States,US,011,31.15,-97.716667,67,4703223,6252001
ILF,Ilford,Ilford,Canada,CA,011,56.066667,-95.583333,906,0,6251999
ILG,Greater Wilmington,Wilmington,United States,US,011,39.683333,-75.6,67,4955840,6252001
ILI,Iliamna,Iliamna,United States,US,011,59.733333,-154.966667,67,0,6252001
ILK,Ilaka,Ilaka,Madagascar,MG,00,-19.75,48.816667,541,0,1062947
ILL,Willmar,Willmar,United States,US,011,45.116667,-95.1,67,5052916,6252001
ILM,Wilmington International,Wilmington,United States,US,011,34.270556,-77.9025,67,4955840,6252001
ILN,Clinton Field,Wilmington,United States,US,011,39.416667,-83.8,67,4955840,6252001
ILO,Iloilo International,Iloilo,Philippines,PH,00,10.713056,122.545278,766,1711005,1694008
ILP,Ile Des Pins,Ile Des Pins,New Caledonia,NC,00,-22.583333,167.45,846,0,2139685
ILQ,Ilo,Ilo,Peru,PE,00,-14.899722,-71.956389,368,3938415,3932488
ILR,Ilorin,Ilorin,Nigeria,NG,009,8.5,4.533333,555,2337639,2328926
ILU,Kilaguni,Kilaguni,Kenya,KE,000,-2.9,38.066667,535,0,192950
ILX,Ileg,Ileg,Papua New Guinea,PG,05,-5.483333,145.833333,804,0,2088628
ILY,Glenegedale,Islay,United Kingdom,GB,00,55.683333,-6.25,493,0,2635167
ILZ,Zilina,Zilina,Slovak Republic,SK,00,49.233333,18.766667,483,3056508,0
IMA,Iamalele,Iamalele,Papua New Guinea,PG,05,-9.5,150.5,804,0,2088628
IMB,Imbaimadai,Imbaimadai,Guyana,GY,001,5.716667,-60.283333,350,0,3378535
IMD,Imonda,Imonda,Papua New Guinea,PG,05,-3.35,141.516667,804,0,2088628
IMF,Municipal,Imphal,India,IN,00,24.866667,93.933333,733,1269771,1269750
IMG,Inhaminga,Inhaminga,Mozambique,MZ,00,-18.4,35,550,0,1036973
IMI,Ine Island,Ine Island,Marshall Islands,MH,011,6.983333,171.616667,844,0,2080185
IMK,Simikot,Simikot,Nepal,NP,00,29.966667,81.833333,755,0,1282988
IML,Imperial,Imperial,United States,US,011,40.516667,-101.616667,67,5696354,6252001
IMM,Immokalee,Immokalee,United States,US,011,26.416667,-81.416667,67,4159553,6252001
IMN,Imane,Imane,Papua New Guinea,PG,05,-6.7,146.083333,804,0,2088628
IMO,Zemio,Zemio,Central African Republic,CF,00,5.033333,25.133333,509,0,239880
IMP,Imperatriz,Imperatriz,Brazil,BR,0014,-5.5,-47.416667,316,3398269,3469034
IMT,Ford,Iron Mountain,United States,US,011,45.816667,-88.116667,67,4997232,6252001
IMZ,Nimroz,Nimroz,Afghanistan,AF,00,31.1,61.933333,701,0,1149361
INA,Inta,Inta,Russian Federation,RU,8-10,66.066667,60.1,770,0,2017370
INB,Independence,Independence,Belize,BZ,00,16.533333,-88.433333,106,0,3582678
INC,Yinchuan,Yinchuan,China,CN,00,38.366667,106.366667,713,1786657,1814991
IND,Indianapolis International,Indianapolis  IN,United States,US,011,39.717222,-86.294722,67,4259418,6252001
INE,Chinde,Chinde,Mozambique,MZ,00,-18.616667,36.4,550,0,1036973
INF,Newark Liberty International,In Guezzam,Algeria,DZ,00,19.566667,5.75,500,0,2589581
ING,Lago Argentino,Lago Argentino,Argentina,AR,00,-50.333333,-72.25,303,3858677,3865483
INH,Inhambane,Inhambane,Mozambique,MZ,00,-23.866667,35.416667,550,1045114,1036973
INI,Constantine The Great International,Nis,Serbia,RS,99,43.337222,21.853611,497,0,6290252
INJ,Injune,Injune,Australia,AU,0011,-25.85,148.55,802,0,2077456
INK,Wink,Wink,United States,US,011,31.783333,-103.2,67,0,6252001
INL,Falls Intl,International Falls,United States,US,011,48.566667,-93.4,67,5031404,6252001
INM,Innamincka,Innamincka,Australia,AU,0011,-27.833333,140.833333,802,0,2077456
INN,Innsbruck-kranebitten,Innsbruck,Austria,AT,00,47.266667,11.35,403,2775220,2782113
INO,Inongo,Inongo,Democratic Republic of Congo,CD,00,-1.966667,18.266667,517,2315417,0
INQ,Inisheer,Inisheer,Ireland,IE,00,53.033333,-9.433333,441,0,2963597
INR,Kincheloe AFB,Sault Ste Marie,United States,US,011,45.85,5.416667,67,0,6252001
INS,Af Aux,Indian Springs,United States,US,011,46.283333,22.1,67,5506040,6252001
INT,Smith-Reynolds,Winston Salem,United States,US,011,36.133333,-80.219444,67,0,6252001
INU,Nauru International,Nauru Island,Nauru,NR,00,-0.5475,166.919167,845,0,2110425
INV,Inverness,Inverness,United Kingdom,GB,00,57.533333,-4.05,493,2646088,2635167
INW,Winslow-Lindbergh,Winslow  AZ,United States,US,011,35.021944,-110.7225,67,5816320,6252001
INX,Inanwatan,Inanwatan,Indonesia,ID,001,-2.133333,132.166667,832,0,1643084
INY,Inyati,Inyati,South Africa,ZA,00,-24.783333,31.383333,562,0,953987
INZ,In Salah,In Salah,Algeria,DZ,00,27.25,2.516667,500,0,2589581
IOA,Ioannina,Ioannina,Greece,GR,00,39.7,20.816667,433,261779,390903
IOK,Iokea,Iokea,Papua New Guinea,PG,05,-8.4,146.266667,804,0,2088628
IOM,Ronaldsway,Isle Of Man,United Kingdom,GB,00,54.083333,-4.623889,493,0,2635167
ION,Impfondo,Impfondo,Congo,CG,00,1.616667,18.066667,515,2259655,2260494
IOP,Ioma,Ioma,Papua New Guinea,PG,05,-8.366667,147.85,804,0,2088628
IOR,Kilronan,Inishmore,Ireland,IE,00,53.106667,-9.653333,441,0,2963597
IOS,Eduardo Gomes,Ilheus,Brazil,BR,0014,-14.815833,-39.033333,316,3461408,3469034
IOU,Ile Ouen,Ile Ouen,New Caledonia,NC,00,-22.416667,166.8,846,0,2139685
IOW,Iowa City,Iowa City  IA,United States,US,011,41.639167,-91.546389,67,4862034,6252001
IPA,Ipota,Ipota,Vanuatu,VU,00,-18.75,169.183333,885,0,2134431
IPC,Mataveri Intl,Easter Island,Chile,CL,00,-27.164722,-109.416667,324,0,3895114
IPE,Ipil,Ipil,Philippines,PH,00,7.783333,122.583333,766,1710612,1694008
IPG,Ipiranga,Ipiranga,Brazil,BR,0014,-3.333333,-69.416667,316,0,3469034
IPH,Sultan Azlan Shah Airport,Ipoh,Malaysia,MY,00,4.568056,101.092222,749,1734634,1733045
IPI,San Luis,Ipiales,Colombia,CO,005,0.866667,-77.7,327,3680539,3686121
IPL,Imperial County,Imperial,United States,US,011,32.833333,-115.566667,67,5696354,6252001
IPN,Usiminas,Ipatinga,Brazil,BR,0014,-19.5,-42.533333,316,3461144,3469034
IPT,Lycoming County,Williamsport,United States,US,011,41.25,-76.916667,67,5219585,6252001
IPU,Ipiau,Ipiau,Brazil,BR,0014,-14.133333,-39.733333,316,3461129,3469034
IPW,Ipswich,Ipswich,United Kingdom,GB,00,52.033333,1.2,493,2646057,2635167
IQM,Qiemo,Qiemo,China,CN,00,38.133333,85.533333,713,0,1814991
IQN,Qingyang,Qingyang,China,CN,00,36.1,107.783333,713,1797658,1814991
IQQ,Cavancha,Iquique,Chile,CL,00,-20.233333,-70.15,324,3887127,3895114
IQT,C.F. Secada,Iquitos,Peru,PE,00,-3.75,-73.216667,368,3696183,3932488
IRA,Kirakira,Kirakira,Solomon Islands,SB,00,-10.5,161.833333,874,2178753,2103350
IRB,Municipal,Iraan,United States,US,011,30.9,-101.9,67,5523798,6252001
IRC,Circle City,Circle,United States,US,011,65.833333,-144.083333,67,0,6252001
IRD,Ishurdi,Ishurdi,Bangladesh,BD,00,24.15,89.05,703,1185207,1210997
IRE,Irece,Irece,Brazil,BR,0014,-11.3,-41.866667,316,3461013,3469034
IRG,Lockhart River,Lockhart River,Australia,AU,0011,-12.783333,143.3,802,0,2077456
IRI,Nduli,Iringa,Tanzania,TZ,000,-7.633333,35.766667,585,159071,149590
IRJ,Capitan Vicente Almando,La Rioja,Argentina,AR,00,-29.381667,-66.795833,303,3848950,3865483
IRK,Municipal,Kirksville,United States,US,011,40.1,-92.55,67,5055787,6252001
IRN,Iriona,Iriona,Honduras,HN,00,15.95,-85.183333,131,0,3608932
IRO,Birao,Birao,Central African Republic,CF,00,10.5,22.55,509,240210,239880
IRP,Matari,Isiro,Zaire,ZR,00,2.783333,27.65,517,0,0
IRS,Kirsch Municipal,Sturgis,United States,US,011,41.8,-85.416667,67,5769489,6252001
ISA,Mount Isa,Mount Isa,Australia,AU,0011,-20.666667,139.466667,802,2065594,2077456
ISB,Islamabad International,Islamabad,Pakistan,PK,00,33.616667,73.1,764,1176615,1168579
ISC,St Marys,Isles Of Scilly,United Kingdom,GB,00,49.9,-6.4,493,0,2635167
ISD,Iscuande,Iscuande,Colombia,CO,005,2.441667,-77.966667,327,3680491,3686121
ISG,Ishigaki,Ishigaki,Japan,JP,001,24.344444,124.186944,736,1861416,1861060
ISH,Ischia,Ischia,Italy,IT,00,40.633333,13.833333,450,3175458,3175395
ISI,Isisford,Isisford,Australia,AU,0011,-24.2,144.416667,802,0,2077456
ISJ,Isla Mujeres,Isla Mujeres,Mexico,MX,00,21.266667,-86.75,148,3526756,3996063
ISK,Gandhinagar Arpt,Nasik,India,IN,00,19.966667,73.816667,733,1261731,1269750
ISL,Isabel Pass,Isabel Pass,United States,US,011,63.5,-145.033333,67,0,6252001
ISM,Kissimmee Gateway,Kissimmee,United States,US,011,28.283333,-81.433333,67,4160983,6252001
ISN,Sloulin Field Intl,Williston,United States,US,011,48.183333,-103.65,67,5692947,6252001
ISO,Stallings Field,Kinston,United States,US,011,35.333333,-77.616667,67,4474436,6252001
ISP,Long Island Mac Arthur,Islip  NY,United States,US,011,40.795278,-73.100278,67,5122413,6252001
ISS,Wiscasset,Wiscasset,United States,US,011,43.969444,-69.716667,67,4983359,6252001
IST,Ataturk,Istanbul,Turkey,TR,00,40.976944,28.821111,679,745044,298795
ISW,Alexander Field,Wisconsin Rapids,United States,US,011,44.766667,-89.677778,67,5279436,6252001
ISZ,Cincinnati-Blue Ash Airport,Cincinnati  OH,United States,US,011,39.246667,-84.388889,67,4508722,6252001
ITA,Itacoatiara,Itacoatiara,Brazil,BR,0014,-3.2,-58.5,316,0,3469034
ITB,Itaituba,Itaituba,Brazil,BR,0014,-4.266667,-55.983333,316,3397967,3469034
ITE,Itubera,Itubera,Brazil,BR,0014,-13.7,-39.2,316,3460530,3469034
ITH,Tompkins County,Ithaca,United States,US,011,42.483333,-76.466667,67,5122432,6252001
ITI,Itambacuri,Itambacuri,Brazil,BR,0014,-18.016667,-41.7,316,3460817,3469034
ITK,Itokama,Itokama,Papua New Guinea,PG,05,-9.516667,147.3,804,0,2088628
ITM,Itami,Osaka,Japan,JP,001,34.785278,135.438056,736,1853909,1861060
ITN,Itabuna,Itabuna,Brazil,BR,0014,-14.8,-39.383333,316,3460949,3469034
ITO,Hilo International,Hilo,United States,US,011,19.716667,-155.05,67,5855927,6252001
ITP,Itaperuna,Itaperuna,Brazil,BR,0014,-21.2,-41.9,316,3460733,3469034
ITQ,Itaqui,Itaqui,Brazil,BR,0014,-29.166667,-56.533333,316,3460629,3469034
ITR,Hidroeletrica,Itumbiara,Brazil,BR,0014,-18.444722,-49.213333,316,3460522,3469034
IUE,Hanan,Niue Island,Niue,NU,00,-19,-169,852,0,4036232
IUL,Ilu,Ilu,Indonesia,ID,001,-3.75,138.083333,832,0,1643084
IUM,Summit Lake,Summit Lake,Canada,CA,011,54.283333,-122.633333,906,0,6251999
IUS,Inus,Inus,Papua New Guinea,PG,05,-5.816667,155.166667,804,0,2088628
IVA,Ambanja,Ambanja,Madagascar,MG,00,-13.65,48.466667,541,1083724,1062947
IVC,Invercargill,Invercargill,New Zealand,NZ,00,-46.415,168.32,851,2189529,2186224
IVG,Ivangrad,Berane,Montenegro,ME,99,42.833333,19.85,382,0,3194884
IVH,Ivishak,Ivishak,United States,US,011,69.4,-148.25,67,0,6252001
IVL,Ivalo,Ivalo,Finland,FI,00,68.6,27.416667,425,0,660013
IVO,Chivolo,Chivolo,Colombia,CO,005,10.016667,-74.683333,327,3686445,3686121
IVR,Inverell,Inverell,Australia,AU,0011,-29.833333,151.533333,802,2162662,2077456
IVW,Inverway,Inverway,Australia,AU,0011,-17.766667,129.233333,802,0,2077456
IWA,Ivanova,Ivanova,Russian Federation,RU,8-10,57,41,770,0,2017370
IWD,Gogebic County,Ironwood,United States,US,011,46.533333,-90.133333,67,4997249,6252001
IWJ,Iwami,Iwami,Japan,JP,001,-10.45,150.333333,736,0,1861060
IWO,Iwo Jima Airbase,Iwo Jima Vol,Japan,JP,001,24.783333,141.333333,736,0,1861060
IXA,Singerbhil,Agartala,India,IN,00,23.9,91.25,733,1279290,1269750
IXB,Bagdogra,Bagdogra,India,IN,00,26.733333,88.333333,733,1277897,1269750
IXC,Chandigarh,Chandigarh,India,IN,00,30.666667,76.8,733,1274746,1269750
IXD,Bamrauli,Allahabad,India,IN,00,25.433333,81.733333,733,1278994,1269750
IXE,Bajpe,Mangalore,India,IN,00,12.961389,74.89,733,1263780,1269750
IXG,Sambre,Belgaum,India,IN,00,15.85,74.6,733,1276533,1269750
IXH,Kailashahar,Kailashahar,India,IN,00,24.316667,92.016667,733,1268622,1269750
IXI,Lilabari,Lilabari,India,IN,00,27.266667,94.1,733,0,1269750
IXJ,Satwari,Jammu,India,IN,00,32.683333,74.833333,733,1269321,1269750
IXK,Keshod,Keshod,India,IN,00,21.316944,70.270278,733,1267227,1269750
IXL,Bakula Rimpoche,Leh,India,IN,00,34.166667,77.583333,733,1264976,1269750
IXM,Madurai,Madurai,India,IN,00,9.834444,78.093333,733,1264521,1269750
IXN,Khowai,Khowai,India,IN,00,24.066667,91.633333,733,1266649,1269750
IXP,Pathankot,Pathankot,India,IN,00,32.233333,75.633333,733,1260137,1269750
IXQ,Kamalpur,Kamalpur,India,IN,00,24.133333,91.816667,733,1268271,1269750
IXR,Birsa Munda International,Ranchi,India,IN,00,23.314167,85.321667,733,1258526,1269750
IXS,Kumbhirgram,Silchar,India,IN,00,24.966667,92.516667,733,1256287,1269750
IXT,Pasighat,Pasighat,India,IN,00,28.066667,95.366667,733,1260206,1269750
IXU,Chikkalthana,Aurangabad,India,IN,00,19.883333,75.416667,733,1278149,1269750
IXV,Along,Along,India,IN,00,28.416667,94.841667,733,1278969,1269750
IXW,Sonari,Jamshedpur,India,IN,00,22.816667,86.166667,733,1269300,1269750
IXY,Kandla,Kandla,India,IN,00,23.116667,70.1,733,1268124,1269750
IXZ,Port Blair,Port Blair,India,IN,00,11.666667,92.733333,733,1259385,1269750
IYK,Kern County,Inyokern,United States,US,011,35.65,-117.833333,67,5359623,6252001
IZO,Izumo,Izumo,Japan,JP,001,35.416667,132.666667,736,1861084,1861060
IZT,Ixtepec,Ixtepec,Mexico,MX,00,16.449444,-95.093611,148,3526674,3996063
