City Code,Airport Name,City Name,Country,Ctry Code,IDD-Intl Dial,Latitude,Longitude,Area Code,CityGeoID,CtryGeoID
HAA,Hasvik,Hasvik,Norway,NO,00,70.483333,22.033333,465,0,3144096
HAB,Marion County,Hamilton,United States,US,011,34.116667,-88,67,5655959,6252001
HAC,Hachijo Jima,Hachijo Jima,Japan,JP,001,33.166667,139.8,736,0,1861060
HAD,Halmstad,Halmstad,Sweden,SE,00,56.690833,12.82,484,2708365,2661886
HAE,Havasupai,Havasupai,United States,US,011,36.230556,-112.669444,67,0,6252001
HAF,Half Moon,Half Moon,United States,US,011,37.483333,-122.466667,67,4469607,6252001
HAH,Prince Said Ibrahim In,Moroni,Comoros,KM,00,-12.469167,43.274722,513,921772,921929
HAI,Dr Haines,Three Rivers,United States,US,011,6,-9.75,67,5756628,6252001
HAJ,Hanover Arpt,Hanover,Germany,DE,00,52.461111,9.685,429,2910831,2921044
HAK,Haikou,Haikou,China,CN,00,19.983333,110.033333,713,1809078,1814991
HAL,Halali,Halali,Namibia,NA,00,-19.966667,13.066667,575,0,3355338
HAM,Hamburg Airport,Hamburg,Germany,DE,00,53.633333,9.983333,429,2911298,2921044
HAN,Noibai International,Hanoi,Viet Nam,VN,00,21.221111,105.807222,791,1581130,1562822
HAO,Hamilton,Hamilton,United States,US,011,39.433333,-84.5,67,5655959,6252001
HAP,Long Island,Long Island,Australia,AU,0011,-19.166667,147.666667,802,0,2077456
HAQ,Hanimaadhoo,Hanimaadhoo,Maldives,MV,00,6.75,73.15,750,0,1282028
HAR,Capital City,Harrisburg,United States,US,011,40.215833,-76.851944,67,5730389,6252001
HAS,Hail,Hail,Saudi Arabia,SA,00,27.516667,41.75,670,0,102358
HAT,Heathlands,Heathlands,Australia,AU,0011,-19.720833,140.583333,802,0,2077456
HAU,Haugesund,Haugesund,Norway,NO,00,59.416667,5.3,465,3153623,3144096
HAV,Jose Marti Intl,Havana,Cuba,CU,119,23.016667,-82.383333,219,3553478,3562981
HAW,Haverfordwest,Haverfordwest,United Kingdom,GB,00,51.816667,-4.966667,493,2647311,2635167
HAX,Hatbox Field,Muskogee,United States,US,011,35.745833,-95.412778,1,4543338,6252001
HAY,Haycock,Haycock,United States,US,011,65.2,-161.15,67,0,6252001
HAZ,Hatzfeldthaven,Hatzfeldthaven,Papua New Guinea,PG,05,-4.333333,145.166667,804,0,2088628
HBA,Hobart,Hobart,Australia,AU,0011,-42.836111,147.510278,802,0,2077456
HBB,Industrial Airpark,Hobbs,United States,US,011,-18.999722,142,67,5471578,6252001
HBD,Habi,Habi,Papua New Guinea,PG,05,25.8,43.3,804,0,2088628
HBE,Amiryah West,Alexandria,Egypt,EG,00,30.917778,29.696389,591,361058,357994
HBG,The Hattiesburg-Bobby L. Chain Mun.,Hattiesburg,United States,US,011,19.233333,-72.233333,67,4429295,6252001
HBH,Hobart Bay,Hobart Bay,United States,US,011,57.408333,-133.466667,67,0,6252001
HBI,Harbour Island,Harbour Island,Bahamas,BS,011,25.5,-76.75,204,3572462,3572887
HBL,Babelegi Heliport,Babelegi,South Africa,ZA,00,-25.403056,28.279444,562,0,953987
HBN,Flamingo,Phu-bon,Viet Nam,VN,00,12,106.008333,791,0,1562822
HBO,Municipal,Humboldt,United States,US,011,40.166667,-95.95,67,4861335,6252001
HBR,Hobart,Hobart  OK,United States,US,011,34.991389,-99.051389,67,5797430,6252001
HBT,Hafr Albatin,Hafr Albatin,Saudi Arabia,SA,00,27.894444,45.526389,670,0,102358
HBX,Hubli,Hubli,India,IN,00,15.361667,75.084722,733,1269920,1269750
HCA,Howard County,Big Spring,United States,US,011,32.3,-101.433333,67,5517061,6252001
HCB,Shoal Cove,Shoal Cove,United States,US,011,55.458333,-131.283333,67,0,6252001
HCM,Eil,Eil,Somalia,SO,00,8,49.925,573,60019,51537
HCN,Hengchun,Hengchun,Taiwan,TW,002,28.258889,113.410556,781,0,1668284
HCQ,Halls Creek,Halls Creek,Australia,AU,0011,-18.233333,127.666667,802,0,2077456
HCR,Holy Cross,Holy Cross,United States,US,011,62.15,-159.783333,67,0,6252001
HCS,Randburg Heliport,Johannesburg,South Africa,ZA,00,-28.733333,19.3,562,993800,953987
HCW,Cheraw,Cheraw,United States,US,011,34.7,-79.883333,67,4574434,6252001
HDA,Hidden Falls,Hidden Falls,United States,US,011,57.066667,-134.983333,67,0,6252001
HDB,Heidelberg,Heidelberg,Germany,DE,00,49.393333,8.6525,429,2907911,2921044
HDD,Hyderabad,Hyderabad,Pakistan,PK,00,25.3,68.383333,764,1176734,1168579
HDE,Brewster Field,Holdrege,United States,US,011,40.433333,-99.366667,67,5070216,6252001
HDF,Heringsdorf,Heringsdorf,Germany,DE,00,53.878611,14.152222,429,2906078,2921044
HDH,Dillingham Airfield,Oahu,United States,US,011,3.866667,154.983333,67,0,6252001
HDM,Hamadan,Hamadan,Iran,IR,00,34.85,48.55,632,0,130758
HDN,Yampa Valley,Hayden,United States,US,011,40.519444,-106.869444,67,5595320,6252001
HDR,Havadarya,Havadarya,Iran,IR,00,46.483333,24.833333,632,0,130758
HDS,Hoedspruit Airport,Hoedspruit,South Africa,ZA,00,-24.368611,31.048611,562,0,953987
HDY,Hat Yai,Hat Yai,Thailand,TH,001,7.016667,100.45,782,1610780,1605651
HEA,Herat,Herat,Afghanistan,AF,00,34.183333,62.233333,701,1140026,1149361
HEB,Henzada,Henzada,Myanmar,MM,00,17.6,95.45,706,1325211,1327865
HED,Herendeen,Herendeen,United States,US,011,55.8,-160.9,67,0,6252001
HEE,Thompson-Robbins,Helena,United States,US,011,34.583333,-90.666667,67,5656882,6252001
HEH,Heho,Heho,Myanmar,MM,00,20.733333,96.783333,706,0,1327865
HEI,Heide-Buesum,Heide-Buesum,Germany,DE,00,54.15,8.9,429,0,2921044
HEK,Heihe,Heihe,China,CN,00,50.25,127.3,713,2036973,1814991
HEL,Helsinki-vantaa,Vantaa,Finland,FI,00,60.317222,24.963333,425,0,660013
HEM,Helsinki-malmi,Helsinki,Finland,FI,00,60.258333,25.05,425,658225,660013
HEN,Hendon,Hendon,United Kingdom,GB,00,51.583333,-0.233333,493,0,2635167
HEO,Haelogo,Haelogo,Papua New Guinea,PG,05,-9.133333,147.583333,804,0,2088628
HER,Nikos Kazantzakis Airport,Heraklion,Greece,GR,00,35.339722,25.180278,433,261745,390903
HES,State,Hermiston,United States,US,011,45.85,-119.283333,67,5731070,6252001
HET,Hohhot,Hohhot,China,CN,00,40.833333,111.616667,713,2036892,1814991
HEV,Huelva,Huelva,Spain,ES,00,37.258333,-6.950833,482,2516548,2510769
HEW,Hellinikon,Athens,Greece,GR,00,37.983333,23.733333,433,264371,390903
HEX,Santo Domingo Herrera,Santo Domingo,Dominican Republic,DO,011,19.500556,-70.235278,224,3492908,3508796
HEY,Hanchey Army Heliport,Ozark,United States,US,011,53.116667,22.45,67,4402245,6252001
HEZ,Hardy-Anders,Natchez,United States,US,011,31.616667,-91.3,67,4437982,6252001
HFA,Haifa,Haifa,Israel,IL,00,32.8,35.05,636,294801,294640
HFD,Brainard,Hartford,United States,US,011,41.766667,-72.683333,67,5255628,6252001
HFE,Shanghai,Luogang,China,CN,00,31.95,117.283333,713,0,1814991
HFF,Mackall AAF,Hoffman,United States,US,011,-40.2,-72.166667,67,0,6252001
HFN,Hornafjordur,Hornafjordur,Iceland,IS,00,64.233333,-15.233333,439,0,2629691
HFS,Hagfors,Hagfors,Sweden,SE,00,60.0175,13.569167,484,0,2661886
HFT,Hammerfest,Hammerfest,Norway,NO,00,70.7,23.666667,465,779683,3144096
HGA,Hargeisa,Hargeisa,Somalia,SO,00,9.483333,44.1,573,57289,51537
HGD,Hughenden,Hughenden,Australia,AU,0011,-20.833333,144.2,802,0,2077456
HGH,Hangzhou,Hangzhou,China,CN,00,30.3,120.283333,713,1808926,1814991
HGI,Higlieg,Higlieg,Sudan,SD,00,53.966667,113.766667,583,0,366755
HGL,Helgoland,Helgoland,Germany,DE,00,54.183333,7.916667,429,0,2921044
HGN,Mae Hong Son,Mae Hong Son,Thailand,TH,001,19.3,97.966667,782,1152222,1605651
HGO,Korhogo,Korhogo,Cote DIvoire,CI,00,9.416667,-5.616667,533,2286304,2287781
HGR,Wash. County Regional,Hagerstown,United States,US,011,39.7,-77.716667,67,4357141,6252001
HGS,Hastings,Freetown,Sierra Leone,SL,00,8.616111,-13.183056,571,2409306,2403846
HGT,Hunter AAF,Jolon,United States,US,011,-7.3,157.033333,67,0,6252001
HGU,Kagamuga,Mount Hagen,Papua New Guinea,PG,05,-5.829167,144.298056,804,2090409,2088628
HGZ,Hogatza,Hogatza,United States,US,011,66.183333,-155.666667,67,0,6252001
HHA,Huanghua International,Changsha,China,CN,00,28.189167,113.219722,713,1815577,1814991
HHE,Hachinohe,Hachinohe,Japan,JP,001,40.55,141.483333,736,2130203,1861060
HHH,Hilton Head,Hilton Head,United States,US,011,32.224444,-80.6975,67,0,6252001
HHI,Wheeler AFB,Wahiawa,United States,US,011,13.966667,-4.433333,67,5853992,6252001
HHN,Frankfurt-Hahn,Hahn,Germany,DE,00,49.948611,7.263889,429,0,2921044
HHP,H K Heliport,Hong Kong,Hong Kong,HK,001,22.25,114.183333,729,1819729,1819730
HHQ,Hua Hin Airport,Hua Hin,Thailand,TH,001,12.630556,99.954444,782,1153269,1605651
HHR,Hawthorne,Hawthorne,United States,US,011,33.916667,-118.35,67,5505321,6252001
HHZ,Hikueru,Hikueru,French Polynesia,PF,00,-17.533333,-142.533333,823,0,4020092
HIB,Chisholm,Chisholm,United States,US,011,47.383333,-92.833333,67,5021088,6252001
HIC,Iscor Heliport,Pretoria,South Africa,ZA,00,-2.266667,-79.333333,562,964137,953987
HID,Horn Island,Horn Island,Australia,AU,0011,-10.536667,142.29,802,0,2077456
HIE,Regional,Whitefield,United States,US,011,44.366667,-71.55,67,5094647,6252001
HIF,Hill Afb,Ogden,United States,US,011,41.123889,-111.973056,67,5779206,6252001
HIG,Highbury,Highbury,Australia,AU,0011,-16.433333,143.15,802,0,2077456
HIH,Hook Island,Hook Island,Australia,AU,0011,-20.166667,148.95,802,0,2077456
HII,Municipal,Lake Havasu City,United States,US,011,34.568333,-114.355278,67,5301388,6252001
HIJ,International,Hiroshima,Japan,JP,001,34.436111,132.919444,736,2130054,1861060
HIK,Hickam AFB,Honolulu,United States,US,011,21.316111,-157.926667,67,5856195,6252001
HIM,Hingurakgoda,Hingurakgoda,Sri Lanka,LK,00,8.033333,80.95,711,0,1227603
HIN,Sacheon,Jinju,Korea,KR,00,35.25,128.383333,778,1846052,1835841
HIO,Portland,Hillsboro,United States,US,011,45.516667,-122.983333,67,5731371,6252001
HIP,Headingly,Headingly,Australia,AU,0011,-21.316667,138.3,802,0,2077456
HIR,Henderson Intl,Honiara,Solomon Islands,SB,00,-9.416667,160,874,2108502,2103350
HIS,Hayman Island,Hayman Island,Australia,AU,0011,-20.066667,148.866667,802,0,2077456
HIT,Hivaro,Hivaro,Papua New Guinea,PG,05,38.328333,67.627778,804,0,2088628
HIW,Hiroshima West,Hiroshima,Japan,JP,001,34.366944,132.413889,736,2130054,1861060
HIX,Hiva Oa,Hiva Oa,French Polynesia,PF,00,-9.75,-139,823,0,4020092
HJR,Khajuraho,Khajuraho,India,IN,00,24.85,79.933333,733,1267154,1269750
HJT,Khujirt,Khujirt,Mongolia,MN,001,46.9,102.766667,751,0,2029969
HKA,Municipal,Blytheville,United States,US,011,35.933333,-89.916667,67,4102412,6252001
HKB,Healy Lake,Healy Lake,United States,US,011,63.866667,-148.966667,67,0,6252001
HKD,Hakodate,Hakodate,Japan,JP,001,41.766667,140.816667,736,2130188,1861060
HKG,Hong Kong International,Hong Kong,Hong Kong,HK,001,22.308889,113.914722,729,1819729,1819730
HKK,Hokitika Arpt,Hokitika,New Zealand,NZ,00,-42.716667,170.983333,851,2206894,2186224
HKN,Hoskins,Hoskins,Papua New Guinea,PG,05,-5.75,150.416667,804,0,2088628
HKS,Hawkins Field,Jackson,United States,US,011,32.333611,-90.222222,67,5828648,6252001
HKT,Phuket International,Phuket,Thailand,TH,001,8.113333,98.316944,782,1151254,1605651
HKV,Haskovo,Haskovo,Bulgaria,BG,00,41.966667,25.5,411,730435,732800
HKY,Hickory,Hickory,United States,US,011,35.733333,-81.383333,67,4470778,6252001
HLA,Lanseria,Lanseria,South Africa,ZA,00,-25.947222,27.915,562,0,953987
HLB,Hillenbrand,Batesville,United States,US,011,39.3,-85.216667,67,4672600,6252001
HLC,Hill City,Hill City,United States,US,011,39.366667,-99.85,67,4272980,6252001
HLD,Hailar,Hailar,China,CN,00,49.2,119.7,713,2037078,1814991
HLF,Hultsfred - Vimmerby,Hultsfred,Sweden,SE,00,57.525833,15.823333,484,0,2661886
HLG,Ohio County,Wheeling,United States,US,011,16.196389,122.103611,67,5280854,6252001
HLH,Ulanhot,Ulanhot,China,CN,00,46.083333,122.083333,713,0,1814991
HLI,Hollister,Hollister,United States,US,011,36.85,-121.4,67,5357499,6252001
HLL,Hillside,Hillside,Australia,AU,0011,-17,128.008333,802,0,2077456
HLM,Park Township,Holland,United States,US,011,42.783333,-86.116667,67,5157759,6252001
HLN,Helena,Helena,United States,US,011,46.6,-111.983333,67,5656882,6252001
HLP,Halim Perdana Kusuma,Jakarta,Indonesia,ID,001,-6.266667,106.883333,832,1642911,1643084
HLR,Fort Hood AAF,Killeen,United States,US,011,31.138611,-97.714444,67,4703223,6252001
HLS,St Helens,St Helens,Australia,AU,0011,-41,148.175,802,0,2077456
HLT,Hamilton,Hamilton,Australia,AU,0011,-37.65,142.066667,802,2164025,2077456
HLU,Houailou,Houailou,New Caledonia,NC,00,-21.25,165.616667,846,2141006,2139685
HLV,Helenvale,Helenvale,Australia,AU,0011,-15.683333,145.2,802,0,2077456
HLW,Hluhluwe,Hluhluwe,South Africa,ZA,00,-28.016667,32.25,562,0,953987
HLY,Anglesey Airport,Holyhead,United Kingdom,GB,00,53.316667,-4.633333,493,2646686,2635167
HLZ,Hamilton,Hamilton,New Zealand,NZ,00,-37.866667,175.333333,851,2190324,2186224
HMA,Khanty-Mansiysk,Khanty-mansiysk,Russia,RU,8-10,61.028611,69.091944,770,0,2017370
HME,Oued Irara Apt,Hassi Messaoud,Algeria,DZ,00,31.666667,6.15,500,0,2589581
HMG,Hermannsburg,Hermannsburg,Australia,AU,0011,-23.966667,132.666667,802,0,2077456
HMI,Hami,Hami,China,CN,00,42.483333,93.505556,713,1529484,1814991
HMJ,Khmelnitskiy,Khmelnitskiy,Ukraine,UA,8-10,49.416667,27,488,0,690791
HMN,Holloman AFB,Alamogordo,United States,US,011,37.633333,-6.433333,67,5454627,6252001
HMO,Gen Pesqueira Garcia,Hermosillo,Mexico,MX,00,29.1,-111.05,148,4011587,3996063
HMR,Hamar Arpt,Hamar,Norway,NO,00,60.8,11.1,465,3154084,3144096
HMS,Homeshore,Homeshore AK,United States,US,011,58.294444,-135.347222,67,0,6252001
HMT,Ryan Field,Hemet,United States,US,011,33.75,-116.966667,67,5356277,6252001
HMV,Hemavan,Hemavan,Sweden,SE,00,65.8,15.083333,484,0,2661886
HNA,Hanamaki,Hanamaki,Japan,JP,001,39.733333,141.116667,736,2112823,1861060
HNB,Municipal,Huntingburg,United States,US,011,38.3,-86.95,67,4259271,6252001
HNC,Hatteras,Hatteras,United States,US,011,35.216667,-75.686111,67,0,6252001
HND,Tokyo Haneda International,Tokyo,Japan,JP,001,35.552222,139.779722,736,1850147,1861060
HNE,Tahneta Pass,Tahneta Pass Lodge,United States,US,011,35.742778,52.508611,67,0,6252001
HNG,Hienghene,Hienghene,New Caledonia,NC,00,-20.683333,164.933333,846,2141050,2139685
HNH,Hoonah,Hoonah,United States,US,011,58.1,-135.433333,67,0,6252001
HNI,Heiweni,Heiweni,Papua New Guinea,PG,05,-7.4,146.466667,804,0,2088628
HNK,Hinchinbrook Island,Hinchinbrook Island,Australia,AU,0011,-18.383333,146.283333,802,0,2077456
HNL,Honolulu International,Honolulu,United States,US,011,21.333333,-157.933333,67,5856195,6252001
HNM,Hana,Hana,United States,US,011,20.8,-156.016667,67,0,6252001
HNN,Honinabi,Honinabi,Papua New Guinea,PG,05,-6.233333,142.216667,804,0,2088628
HNO,Hercegnovi,Hercegnovi,Serbia and Montenegro,CS,99,42.566667,18.533333,497,0,0
HNS,Municipal,Haines,United States,US,011,59.25,-135.516667,67,5846901,6252001
HNX,Hanna,Hanna,Canada,CA,011,51.631389,-111.904167,67,5970234,6251999
HNY,Hengyang,Hengyang,China,CN,00,26.905278,112.627778,713,1808370,1814991
HOA,Hola,Hola,Kenya,KE,000,-1.483333,40.033333,535,0,192950
HOB,Lea County,Hobbs,United States,US,011,32.683333,-103.216667,67,5471578,6252001
HOC,Komako,Komako,Papua New Guinea,PG,05,-7.416667,145.883333,804,0,2088628
HOD,Hodeidah Arpt,Hodeidah,Yemen,YE,00,14.747222,42.982778,694,0,69543
HOE,Houeisay,Houeisay,Laos,LA,00,20.5,103.75,744,0,1655842
HOF,Alahsa,Alahsa,Saudi Arabia,SA,00,25.285278,49.485278,670,0,102358
HOG,Frank Pais,Holguin,Cuba,CU,119,20.5,-76.233333,219,3556969,3562981
HOH,Hohenems,Hohenems,Austria,AT,00,47.383333,9.7,403,2775742,2782113
HOI,Hao Island,Hao Island,French Polynesia,PF,00,-18.2,-140.816667,823,0,4020092
HOK,Hooker Creek,Hooker Creek,Australia,AU,0011,-18.366667,130.666667,802,0,2077456
HOL,Holikachu,Holikachu,United States,US,011,62.9,-159.516667,67,0,6252001
HOM,Homer,Homer,United States,US,011,59.633333,-151.5,67,5864145,6252001
HON,Howes,Huron,United States,US,011,44.383333,-98.233333,67,5358769,6252001
HOO,Nhon Co,Quanduc,Viet Nam,VN,00,11.983333,107.566667,791,0,1562822
HOP,Campbell AAF,Hopkinsville,United States,US,011,50.516667,23.666667,67,4295251,6252001
HOQ,Hof,Hof,Germany,DE,00,50.316667,11.916667,429,2902768,2921044
HOR,Horta,Horta,Portugal,PT,00,38.533333,-28.616667,469,3372988,2264397
HOT,Memorial Field,Hot Springs,United States,US,011,34.483333,-93.1,67,5765751,6252001
HOU,William P Hobby,Houston  TX,United States,US,011,29.645556,-95.278889,67,5864312,6252001
HOV,Hovden,Orsta-Volda,Norway,NO,00,62.2,6.15,465,0,3144096
HOW,Howard Afb,Fort Kobbe,Panama,PA,00,8.916667,-79.583333,162,0,3703433
HOX,Homalin,Homalin,Myanmar,MM,00,24.866667,94.916667,706,0,1327865
HOY,Hoy Island,Hoy Island,United Kingdom,GB,00,58.833333,-3.3,493,0,2635167
HPB,Hooper Bay,Hooper Bay,United States,US,011,61.5,-166.083333,67,5864197,6252001
HPE,Hope Vale,Hope Vale,Australia,AU,0011,-14.666667,144.916667,802,0,2077456
HPH,Catbi,Haiphong,Viet Nam,VN,00,20.816667,106.566667,791,1581298,1562822
HPN,Westchester County Apt,White Plains,United States,US,011,41.066667,-73.7,67,5144336,6252001
HPP,Poipet,Poipet,Cambodia,KH,001,13.656111,102.5625,709,0,1831722
HPR,Central Hpr,Pretoria,South Africa,ZA,00,-2.266667,-79.333333,562,964137,953987
HPT,Municipal,Hampton,United States,US,011,42.75,-93.2,67,5098787,6252001
HPV,Princeville,Kauai Island,United States,US,011,22.2125,-159.446667,67,0,6252001
HPY,Baytown,Baytown,United States,US,011,29.733333,-94.966667,67,4672731,6252001
HQM,Bowerman,Hoquiam,United States,US,011,46.966667,-123.933333,67,5797693,6252001
HRA,Mansehra,Mansehra,Pakistan,PK,00,34.333333,73.2,764,1170951,1168579
HRB,Harbin,Harbin,China,CN,00,46.016667,126.583333,713,2037013,1814991
HRC,Zhairem,Zhairem,Kazakhstan,KZ,8-10,48.466667,70.466667,738,0,1522867
HRE,Harare,Harare,Zimbabwe,ZW,00,-17.931944,31.092778,565,890299,878675
HRG,Hurghada,Hurghada,Egypt,EG,00,27.178333,33.799444,591,361291,357994
HRJ,Chaurjhari,Chaurjhari,Nepal,NP,00,28,83.838889,755,0,1282988
HRK,Kharkov,Kharkov,Ukraine,UA,8-10,50,36.25,488,706483,690791
HRL,Valley International,Harlingen,United States,US,011,26.2,-97.75,67,4696233,6252001
HRN,Heliport,Heron Island,Australia,AU,0011,-23.433333,151.916667,802,0,2077456
HRO,Boone County,Harrison,United States,US,011,36.228333,-93.109722,67,5120095,6252001
HRR,Herrera,Herrera,Colombia,CO,005,3.216667,-75.85,327,0,3686121
HRS,Harrismith Airport,Harrismith,South Africa,ZA,00,-28.233333,29.1,562,997751,953987
HRT,Linton-On-Ouse,Harrogate,United Kingdom,GB,00,54.05,-1.25,493,2647428,2635167
HRY,Henbury,Henbury,Australia,AU,0011,-24.666667,133.083333,802,0,2077456
HRZ,Horizontina,Horizontina,Brazil,BR,0014,-27.616667,-54.316667,316,3461659,3469034
HSB,Raleigh,Harrisburg,United States,US,011,37.733333,-88.55,67,5730389,6252001
HSC,Shaoguan,Shaoguan,China,CN,00,24.833333,113.616667,713,1795874,1814991
HSG,Saga,Saga,Japan,JP,001,33.149722,130.302222,736,1853303,1861060
HSH,Henderson Sky Harbor,Las Vegas,United States,US,011,35.968333,-115.119167,67,5506956,6252001
HSI,Hastings,Hastings,United States,US,011,40.6,-98.433333,67,5192858,6252001
HSL,Huslia,Huslia,United States,US,011,65.7,-156.416667,67,0,6252001
HSM,Horsham,Horsham,Australia,AU,0011,-36.5,141.841667,802,2163055,2077456
HSN,Zhoushan,Zhoushan,China,CN,00,29.935,122.359167,713,1886762,1814991
HSP,Ingalls Field,Hot Springs,United States,US,011,37.95,-79.816667,67,5765751,6252001
HSS,Hissar,Hissar,India,IN,00,29.166667,75.8,733,1270022,1269750
HST,AFB,Homestead,United States,US,011,25.483333,-80.483333,67,5194067,6252001
HSV,Huntsville International - Carl T. Jones Field,Huntsville  AL,United States,US,011,34.637222,-86.775,67,4699540,6252001
HSZ,Hsinchu,Hsinchu,Taiwan,TW,002,24.818056,120.941389,781,0,1668284
HTA,Chita,Chita,Russian Federation,RU,8-10,52.033333,113.3,770,0,2017370
HTB,Terre-de-Bas,Terre-de-Bas,Guadeloupe,GP,00,15.883333,-61.216667,235,3578351,3579143
HTF,Hatfield,Hatfield,United Kingdom,GB,00,51.765,-0.248333,493,0,2635167
HTG,Hatanga,Hatanga,Russian Federation,RU,8-10,71.966667,102.5,770,0,2017370
HTH,Hawthorne,Hawthorne,United States,US,011,38.535278,-118.633611,67,5505321,6252001
HTI,Hamilton Island,Hamilton Island,Australia,AU,0011,-20.358056,148.951667,802,0,2077456
HTL,Roscommon County,Houghton,United States,US,011,52.333333,-1.716667,67,5121382,6252001
HTM,Khatgal,Khatgal,Mongolia,MN,001,50.451944,100.166944,751,0,2029969
HTN,Hotan,Hotan,China,CN,00,40.5,78.5,713,1281019,1814991
HTO,East Hampton,East Hampton,United States,US,011,40.966667,-72.233333,67,5115871,6252001
HTR,Hateruma,Hateruma,Japan,JP,001,24.05,123.783333,736,0,1861060
HTS,Tri-State/Milton,Huntington,United States,US,011,38.35,-82.533333,67,5540810,6252001
HTU,Hopetoun,Hopetoun,Australia,AU,0011,-35.716667,142.35,802,0,2077456
HTW,Lawrence County Airpark,Chesapeake/Huntington Wv,United States,US,011,42.2525,-82.494444,67,4801966,6252001
HTZ,Hato Corozal,Hato Corozal,Colombia,CO,005,6.166667,-71.75,327,0,3686121
HUB,Humbert River,Humbert River,Australia,AU,0011,-16.483333,130.633333,802,0,2077456
HUC,Humacao Arpt,Humacao,Puerto Rico,PR,011,18.133333,-65.816667,3,4565564,4566966
HUD,Humboldt,Humboldt,United States,US,011,42.733333,-94.216667,67,4861335,6252001
HUE,Humera,Humera,Ethiopia,ET,00,14.25,36.583333,522,0,337996
HUF,Hulman Field,Terre Haute,United States,US,011,10.733333,-61.35,67,4265737,6252001
HUG,Huehuetenango,Huehuetenango,Guatemala,GT,00,15.333333,-91.466667,127,3595416,3595530
HUH,Huahine,Huahine,French Polynesia,PF,00,-16.683333,-151.033333,823,0,4020092
HUI,Phu Bai,Hue,Viet Nam,VN,00,16.401389,107.7025,791,1580240,1562822
HUJ,Hugo,Hugo,United States,US,011,34.016667,-95.516667,67,5030884,6252001
HUK,Hukuntsi,Hukuntsi,Botswana,BW,00,-23.983333,21.75,510,933726,933860
HUL,International,Houlton,United States,US,011,46.133333,-67.8,67,4967563,6252001
HUM,Terrebonne,Houma,United States,US,011,29.583333,-90.666667,67,4328010,6252001
HUN,Hualien,Hualien,Taiwan,TW,002,24.016667,121.366667,781,1674504,1668284
HUQ,Houn,Houn,Libya,LY,00,29.05,15.933333,538,0,2215636
HUS,Municipal,Hughes,United States,US,011,66.033333,-154.233333,67,4115578,6252001
HUT,Hutchinson,Hutchinson,United States,US,011,38.066667,-97.866667,67,5030977,6252001
HUU,Huanuco,Huanuco,Peru,PE,00,-9.908333,-76.213889,368,3696417,3932488
HUV,Hudiksvall,Hudiksvall,Sweden,SE,00,61.733333,17.116667,484,2704613,2661886
HUX,Huatulco,Huatulco,Mexico,MX,00,15.768333,-96.235556,148,3517251,3996063
HUY,Humberside International,Humberside,United Kingdom,GB,00,53.574444,-0.350833,493,0,2635167
HUZ,Huizhou,Huizhou,China,CN,00,23.083333,114.4,713,1806776,1814991
HVA,Analalava,Analalava,Madagascar,MG,00,-14.633333,47.766667,541,0,1062947
HVB,Hervey Bay,Hervey Bay,Australia,AU,0011,-25,153,802,0,2077456
HVD,Khovd,Khovd,Mongolia,MN,001,48.016667,91.65,751,0,2029969
HVE,Intermediate,Hanksville,United States,US,011,38.416667,-110.7,67,0,6252001
HVG,Valan,Honningsvag,Norway,NO,00,70.983333,25.833333,465,779554,3144096
HVK,Holmavik,Holmavik,Iceland,IS,00,65.7,-21.7,439,0,2629691
HVM,Hvammstangi,Hvammstangi,Iceland,IS,00,65.416667,-21,439,0,2629691
HVN,New Haven,New Haven,United States,US,011,41.266667,-72.883333,67,5003384,6252001
HVR,City County,Havre,United States,US,011,48.55,-109.766667,67,5656497,6252001
HVS,Municipal,Hartsville,United States,US,011,34.4,-80.116667,67,4628109,6252001
HWA,Hawabango,Hawabango,Papua New Guinea,PG,05,-7.433333,145.966667,804,0,2088628
HWD,Air Terminal,Hayward,United States,US,011,37.666667,-122.083333,67,5355933,6252001
HWI,SPB,Hawk Inlet,United States,US,011,58.116667,-134.733333,67,0,6252001
HWK,Wilpena Pound,Hawker,Australia,AU,0011,-31.883333,138.4,802,0,2077456
HWN,Hwange Nat Park,Hwange Nat Park,Zimbabwe,ZW,00,-18.366667,26.516667,565,0,878675
HWO,North Perry,Hollywood,United States,US,011,26.001389,-80.240556,67,4582042,6252001
HXX,Hay,Hay,Australia,AU,0011,-34.516667,144.833333,802,0,2077456
HYA,Barnstable,Hyannis,United States,US,011,41.669444,-70.280278,67,4940190,6252001
HYC,High Wycombe,High Wycombe,United Kingdom,GB,00,51.633333,-0.766667,493,2646914,2635167
HYD,Chennai Airport,Hyderabad,India,IN,00,17.453056,78.4675,733,1269843,1269750
HYF,Hayfields,Hayfields,Papua New Guinea,PG,05,-3.633333,143.05,804,0,2088628
HYG,SPB,Hydaburg,United States,US,011,55.2,-132.833333,67,0,6252001
HYL,SPB,Hollis,United States,US,011,55.483333,-132.65,67,5087559,6252001
HYN,Huangyan,Huangyan,China,CN,00,28.416667,122.366667,713,1807143,1814991
HYR,Municipal,Hayward,United States,US,011,46.033333,-91.45,67,5355933,6252001
HYS,Municipal,Hays,United States,US,011,38.85,-99.266667,67,4470384,6252001
HZB,Merville/Calonne,Hazebrouck,France,FR,00,50.616667,2.65,427,3013619,3017382
HZG,Hanzhong,Hanzhong,China,CN,00,32.983333,107.183333,713,1808857,1814991
HZH,Liping,Liping City,China,CN,00,32.783333,106.666667,713,0,1814991
HZK,Husavik,Husavik,Iceland,IS,00,65.966944,-17.416667,439,2629833,2629691
HZL,Hazleton,Hazleton,United States,US,011,40.983333,-76,67,5193011,6252001
HZV,Hazyview,Hazyview,South Africa,ZA,00,-25.033333,31.116667,562,0,953987
