﻿City Code,Airport Name,City Name,Country,Ctry Code,IDD-Intl Dial,Latitude,Longitude,Area Code,CityGeoID,CtryGeoID
CAA,Catacamas,Catacamas,Honduras,HN,00,14.883333,-85.883333,131,0,3608932
CAB,Cabinda,Cabinda,Angola,AO,00,-5.55,12.183333,502,2243271,3351879
CAC,Cascavel,Cascavel,Brazil,BR,0014,-24.95,-53.483333,316,3472969,3469034
CAD,Cadillac,Cadillac,United States,US,011,44.275833,-85.422222,67,4987617,6252001
CAE,Metropolitan Airport,Columbia  SC,United States,US,011,33.95,-81.116667,67,5338800,6252001
CAF,Carauari,Carauari,Brazil,BR,0014,-4.9,-66.916667,316,3664659,3469034
CAG,Elmas,Cagliari,Italy,IT,00,39.251389,9.05,450,2525473,3175395
CAH,Ca Mau,Ca Mau,Viet Nam,VN,00,9.166667,105.15,791,1586443,1562822
CAI,Cairo International,Cairo,Egypt,EG,00,30.121944,31.405556,591,360630,357994
CAJ,Canaima,Canaima,Venezuela,VE,00,6.25,-62.833333,388,0,3625428
CAK,Akron/canton Regional,Akron/Canton  OH,United States,US,011,40.916111,-81.442222,67,5574199,6252001
CAL,Machrihanish,Campbeltown,United Kingdom,GB,00,55.416667,-5.6,493,2653915,2635167
CAM,Camiri,Camiri,Bolivia,BO,0010,-20.016667,-63.566667,312,3922414,3923057
CAN,New Baiyun,Guangzhou,China,CN,00,23.3925,113.298889,713,1809858,1814991
CAO,Clayton,Clayton,United States,US,011,36.45,-103.183333,67,5462269,6252001
CAP,Cap Haitien,Cap Haitien,Haiti,HT,00,19.783333,-72.2,509,3728474,3723988
CAQ,Caucasia,Caucasia,Colombia,CO,005,7.6,-75.25,327,3687025,3686121
CAR,Municipal,Caribou,United States,US,011,46.866667,-68.016667,67,4960140,6252001
CAS,Anfa,Casablanca,Morocco,MA,00,33.583333,-7.5,548,2553604,2542007
CAT,New Bight,Cat Island,Bahamas,BS,011,24.3,-75.452222,204,0,3572887
CAU,Caruaru,Caruaru,Brazil,BR,0014,-8.283333,-35.966667,316,3402655,3469034
CAV,Cazombo,Cazombo,Angola,AO,00,-11.883333,22.933333,502,0,3351879
CAW,Bartolomeu Lisandro,Campos,Brazil,BR,0014,-21.75,-41.3,316,3467693,3469034
CAX,Carlisle,Carlisle,United Kingdom,GB,00,54.933333,-2.8,493,2653775,2635167
CAY,Rochambeau,Cayenne,French Guiana,GF,00,4.933333,-52.333333,344,3382160,3381670
CAZ,Cobar,Cobar,Australia,AU,0011,-31.533333,145.8,802,0,2077456
CBA,Corner Bay,Corner Bay,United States,US,011,57.716667,-135.2,67,0,6252001
CBB,J Wilsterman,Cochabamba,Bolivia,BO,0010,-17.4,-66.15,312,3919968,3923057
CBC,Cherrabun,Cherrabun,Australia,AU,0011,-18.666667,125.366667,802,0,2077456
CBD,Car Nicobar,Car Nicobar,India,IN,00,9.166667,92.783333,733,0,1269750
CBE,Wiley Ford,Cumberland,United States,US,011,39.6,-78.766667,67,5249896,6252001
CBF,Municipal,Council Bluffs,United States,US,011,41.266667,-95.866667,67,4852832,6252001
CBG,Cambridge,Cambridge,United Kingdom,GB,00,52.2,0.183333,493,2653941,2635167
CBH,Leger,Bechar,Algeria,DZ,00,31.65,-2.25,500,2505530,2589581
CBI,Cape Barren Island,Cape Barren Island,Australia,AU,0011,-31.983333,132.15,802,0,2077456
CBJ,Cabo Rojo,Cabo Rojo,Dominican Republic,DO,011,17.933333,-71.65,224,0,3508796
CBK,Municipal,Colby,United States,US,011,39.416667,-101.05,67,5445194,6252001
CBL,Ciudad Bolivar,Ciudad Bolivar,Venezuela,VE,00,8.133333,-63.533333,388,0,3625428
CBM,Columbus AFB,Columbus  MS,United States,US,011,33.643889,-88.443889,67,5645893,6252001
CBN,Penggung,Cirebon,Indonesia,ID,001,-6.75,108.533333,832,1646170,1643084
CBO,Awang,Cotabato,Philippines,PH,00,7.2,124.166667,766,1716771,1694008
CBP,Coimbra,Coimbra,Portugal,PT,00,40.161389,-8.472222,469,2740637,2264397
CBQ,Calabar,Calabar,Nigeria,NG,009,4.983333,8.333333,555,2346229,2328926
CBR,Canberra,Canberra,Australia,AU,0011,-35.306944,149.195,802,2172517,2077456
CBS,Oro Negro,Cabimas,Venezuela,VE,00,10.383333,-71.466667,388,3647651,3625428
CBT,Catumbela,Catumbela,Angola,AO,00,-12.483333,13.483333,502,3350246,3351879
CBV,Coban,Coban,Guatemala,GT,00,15.583333,-90.25,127,3598119,3595530
CBW,Campo Mourao,Campo Mourao,Brazil,BR,0014,-24.05,-52.366667,316,3467717,3469034
CBX,Condobolin,Condobolin,Australia,AU,0011,-33.066667,147.2,802,0,2077456
CBY,Canobie,Canobie,Australia,AU,0011,-19.633333,140.916667,802,0,2077456
CBZ,Cabin Creek,Cabin Creek,United States,US,011,55.383333,-132.416667,67,0,6252001
CCA,Chaffee AFB,Fort Chaffee,United States,US,011,19.833333,-72.5,67,0,6252001
CCB,Cable Airport,Upland  CA,United States,US,011,34.111667,-117.6875,67,5404915,6252001
CCC,Cayo Coco,Cayo Coco,Cuba,CU,119,22.513333,-78.510833,219,0,3562981
CCF,Salvaza,Carcassonne,France,FR,00,43.216667,2.316667,427,3028641,3017382
CCG,Crane County Arpt,Crane,United States,US,011,31.4,-102.35,67,5519648,6252001
CCH,Chile Chico,Chile Chico,Chile,CL,00,-46.55,-71.7,324,0,3895114
CCI,Concordia,Concordia,Brazil,BR,0014,-27.25,-52.033333,316,3465721,3469034
CCJ,Kozhikode Airport,Kozhikode,India,IN,00,11.136944,75.955278,733,1265873,1269750
CCK,Cocos Islands,Cocos Islands,Cocos,CC,0011,-12.183333,96.833333,812,0,0
CCL,Chinchilla,Chinchilla,Australia,AU,0011,-26.783333,150.616667,802,0,2077456
CCM,Criciuma,Criciuma,Brazil,BR,0014,-28.7,-49.366667,316,3465196,3469034
CCN,Chakcharan,Chakcharan,Afghanistan,AF,00,34.533333,65.266667,701,0,1149361
CCO,Carimagua,Carimagua,Colombia,CO,005,4.566667,-71.333333,327,0,3686121
CCP,Carriel Sur,Concepcion,Chile,CL,00,-36.79,-73.084444,324,3893894,3895114
CCQ,Cachoeira,Cachoeira,Brazil,BR,0014,-12.6,-38.966667,316,3468535,3469034
CCR,Buchanan Fld,Concord,United States,US,011,37.983333,-122.052778,67,5339111,6252001
CCS,Simon Bolivar International Airport,Caracas,Venezuela,VE,00,10.603056,-66.990556,388,3646738,3625428
CCT,Colonia Catriel,Colonia Catriel,Argentina,AR,00,-37.85,-67.866667,303,0,3865483
CCU,Netaji Subhas Chandra,Kolkata,India,IN,00,22.633333,88.433333,733,1275004,1269750
CCV,Craig Cove,Craig Cove,Vanuatu,VU,00,-16.2,167.5,885,0,2134431
CCW,Cowell,Cowell,Australia,AU,0011,-33.666667,136.9,802,0,2077456
CCX,Caceres,Caceres,Brazil,BR,0014,-16.043611,-57.63,316,0,3469034
CCY,Municipal,Charles City,United States,US,011,43.066667,-92.666667,67,4851163,6252001
CCZ,Chub Cay,Chub Cay,Bahamas,BS,011,25.416667,-77.883333,204,0,3572887
CDA,Cooinda,Cooinda,Australia,AU,0011,-12.9,132.516667,802,0,2077456
CDB,Cold Bay,Cold Bay,United States,US,011,55.2,-162.716667,67,0,6252001
CDC,Cedar City,Cedar City,United States,US,011,37.7,-113.1,67,5536630,6252001
CDD,Cauquira,Cauquira,Honduras,HN,00,15.316667,-83.583333,131,0,3608932
CDE,Caledonia,Caledonia,Panama,PA,00,8.233333,-77.333333,162,0,3703433
CDG,Charles De Gaulle,Paris,France,FR,00,49.016667,2.55,427,2988507,3017382
CDH,Harrell Fld,Camden,United States,US,011,33.616667,-92.766667,67,5111148,6252001
CDI,Cachoeiro Itapemirim,Cachoeiro Itapemirim,Brazil,BR,0014,-12.416667,-41.633333,316,0,3469034
CDJ,Conceicao Do Araguaia,Conceicao Do Araguaia,Brazil,BR,0014,-8.283333,-49.283333,316,3401845,3469034
CDK,Lewis,Cedar Key,United States,US,011,29.133333,-83.033333,67,0,6252001
CDL,Candle,Candle,United States,US,011,65.9,-161.916667,67,0,6252001
CDN,Woodward Fld,Camden,United States,US,011,34.266667,-80.6,67,5111148,6252001
CDO,Cradock,Cradock,South Africa,ZA,00,-32.155556,25.645833,562,1012600,953987
CDP,Cuddapah,Cuddapah,India,IN,00,14.516667,78.783333,733,1273800,1269750
CDQ,Croydon,Croydon,Australia,AU,0011,-18.3,142.25,802,0,2077456
CDR,Chadron,Chadron,United States,US,011,42.833333,-103.083333,67,5694163,6252001
CDS,Childress,Childress,United States,US,011,34.416667,-100.216667,67,5518758,6252001
CDU,Camden,Camden,Australia,AU,0011,-34.040278,150.687222,61,0,2077456
CDV,Mudhole Smith,Cordova,United States,US,011,60.483333,-145.483333,67,5859888,6252001
CDW,Caldwell Wright,Caldwell  NJ,United States,US,011,40.875278,-74.281389,67,5587698,6252001
CDY,Cagayan De Sulu,Cagayan De Sulu,Philippines,PH,00,7.016667,118.5,766,1721077,1694008
CDZ,Cadiz,Cadiz,Spain,ES,00,36.533611,-6.299444,482,2520600,2510769
CEA,Cessna Aircraft Field,Wichita,United States,US,011,15.658889,101.1125,67,4281730,6252001
CEB,Mactan-Cebu International,Cebu,Philippines,PH,00,10.3075,125.979444,766,1717512,1694008
CEC,Mc Namara Fld,Crescent City,United States,US,011,41.783333,-124.233333,67,5562087,6252001
CED,Ceduna,Ceduna,Australia,AU,0011,-32.133333,133.683333,802,0,2077456
CEE,Cherepovets,Cherepovets,Russian Federation,RU,8-10,59.283333,38.066667,770,569223,2017370
CEF,Westover Metro Arpt,Springfield,United States,US,011,44.633333,-64.85,67,5754005,6252001
CEG,Chester,Chester,United Kingdom,GB,00,53.133333,-2.933333,493,2653228,2635167
CEH,Chelinda,Chelinda,Malawi,MW,00,-10.583333,33.8,542,0,927384
CEI,Chiang Rai,Chiang Rai,Thailand,TH,001,19.883333,99.816667,782,1153669,1605651
CEJ,Chernigov,Chernigov,Ukraine,UA,8-10,51.5,31.3,488,710735,690791
CEK,Chelyabinsk,Chelyabinsk,Russian Federation,RU,8-10,55.3,61.5,770,1508291,2017370
CEL,Cape Eleuthera,Cape Eleuthera,Bahamas,BS,011,24.958333,-76.45,204,0,3572887
CEM,Central,Central,United States,US,011,65.566667,-144.783333,67,4612476,6252001
CEN,Ciudad Obregon,Ciudad Obregon,Mexico,MX,00,27.383333,-109.85,148,4013704,3996063
CEO,Waco Kungo,Waco Kungo,Angola,AO,00,-13.333333,14.5,502,0,3351879
CEP,Concepcion,Concepcion,Bolivia,BO,0010,-16.233333,-62.083333,312,3919352,3923057
CEQ,Mandelieu,Cannes,France,FR,00,43.546389,6.954167,427,3028808,3017382
CER,Maupertus,Cherbourg,France,FR,00,49.65,-1.466667,427,0,3017382
CES,Cessnock,Cessnock,Australia,AU,0011,-32.083333,151.083333,61,2171845,2077456
CET,Le Pontreau,Cholet,France,FR,00,47.066667,-0.883333,427,3025053,3017382
CEU,Oconee County,Clemson,United States,US,011,34.666667,-82.883333,67,4574989,6252001
CEV,Mettle Field,Connersville,United States,US,011,39.633333,-85.133333,67,4256085,6252001
CEW,Bob Sikes,Crestview,United States,US,011,30.783333,-86.516667,67,4152311,6252001
CEX,Chena Hot Springs,Chena Hot Springs,United States,US,011,65.05,-146.05,67,0,6252001
CEY,Calloway County,Murray,United States,US,011,36.666667,-88.366667,67,5778755,6252001
CEZ,Montezuma County,Cortez,United States,US,011,37.316667,-108.633333,67,5418104,6252001
CFA,Coffee Point,Coffee Point,United States,US,011,58.230556,-157.5,67,0,6252001
CFB,Cabo Frio,Cabo Frio,Brazil,BR,0014,-22.883333,-42.016667,316,3468615,3469034
CFC,Cacador,Cacador,Brazil,BR,0014,-26.783333,-51,316,3468570,3469034
CFD,Coulter Field,Bryan,United States,US,011,18.433333,-77.466667,67,5148533,6252001
CFE,Aulnat,Clermont-Ferrand,France,FR,00,45.783333,3.166667,427,3024635,3017382
CFF,Cafunfo,Cafunfo,Angola,AO,00,-8.766667,18,502,0,3351879
CFG,Cienfuegos,Cienfuegos,Cuba,CU,119,22.166667,-80.516667,219,3564124,3562981
CFH,Clifton Hills,Clifton Hills,Australia,AU,0011,-26.516667,139.45,802,0,2077456
CFI,Camfield,Camfield,Australia,AU,0011,-17.15,131.35,802,0,2077456
CFK,Chefornak,Chefornak  AK,United States,US,011,60.149167,-164.285556,67,0,6252001
CFN,Donegal,Carrickfinn,Ireland,IE,00,55.044167,-8.341111,441,0,2963597
CFO,Confreza,Confreza,Brazil,BR,0014,-10.633333,-51.566667,316,0,3469034
CFP,Carpentaria Downs,Carpentaria Downs,Australia,AU,0011,-18.783333,144.35,802,0,2077456
CFQ,Creston Valley Airport,Creston,Canada,CA,011,49.036944,-116.498333,906,5932311,6251999
CFR,Carpiquet,Caen,France,FR,00,49.183333,-0.45,427,3029241,3017382
CFS,Coffs Harbour,Coffs Harbour,Australia,AU,0011,-30.320556,153.116389,802,2171085,2077456
CFT,Morenci,Clifton,United States,US,011,32.95,-109.2,67,5417258,6252001
CFU,Ioannis Kapodistrias,Kerkyra,Greece,GR,00,39.601389,19.901944,433,2463679,390903
CFV,Municipal,Coffeyville,United States,US,011,17.533333,-88.166667,67,4269789,6252001
CGA,Craig SPB,Craig,United States,US,011,55.483333,-133.15,67,5845544,6252001
CGB,Intl. Airpt. Marechal Rondon,Cuiaba,Brazil,BR,0014,-15.653056,-56.116667,316,3465038,3469034
CGC,Cape Gloucester,Cape Gloucester,Papua New Guinea,PG,05,-5.459167,148.4325,804,0,2088628
CGD,Changde,Changde,China,CN,00,29.033333,111.683333,713,1791121,1814991
CGE,Cambridge,Cambridge,United States,US,011,38.55,-76.033333,67,5247533,6252001
CGF,Cuyahoga County,Cleveland,United States,US,011,41.5525,-81.483889,67,5248933,6252001
CGH,Congonhas,Sao Paulo,Brazil,BR,0014,-23.626667,-46.655278,316,3462944,3469034
CGI,Cape Girardeau,Cape Girardeau,United States,US,011,37.216667,-89.566667,67,4379966,6252001
CGJ,Chingola,Chingola,Zambia,ZM,00,-12.533333,27.866667,597,919009,895949
CGK,Soekarno-Hatta International,Jakarta,Indonesia,ID,001,-6.125556,106.655833,832,1642911,1643084
CGM,Mambajao,Camiguin,Philippines,PH,00,9.25,124.666667,766,0,1694008
CGN,Cologne/bonn,Cologne,Germany,DE,00,50.866667,7.15,429,2886242,2921044
CGO,Zhengzhou,Zhengzhou,China,CN,00,34.75,113.416667,713,1784658,1814991
CGP,Patenga,Chittagong,Bangladesh,BD,00,22.266667,91.816667,703,1205733,1210997
CGQ,Changchun,Changchun,China,CN,00,43.916667,125.333333,713,2038180,1814991
CGR,Intl. Airport Campo Grande,Campo Grande,Brazil,BR,0014,-20.467222,-54.667222,316,3467754,3469034
CGS,College Park,College Park,United States,US,011,39,-76.916667,67,4351977,6252001
CGT,Chinguitti,Chinguitti,Mauritania,MR,00,20.45,-12.366667,545,0,2378080
CGU,Ciudad Guayana,Ciudad Guayana,Venezuela,VE,00,8.583333,-64.216667,388,3645528,3625428
CGV,Caiguna,Caiguna,Australia,AU,0011,-32.266667,125.466667,802,0,2077456
CGX,Merrill C Meigs,Chicago,United States,US,011,41.858889,-87.608333,67,4887398,6252001
CGY,Cagayan De Oro Domestic Airport,Cagayan De Oro,Philippines,PH,00,8.415556,124.611111,766,1721080,1694008
CGZ,Municipal,Casa Grande,United States,US,011,32.883333,-111.75,67,5288636,6252001
CHA,Lovell Field,Chattanooga TN,United States,US,011,35.035278,-85.203889,67,4612862,6252001
CHB,Chilas,Chilas,Pakistan,PK,00,35.416667,74.083333,764,0,1168579
CHC,Christchurch International,Christchurch,New Zealand,NZ,00,-43.488889,172.533333,643,2192362,2186224
CHD,Williams Gateway Airport,Mesa,United States,US,011,33.307778,-111.655556,67,5316163,6252001
CHE,Reenroe,Caherciveen,Ireland,IE,00,51.95,-10.216667,441,0,2963597
CHF,Jinhae,Jinhae,Korea,KR,00,35.133333,128.7,778,1846069,1835841
CHG,Chaoyang Airport,Chaoyang,China,CN,00,41.601667,120.405,713,2038120,1814991
CHH,Chachapoyas,Chachapoyas,Peru,PE,00,-6.05,-78.033333,368,3698540,3932488
CHI,Chicago FSS,Chicago,United States,US,011,41.883056,-87.766111,67,4887398,6252001
CHJ,Chipinge,Chipinge,Zimbabwe,ZW,00,-20.2,32.633333,565,893549,878675
CHK,Municipal,Chickasha,United States,US,011,35.033333,-97.966667,67,4533029,6252001
CHL,Challis,Challis,United States,US,011,44.5,-114.233333,67,0,6252001
CHM,Chimbote,Chimbote,Peru,PE,00,-9.083333,-78.6,368,3698304,3932488
CHN,Jeonju,Jeonju,Korea,KR,00,35.933333,127.716667,778,1845457,1835841
CHO,Albemarle,Charlottesville,United States,US,011,38.133333,-78.45,67,4752031,6252001
CHP,Circle Hot Springs,Circle Hot Springs,United States,US,011,65.466667,-144.583333,67,0,6252001
CHQ,Souda,Chania,Greece,GR,00,35.531667,24.149722,433,260114,390903
CHR,Chateauroux,Chateauroux,France,FR,00,46.816667,1.7,427,3026204,3017382
CHS,Charleston  AFB Municipal,Charleston  SC,United States,US,011,32.898611,-80.040556,67,4960682,6252001
CHT,Karewa,Chatham Island,New Zealand,NZ,00,-43.916667,176.5,851,0,2186224
CHU,Chuathbaluk,Chuathbaluk,United States,US,011,61.666667,-159.25,67,0,6252001
CHV,Chaves,Chaves,Portugal,PT,00,41.733333,-7.466667,469,2740761,2264397
CHW,Jiuhuang,Jiuquan,China,CN,00,39.766667,98.483333,713,1279945,1814991
CHX,Changuinola,Changuinola,Panama,PA,00,9.45,-82.466667,162,3712560,3703433
CHY,Choiseul Bay,Choiseul Bay,Solomon Islands,SB,00,-6.7,156.45,874,0,2103350
CHZ,State,Chiloquin,United States,US,011,42.583333,-121.866667,67,0,6252001
CIA,Ciampino,Rome,Italy,IT,00,41.799444,12.595,450,3169070,3175395
CIB,Ap In The Sky,Catalina Island,United States,US,011,33.416389,-118.416389,67,0,6252001
CIC,Chico,Chico,United States,US,011,39.8,-121.85,67,5336269,6252001
CID,Cedar Rapids,Cedar Rapids,United States,US,011,41.884722,-91.710833,67,4850751,6252001
CIE,Collie,Collie,Australia,AU,0011,-33.35,116.15,802,2074113,2077456
CIF,Chifeng,Chifeng,China,CN,00,42.333333,119.008333,713,2038067,1814991
CIG,Craig-Moffat,Craig,United States,US,011,40.5,-107.583333,67,5845544,6252001
CIH,Changzhi,Changzhi,China,CN,00,36.183333,113.133333,713,1815463,1814991
CIJ,E. Beltram,Cobija,Bolivia,BO,0010,-11.016667,-68.733333,312,3919998,3923057
CIK,Chalkyitsik,Chalkyitsik,United States,US,011,66.65,-143.75,67,0,6252001
CIL,Melsing Creek,Council,United States,US,011,64.9,-163.733333,67,0,6252001
CIM,Cimitarra,Cimitarra,Colombia,CO,005,6.483333,-74.033333,327,3686255,3686121
CIN,Carroll,Carroll,United States,US,011,42.05,-94.783333,67,4850478,6252001
CIO,MCAL Lopez,Concepcion,Paraguay,PY,002,4.066667,-73.733333,365,3438834,3437598
CIP,Chipata,Chipata,Zambia,ZM,00,-13.55,32.6,597,918702,895949
CIQ,Chiquimula,Chiquimula,Guatemala,GT,00,14.8,-89.55,127,3598465,3595530
CIR,Cairo,Cairo,United States,US,011,4.666667,-76.016667,67,5111056,6252001
CIS,Canton Island,Canton Island,Kiribati,KI,00,-2.833333,-171.666667,824,0,4030945
CIT,Shimkent,Shimkent,Kazakhstan,KZ,8-10,42.3,69.6,738,0,1522867
CIU,Chippewa County,Sault Ste Marie,United States,US,011,46.25,-84.466667,67,0,6252001
CIV,Chomley,Chomley,United States,US,011,55.216667,-132.216667,67,0,6252001
CIW,Canouan Island,Canouan Island,Saint Vincent and the Grenadines,VC,011,12.716667,-61.333333,279,0,3577815
CIX,Cornel Ruiz,Chiclayo,Peru,PE,00,-6.783333,-79.833333,368,3698350,3932488
CIY,Comiso,Comiso,Italy,IT,00,37,14.6,450,2524955,3175395
CIZ,Coari,Coari,Brazil,BR,0014,-4.083333,-63.133333,316,3664539,3469034
CJA,Cajamarca,Cajamarca,Peru,PE,00,-7.133333,-78.5,368,3699088,3932488
CJB,Peelamedu,Coimbatore,India,IN,00,11.03,77.043333,733,1273865,1269750
CJC,El Loa,Calama,Chile,CL,00,-22.483333,-68.916667,324,3897347,3895114
CJD,Candilejas,Candilejas,Colombia,CO,005,2.066667,-74.583333,327,0,3686121
CJH,Chilko Lake,Chilko Lake,Canada,CA,011,51.25,-1.083333,906,0,6251999
CJI,Ciudad Real - Don Quijote Airport,Ciudad Real,Spain,ES,00,24.033333,-54.1,482,2519402,2510769
CJJ,Cheongju,Cheongju,Korea,KR,00,36.637222,127.489722,778,1845604,1835841
CJL,Chitral,Chitral,Pakistan,PK,00,35.879722,71.797222,764,0,1168579
CJM,Chumphon Airport,Chumphon,Thailand,TH,001,10.5,99.166667,782,1153557,1605651
CJN,Gillespie Field,El Cajon,United States,US,011,32.826111,-116.9725,67,5345529,6252001
CJS,Intl Abraham Gonzalez,Ciudad Juarez,Mexico,MX,00,31.666667,-106.433333,148,4013708,3996063
CJT,Copalar,Comitan,Mexico,MX,00,16.25,-92.133333,148,3530367,3996063
CJU,Jeju Airport,Jeju,Korea,KR,00,33.504722,126.493056,778,1846266,1835841
CKA,Kegelman Af,Cherokee,United States,US,011,26.283333,-77.033333,67,4851247,6252001
CKB,Benedum,Clarksburg,United States,US,011,39.3,-80.233333,67,4802316,6252001
CKC,Cherkassy,Cherkassy,Ukraine,UA,8-10,49.416667,32,488,710791,690791
CKD,Crooked Creek,Crooked Creek,United States,US,011,61.866667,-158.133333,67,0,6252001
CKE,Clear Lake,Clear Lake,United States,US,011,39.033333,-122.833333,67,5790270,6252001
CKG,Chongqing Jiangbei International,Chongqing,China,CN,00,29.719167,106.641667,713,1814906,1814991
CKH,Chokurdah,Chokurdah,Russian Federation,RU,8-10,70.633333,147.883333,770,0,2017370
CKI,Croker Island,Croker Island,Australia,AU,0011,-11.083333,132.5,802,0,2077456
CKK,Cherokee,Cherokee,United States,US,011,36.283333,-91.5,67,4851247,6252001
CKL,Chkalovsky,Chkalovsky,Russian Federation,RU,8-10,51.75,55.383333,770,0,2017370
CKM,Fletcher Field,Clarksdale  MS,United States,US,011,34.299722,-90.512222,67,4421935,6252001
CKN,Municipal,Crookston,United States,US,011,47.85,-96.616667,67,5023465,6252001
CKO,Cornelio Procopio,Cornelio Procopio,Brazil,BR,0014,-23.152222,-50.602222,316,0,3469034
CKR,Crane Island,Crane Island,United States,US,011,48.6,-123,67,0,6252001
CKS,Carajas,Carajas,Brazil,BR,0014,-6,-51.333333,316,0,3469034
CKT,Sarakhs,Sarakhs,Iran,IR,00,35.994722,51.307778,632,1159716,130758
CKU,City,Cordova,United States,US,011,9.633333,-74.783333,67,5859888,6252001
CKV,Outlaw Field,Clarksville  TN,United States,US,011,36.621944,-87.415,67,4851846,6252001
CKX,Chicken,Chicken,United States,US,011,64.083333,-141.916667,67,0,6252001
CKY,Conakry,Conakry,Guinea,GN,00,9.566667,-13.616667,531,2422465,2420477
CKZ,Canakkale,Canakkale,Turkey,TR,00,40.133333,26.433333,679,749780,298795
CLA,Comilla,Comilla,Bangladesh,BD,00,23.433333,91.183333,703,1185186,1210997
CLB,Castlebar,Castlebar,Ireland,IE,00,53.848333,-9.280278,441,2965654,2963597
CLC,Metroport,Clearlake,United States,US,011,29.5575,-95.139167,67,5337908,6252001
CLD,Mc Clellan-Palomar Airport,Carlsbad  CA,United States,US,011,33.116667,-117.266667,67,5460459,6252001
CLE,Hopkins International,Cleveland,United States,US,011,41.416667,-81.85,1,5248933,6252001
CLG,Coalinga,Coalinga,United States,US,011,36.15,-120.35,67,5338196,6252001
CLH,Coolah,Coolah,Australia,AU,0011,-31.833333,149.7,802,0,2077456
CLI,Clintonville,Clintonville,United States,US,011,43.6,-81.533333,67,5248985,6252001
CLJ,Cluj Napoca International Airport,Cluj-Napoca,Romania,RO,00,46.785278,23.686111,473,681290,798549
CLK,Municipal,Clinton,United States,US,011,43.6,-81.533333,67,5773001,6252001
CLL,Easterwood Field,College Station  TX,United States,US,011,30.588611,-96.363889,67,4682464,6252001
CLM,Fairchild Intl,Port Angeles,United States,US,011,48.133333,-123.5,67,5807212,6252001
CLN,Carolina,Carolina,Brazil,BR,0014,-7.35,-47.433333,316,3402724,3469034
CLO,Alfonso B. Aragon,Cali,Colombia,CO,005,3.4575,-76.496389,327,3687925,3686121
CLP,Clarks Point,Clarks Point,United States,US,011,58.85,-158.5,67,0,6252001
CLQ,Colima,Colima,Mexico,MX,00,19.3,-103.666667,148,4013516,3996063
CLR,Calipatria,Calipatria,United States,US,011,33.133333,-115.516667,67,5332929,6252001
CLS,Centralia,Chehalis,United States,US,011,46.683333,-122.983333,67,5789817,6252001
CLT,Charlotte Douglas,Charlotte,United States,US,011,35.216667,-80.933333,67,4988584,6252001
CLU,Columbus Municipal,Columbus,United States,US,011,39.133333,-85.933333,67,5645893,6252001
CLV,Caldas Novas,Caldas Novas,Brazil,BR,0014,-17.724722,-48.61,316,3468100,3469034
CLW,Executive,Clearwater,United States,US,011,50.433333,-93.45,67,5021527,6252001
CLX,Clorinda,Clorinda,Argentina,AR,00,-25.333333,-57.666667,303,0,3865483
CLY,Ste Catherine,Calvi,France,FR,00,42.533333,8.8,427,3029090,3017382
CLZ,Calabozo,Calabozo,Venezuela,VE,00,8.933333,-67.433333,388,3647444,3625428
CMA,Cunnamulla,Cunnamulla,Australia,AU,0011,-28.033333,145.616667,802,0,2077456
CMB,Bandaranayake,Colombo,Sri Lanka,LK,00,7.179167,79.883056,711,1248991,1227603
CMC,Camocim,Camocim,Brazil,BR,0014,-2.9,-40.833333,316,3403687,3469034
CMD,Cootamundra,Cootamundra,Australia,AU,0011,-34.633333,148.05,802,2170430,2077456
CME,Ciudad Del Carmen,Ciudad Del Carmen,Mexico,MX,00,18.7,-91.633333,148,3530599,3996063
CMF,Chambery,Chambery,France,FR,00,45.566667,5.916667,427,3027422,3017382
CMG,Intl. Airport Corumba,Corumba,Brazil,BR,0014,-19.011389,-57.666944,316,3465342,3469034
CMH,Port Columbus Intl,Columbus,United States,US,011,40,-82.883333,67,5645893,6252001
CMI,University Of Illinois Willard,Champaign,United States,US,011,40.033333,-88.283333,67,4887158,6252001
CMJ,Chi Mei,Chi Mei,Taiwan,TW,002,23.25,119.416667,781,0,1668284
CMK,Club Makokola,Club Makokola,Malawi,MW,00,-14.3,35.133333,542,0,927384
CML,Camooweal,Camooweal,Australia,AU,0011,-19.916667,138.133333,802,0,2077456
CMM,Carmelita,Carmelita,Guatemala,GT,00,17.5,-90.166667,127,0,3595530
CMN,Mohamed V,Casablanca,Morocco,MA,00,33.366667,-7.583333,548,2553604,2542007
CMO,Obbia,Obbia,Somalia,SO,00,5.366667,48.516667,573,57000,51537
CMP,Campo Alegre,Santana Do Araguaia,Brazil,BR,0014,-9.333333,-50.333333,316,0,3469034
CMQ,Clermont,Clermont,Australia,AU,0011,-22.866667,147.5,802,0,2077456
CMR,Colmar-houssen,Colmar,France,FR,00,48.083333,7.366667,427,3024297,3017382
CMS,Scusciuban,Scusciuban,Somalia,SO,00,10.5,50.458333,573,56505,51537
CMT,Cameta,Cameta,Brazil,BR,0014,-2.25,-49.5,316,3403697,3469034
CMU,Chimbu,Kundiawa,Papua New Guinea,PG,05,-5.983333,144.983333,804,2093059,2088628
CMV,Coromandel,Coromandel,New Zealand,NZ,00,-36.75,175.5,851,2192093,2186224
CMW,Ign Agramonte Intl,Camaguey,Cuba,CU,119,21.416667,-77.866667,219,3566067,3562981
CMX,Houghton County,Hancock,United States,US,011,47.123611,-88.573333,67,5119916,6252001
CMY,Fort Mccoy,Sparta,United States,US,011,43.95,-90.783333,67,5273927,6252001
CMZ,Caia,Caia,Mozambique,MZ,00,-25.316667,32.966667,550,0,1036973
CNA,Cananea,Cananea,Mexico,MX,00,30.983333,-110.266667,148,4015700,3996063
CNB,Coonamble,Coonamble,Australia,AU,0011,-30.983333,148.383333,802,0,2077456
CNC,Coconut Island,Coconut Island,Australia,AU,0011,-10.05,143.066667,802,0,2077456
CND,Kogalniceanu,Constanta,Romania,RO,00,44.362222,28.488333,473,6691726,798549
CNE,Canon City,Canon City,United States,US,011,38.416667,-105.1,67,5416005,6252001
CNF,Tancredo Neves International,Belo Horizonte  Minas Gerais,Brazil,BR,0014,-19.633611,-43.968889,316,3470127,3469034
CNG,Parvaud,Cognac,France,FR,00,45.7,-0.333333,427,3024440,3017382
CNH,Municipal,Claremont,United States,US,011,43.366667,-72.366667,67,5337696,6252001
CNI,Changhai,Changhai,China,CN,00,39.266667,122.516667,713,0,1814991
CNJ,Cloncurry,Cloncurry,Australia,AU,0011,-20.668611,140.504444,802,0,2077456
CNK,Blosser Municipal,Concordia,United States,US,011,39.55,-97.65,67,5096867,6252001
CNL,Sindal,Sindal,Denmark,DK,00,57.483333,10.216667,419,2614010,2623032
CNM,Carlsbad,Carlsbad,United States,US,011,32.333333,-104.266667,67,5460459,6252001
CNO,Chino,Chino,United States,US,011,34.016667,-117.7,67,5336537,6252001
CNP,Neerlerit Inaat,Neerlerit Inaat,Greenland,GL,00,70.743056,-22.658333,975,0,3425505
CNQ,Camba Punta,Corrientes,Argentina,AR,00,-27.45,-58.766667,303,3435217,3865483
CNR,Chanaral,Chanaral,Chile,CL,00,-26.316667,-70.616667,324,0,3895114
CNS,Cairns,Cairns,Australia,AU,0011,-16.883333,145.75,802,2172797,2077456
CNT,Charata,Charata,Argentina,AR,00,-27.216667,-61.216667,303,0,3865483
CNU,Martin Johnson,Chanute,United States,US,011,37.683333,-95.45,67,4269392,6252001
CNV,Canavieiras,Canavieiras,Brazil,BR,0014,-15.633333,-38.866667,316,3467577,3469034
CNW,TSTC Waco Airport,Waco  TX,United States,US,011,31.637778,-97.074167,67,4739526,6252001
CNX,Chiang Mai International,Chiang Mai,Thailand,TH,001,18.768333,98.962778,782,1153671,1605651
CNY,Canyonlands Field,Moab,United States,US,011,38.766667,-109.75,67,5543307,6252001
CNZ,Cangamba,Cangamba,Angola,AO,00,-13.683333,19.883333,502,0,3351879
COA,Columbia,Columbia,United States,US,011,38.033333,-120.416667,67,5338800,6252001
COB,Coolibah,Coolibah,Australia,AU,0011,-15.666667,130.966667,802,0,2077456
COC,Concordia,Concordia,Argentina,AR,00,-31.3,-58.016667,303,3435261,3865483
COD,Yellowstone Regional,Cody/Yellowstone,United States,US,011,44.516667,-109.033333,67,5821593,6252001
COG,Mandinga,Condoto,Colombia,CO,005,5.1,-76.616667,327,3686002,3686121
COH,Cooch Behar,Cooch Behar,India,IN,00,26.333333,89.466667,733,1266436,1269750
COI,Merritt Island,Cocoa,United States,US,011,28.133333,-80.633333,67,4151440,6252001
COJ,Coonabarabran,Coonabarabran,Australia,AU,0011,-31.333333,149.266667,802,2170540,2077456
COK,Cochin International,Kochi,India,IN,00,10.151944,76.401944,733,1273874,1269750
COL,Isle Of Coll,Isle Of Coll,United Kingdom,GB,00,56.616667,-6.616667,493,0,2635167
COM,Coleman,Coleman,United States,US,011,31.833333,-99.433333,67,4989304,6252001
CON,Concord,Concord,United States,US,011,6.683333,-57.9,67,5339111,6252001
COO,Cotonou,Cotonou,Benin,BJ,00,6.35,2.383333,519,2394819,2395170
COP,Cooperstown - Westville Airport,Cooperstown  NY,United States,US,011,42.629167,-74.891111,67,5113664,6252001
COQ,Choibalsan,Choibalsan,Mongolia,MN,001,48.133333,114.9,751,0,2029969
COR,Pajas Blancas,Cordoba,Argentina,AR,00,-31.316667,-64.216667,303,3860259,3865483
COS,Colorado Springs,Colorado Springs,United States,US,011,38.816667,-104.716667,67,5417598,6252001
COT,Cotulla,Cotulla,United States,US,011,28.433333,-99.233333,67,4683696,6252001
COU,Columbia Regional,Columbia,United States,US,011,38.95,-92.333333,67,5338800,6252001
COV,Covilha,Covilha,Portugal,PT,00,40.283333,-7.5,469,0,2264397
COW,Coquimbo,Coquimbo,Chile,CL,00,-33.45,-57.733333,324,3893629,3895114
COX,Congo Town,Congo Town,Bahamas,BS,011,24.15,-77.586111,204,0,3572887
COY,Coolawanyah,Coolawanyah,Australia,AU,0011,-21.8,117.766667,802,0,2077456
COZ,Constanza,Constanza,Dominican Republic,DO,011,18.9,-70.716667,224,3509363,3508796
CPA,A. Tubman,Cape Palmas,Liberia,LR,00,4.383333,-7.7,537,2276492,2275384
CPB,Capurgana,Capurgana,Colombia,CO,005,8.633333,-77.333333,327,0,3686121
CPC,Chapelco,San Martin DeLos Andes,Argentina,AR,00,-40.083333,-71.133333,303,0,3865483
CPD,Coober Pedy,Coober Pedy,Australia,AU,0011,-29.05,134.75,802,0,2077456
CPE,Campeche International,Campeche,Mexico,MX,00,19.833333,-90.516667,148,3531732,3996063
CPF,Cepu,Cepu,Indonesia,ID,001,-7.183333,111.533333,832,1647179,1643084
CPG,Carmen De Patagones,Carmen De Patagones,Argentina,AR,00,-40.8,-62.983333,303,0,3865483
CPH,Kastrup,Copenhagen,Denmark,DK,00,55.618056,12.655833,419,2618425,2623032
CPI,Cape Orford,Cape Orford,Papua New Guinea,PG,05,-52,-61.066667,804,0,2088628
CPL,Chaparral,Chaparral,Colombia,CO,005,3.7,-75.75,327,3686793,3686121
CPM,Compton,Compton  CA,United States,US,011,33.89,-118.243611,67,5339066,6252001
CPN,Cape Rodney,Cape Rodney,Papua New Guinea,PG,05,-10.183333,148.366667,804,0,2088628
CPO,Chamonate,Copiapo,Chile,CL,00,27.366667,-70.35,324,3893656,3895114
CPQ,International,Campinas,Brazil,BR,0014,-23,-47.133333,316,3471772,3469034
CPR,Natrona County International Airport,Casper  WY,United States,US,011,42.908056,-106.464444,67,5820705,6252001
CPS,St. Louis Downtown Airport,St Louis  Il,United States,US,011,38.570833,-90.156111,67,0,6252001
CPT,Cape Town International,Cape Town,South Africa,ZA,00,-33.964722,18.601667,562,3369157,953987
CPU,Cururupu,Cururupu,Brazil,BR,0014,-1.8,-44.866667,316,3401148,3469034
CPV,Joao Suassuna,Campina Grande,Brazil,BR,0014,-7.266667,-35.9,316,3467877,3469034
CPX,Culebra,Culebra,Puerto Rico,PR,011,18.316667,-65.3,3,4564070,4566966
CQA,Canarana Airport,Canarana,Brazil,BR,0014,-4.45,-44.533333,316,3467604,3469034
CQD,Shahre-kord,Shahre-kord,Iran,IR,00,32.3,50.833333,632,0,130758
CQF,Calais,Calais,France,FR,00,50.966667,1.95,427,3029162,3017382
CQP,Cape Flattery,Cape Flattery,Australia,AU,0011,-18.2,147.5,802,0,2077456
CQT,Caquetania,Caquetania,Colombia,CO,005,2.033333,-74.216667,327,0,3686121
CRA,Craiova,Craiova,Romania,RO,00,44.433333,23.8,473,680332,798549
CRB,Collarenebri,Collarenebri,Australia,AU,0011,-29.525833,148.575833,802,0,2077456
CRC,Cartago,Cartago,Colombia,CO,005,4.766667,-75.933333,327,3687231,3686121
CRD,Comodoro Rivadavia,Comodoro Rivadavia,Argentina,AR,00,-45.783333,-67.466667,303,3860443,3865483
CRE,Grand Strand Airport,Myrtle Beach,United States,US,011,33.811667,-78.723889,67,4588718,6252001
CRF,Carnot,Carnot,Central African Republic,CF,00,4.933333,15.9,509,2387495,239880
CRG,Craig Municipal,Jacksonville,United States,US,011,30.333889,-81.5025,67,5733409,6252001
CRH,Cherribah,Cherribah,Australia,AU,0011,-27.65,151.95,802,0,2077456
CRI,Crooked Island,Crooked Island,Bahamas,BS,011,22.75,-74.15,204,0,3572887
CRJ,Coorabie,Coorabie,Australia,AU,0011,-31.9,132.3,802,0,2077456
CRK,Diosdado Macapagal International,Angeles City,Philippines,PH,00,15.183333,120.533333,766,0,1694008
CRL,Charleroi Brussels South,Brussels,Belgium,BE,00,50.46,4.452778,409,2800866,2802361
CRM,National,Catarman,Philippines,PH,00,12.516667,124.633333,766,1717931,1694008
CRN,Cromarty,Cromarty,United Kingdom,GB,00,57.65,-4.05,493,0,2635167
CRO,Corcoran,Corcoran,United States,US,011,36.1,-119.55,67,5339539,6252001
CRP,Corpus Christi International Airport,Corpus Christi  TX,United States,US,011,27.770278,-97.501111,67,4683416,6252001
CRQ,Caravelas,Caravelas,Brazil,BR,0014,-17.65,-39.25,316,0,3469034
CRR,Ceres,Ceres,Argentina,AR,00,-29.866667,-61.833333,303,0,3865483
CRS,Corsicana,Corsicana,United States,US,011,32.1,-96.466667,67,4683462,6252001
CRT,Municipal,Crossett,United States,US,011,33.133333,-91.966667,67,4107198,6252001
CRU,Carriacou Is,Carriacou Is,Grenada,GD,011,12.466667,-61.466667,273,0,3580239
CRV,Crotone,Crotone,Italy,IT,00,39,17.083333,450,2524881,3175395
CRW,Yeager,Charleston,United States,US,011,38.366667,-81.6,67,4960682,6252001
CRX,Roscoe Turner,Corinth,United States,US,011,34.9,-88.6,67,5113723,6252001
CRY,Carlton Hill,Carlton Hill,Australia,AU,0011,-15.7,128.5,802,0,2077456
CRZ,Turkmenabad,Turkmenabad,Turkmenistan,TM,8-10,39.083333,63.616667,785,1219649,1218197
CSA,Isle Of Colonsay,Isle Of Colonsay,United Kingdom,GB,00,56.058889,-6.243889,493,0,2635167
CSB,Caransebes,Caransebes,Romania,RO,00,45.5,22.425,473,682729,798549
CSC,Canas,Canas,Costa Rica,CR,00,10.416667,-85.116667,110,3624468,3624060
CSD,Cresswell Downs,Cresswell Downs,Australia,AU,0011,-17.966667,135.916667,802,0,2077456
CSF,Creil,Creil,France,FR,00,49.266667,2.483333,427,3022610,3017382
CSH,Solovky,Solovetsky,Russia,RU,8-10,65.05,35.666667,67,0,0
CSJ,Cape St Jacques,Cape St Jacques,Viet Nam,VN,00,10.35,107.066667,791,0,1562822
CSK,Cap Skirring,Cap Skirring,Senegal,SN,00,12.4,-16.75,569,0,2245662
CSM,Sherman,Clinton,United States,US,011,35.516667,-98.983333,67,5773001,6252001
CSN,Carson City,Carson City,United States,US,011,39.2,-119.733333,67,5501344,6252001
CSP,Coast Guard Heliport,Cape Spencer,United States,US,011,45.2,-65.916667,67,0,6252001
CSQ,Municipal,Creston,United States,US,011,41.066667,-94.366667,67,5151415,6252001
CSR,Casuarito,Casuarito,Colombia,CO,005,5.833333,-68.133333,327,0,3686121
CSS,Cassilandia,Cassilandia,Brazil,BR,0014,-19.15,-51.75,316,3466750,3469034
CST,Castaway,Castaway,Fiji,FJ,00,-17.619444,177.122222,821,0,2205218
CSU,Santa Cruz Do Sul,Santa Cruz Do Sul,Brazil,BR,0014,-29.716667,-52.433333,316,3450269,3469034
CSV,Memorial,Crossville,United States,US,011,35.95,-85.083333,67,4616470,6252001
CSW,Colorado do Oeste,Colorado do Oeste,Brazil,BR,0014,-22.816667,-51.95,316,0,3469034
CSX,Changsha,Changsha,China,CN,00,28.071111,112.958333,713,1815577,1814991
CSY,Cheboksary,Cheboksary,Russian Federation,RU,8-10,56.090278,40.347222,770,569696,2017370
CSZ,Brigadier Hector Ruiz,Coronel Suarez,Argentina,AR,00,-37.466667,-61.916667,303,3860164,3865483
CTA,Fontanarossa,Catania,Italy,IT,00,37.466667,15.066667,450,2525068,3175395
CTB,Cut Bank,Cut Bank,United States,US,011,48.633333,-112.333333,67,5647469,6252001
CTC,Catamarca,Catamarca,Argentina,AR,00,-28.448333,-65.779722,303,3837702,3865483
CTD,Chitre,Chitre,Panama,PA,00,7.983333,-80.416667,162,3712384,3703433
CTE,Carti,Carti,Panama,PA,00,9.316667,-79.1,162,0,3703433
CTF,Coatepeque Airport,Coatepeque,Guatemala,GT,00,14.166667,-90.15,127,3598122,3595530
CTG,Rafael Nunez,Cartagena,Colombia,CO,005,10.45,-75.516667,327,3687238,3686121
CTH,Chestercounty Carlson,Coatesville,United States,US,011,39.966667,-75.816667,67,4557247,6252001
CTI,Cuito Cuanavale,Cuito Cuanavale,Angola,AO,00,-15.166667,19.166667,502,0,3351879
CTK,Canton,Canton,United States,US,011,43.3,-96.583333,67,5226716,6252001
CTL,Charleville,Charleville,Australia,AU,0011,-26.416667,146.266667,802,0,2077456
CTM,Chetumal,Chetumal,Mexico,MX,00,18.483333,-88.316667,148,3531023,3996063
CTN,Cooktown,Cooktown,Australia,AU,0011,-15.45,145.183333,802,0,2077456
CTO,Peconic River,Calverton,United States,US,011,40.916667,-72.75,67,5111137,6252001
CTP,Carutapera,Carutapera,Brazil,BR,0014,-1.25,-46.016667,316,3402648,3469034
CTQ,Do Palmar,Santa Vitoria,Brazil,BR,0014,-18.833333,-50.133333,316,3449749,3469034
CTR,Cattle Creek,Cattle Creek,Australia,AU,0011,-17.583333,131,802,0,2077456
CTS,New Chitose Airport,Sapporo,Japan,JP,001,42.8,141.666667,736,2128295,1861060
CTT,Le Castellet,Le Castellet,France,FR,00,43.255556,5.788889,427,3004838,3017382
CTU,Shuangliu,Chengdu,China,CN,00,30.578611,103.947222,713,1815286,1814991
CTW,Cottonwood,Cottonwood,United States,US,011,34.733333,-112.033333,67,5589704,6252001
CTX,Cortland,Cortland,United States,US,011,36.5,33.616667,67,5151174,6252001
CTY,Cross City,Cross City,United States,US,011,29.65,-83.116667,67,4152395,6252001
CTZ,Sampson County,Clinton,United States,US,011,35,-78.333333,67,5773001,6252001
CUA,Ciudad Constitucion,Ciudad Constitucion,Mexico,MX,00,25.05,-111.65,148,4013723,3996063
CUB,Owens Field,Columbia,United States,US,011,-10.75,-67.866667,67,5338800,6252001
CUC,Camilo Dazo,Cucuta,Colombia,CO,005,7.916667,-72.533333,327,3685533,3686121
CUD,Caloundra,Caloundra,Australia,AU,0011,-26.8,153.15,802,2172710,2077456
CUE,Cuenca,Cuenca,Ecuador,EC,00,-2.9,-78.966667,337,3658666,3658394
CUF,Levaldigi,Cuneo,Italy,IT,00,44.535278,7.6175,450,3177700,3175395
CUG,Cudal,Cudal,Australia,AU,0011,-33.3,148.702778,802,0,2077456
CUH,Municipal,Cushing,United States,US,011,35.983333,-96.766667,67,4961976,6252001
CUI,Currillo,Currillo,Colombia,CO,005,4.666667,-72,327,0,3686121
CUJ,Culion,Culion,Philippines,PH,00,11.883333,120.016667,766,0,1694008
CUK,Caye Caulker,Caye Caulker,Belize,BZ,00,17.75,-88.05,106,0,3582678
CUL,Fedl De Bachigualato,Culiacan,Mexico,MX,00,22.75,-107.483333,148,4012176,3996063
CUM,Cumana,Cumana,Venezuela,VE,00,10.45,-64.183333,388,3644768,3625428
CUN,Cancǧn International,Cancun,Mexico,MX,00,21.036667,-86.876944,148,3531673,3996063
CUO,Caruru,Caruru,Colombia,CO,005,1.033333,-71.233333,327,0,3686121
CUP,Carupano,Carupano,Venezuela,VE,00,10.666667,-63.25,388,3646382,3625428
CUQ,Coen,Coen,Australia,AU,0011,-13.783333,143.116667,802,0,2077456
CUR,Hato International Airport,Curacao,Netherlands Antilles,AN,00,12.2,-68.966667,259,0,3513447
CUS,Municipal,Columbus,United States,US,011,31.833333,-107.633333,67,5645893,6252001
CUT,Cutral,Cutral,Argentina,AR,00,-38.966667,-69.25,303,0,3865483
CUU,Gen Fierro Villalobos,Chihuahua,Mexico,MX,00,28.683333,-106,148,4014338,3996063
CUV,Casigua,Casigua,Venezuela,VE,00,8.766667,-72.55,388,0,3625428
CUW,Cube Cove,Cube Cove,United States,US,011,58.35,-133.766667,67,0,6252001
CUY,Cue,Cue,Australia,AU,0011,-27.45,117.916667,802,0,2077456
CUZ,Velazco Astete,Cuzco,Peru,PE,00,-13.533333,-71.966667,368,3941584,3932488
CVB,Chungribu,Chungribu,Papua New Guinea,PG,05,-4.8,144.733333,804,0,2088628
CVC,Cleve,Cleve,Australia,AU,0011,-33.7,136.5,802,0,2077456
CVE,Covenas,Covenas,Colombia,CO,005,9.4,-75.733333,327,0,3686121
CVF,Courchevel,Courchevel,France,FR,00,45.5,6.666667,427,0,3017382
CVG,Cincinnati/northern Kentucky,Covington  KY,United States,US,011,39.048889,-84.667778,67,5791159,6252001
CVH,Caviahue,Caviahue,Argentina,AR,00,-37.916667,-71.013889,303,0,3865483
CVI,Caleta Olivia,Caleta Olivia,Argentina,AR,00,-46.433333,-67.516667,303,0,3865483
CVJ,General Mariano Matamoros Airport,Cuernavaca,Mexico,MX,00,18.834722,-99.261389,148,3529947,3996063
CVL,Cape Vogel,Cape Vogel,Papua New Guinea,PG,05,-9.7,150.05,804,0,2088628
CVM,Ciudad Victoria,Ciudad Victoria,Mexico,MX,00,23.716667,-98.866667,148,3530580,3996063
CVN,Municipal,Clovis,United States,US,011,34.416667,-103.083333,67,5462393,6252001
CVO,Albany,Albany,United States,US,011,44.5,-123.283333,67,5710756,6252001
CVQ,Carnarvon,Carnarvon,Australia,AU,0011,-24.883333,113.666667,802,2074865,2077456
CVR,Hughes,Culver City,United States,US,011,34.016667,-118.4,67,5341114,6252001
CVS,Cannon AFB,Clovis,United States,US,011,19.15,-72.55,67,5462393,6252001
CVT,West Midlands International,Coventry,United Kingdom,GB,00,52.369722,-1.479722,493,2652221,2635167
CVU,Corvo Island,Corvo Island,Portugal,PT,00,39.7,-31.1,469,0,2264397
CWA,Central Wisconsin,Wausau,United States,US,011,44.769444,-89.683056,67,5278120,6252001
CWB,Afonso Pena International Airport,Curitiba,Brazil,BR,0014,-25.528611,-49.175833,316,3464975,3469034
CWC,Chernovtsy,Chernovtsy,Ukraine,UA,8-10,48.266667,25.966667,488,710719,690791
CWG,Callaway Gardens,Callaway Gardens,United States,US,011,32.833333,-84.883333,67,0,6252001
CWI,Clinton,Clinton,United States,US,011,41.833333,-90.35,67,5773001,6252001
CWL,Cardiff,Cardiff,United Kingdom,GB,00,51.4,-3.35,493,2653822,2635167
CWO,Ft Wolter AAF,Mineral Wells,United States,US,011,-5.133333,137.533333,67,4711647,6252001
CWP,Campbellpore,Campbellpore,Pakistan,PK,00,33.766667,72.366667,764,1184249,1168579
CWR,Cowarie,Cowarie,Australia,AU,0011,-27.716667,138.333333,802,0,2077456
CWT,Cowra,Cowra,Australia,AU,0011,-33.85,148.65,802,2170139,2077456
CWW,Corowa,Corowa,Australia,AU,0011,-35.983333,146.35,802,2170260,2077456
CXA,Caicara Del Orinoco,Caicara Del Orinoco,Venezuela,VE,00,7.626111,-66.165,388,0,3625428
CXC,Chitina Arpt,Chitina,United States,US,011,61.566667,-144.416667,67,0,6252001
CXF,Coldfoot,Coldfoot,United States,US,011,67.266667,-150.166667,67,0,6252001
CXH,Coal Harbour,Vancouver,Canada,CA,011,49.289722,-123.115833,906,6173331,6251999
CXI,Cassidy International Airport,Christmas Island,Kiribati,KI,00,1.986111,-157.349722,686,0,4030945
CXJ,Campo Dos Bugres,Caxias Do Sul,Brazil,BR,0014,-29.196944,-51.1875,316,3466537,3469034
CXL,International,Calexico,United States,US,011,32.666667,-115.516667,67,5332698,6252001
CXN,Candala,Candala,Somalia,SO,00,11.833333,49.958333,573,53157,51537
CXO,Montgomery Co,Conroe,United States,US,011,30.316667,-95.45,67,4682991,6252001
CXP,Tunggul Wulung,Cilacap,Indonesia,ID,001,7.733333,109,832,0,1643084
CXQ,Christmas Creek,Christmas Creek,Australia,AU,0011,-18.916667,125.916667,802,0,2077456
CXR,Nha Trang,Nha Trang,Viet Nam,VN,00,12.2275,109.192222,791,1572151,1562822
CXT,Charters Towers,Charters Towers,Australia,AU,0011,-20.05,146.266667,802,2171722,2077456
CXY,Cat Cays,Cat Cays,Bahamas,BS,011,24.315,-75.453611,204,0,3572887
CYA,Les Cayes,Les Cayes,Haiti,HT,00,18.266667,-73.783333,238,3728097,3723988
CYB,Gerrard-Smith,Cayman Brac Is,Cayman Islands,KY,011,19.716667,-79.825,233,0,3580718
CYC,Caye Chapel,Caye Chapel,Belize,BZ,00,17.7,-88.033333,106,0,3582678
CYE,Crystal Lake,Crystal Lake,United States,US,011,41.210278,-75.832222,67,4889229,6252001
CYF,Chefornak SPB,Chefornak,United States,US,011,60.2,-164.183333,67,0,6252001
CYG,Corryong,Corryong,Australia,AU,0011,-36.25,147.9,802,0,2077456
CYI,Chiayi,Chiayi,Taiwan,TW,002,23.466667,120.383333,781,0,1668284
CYL,Coyoles,Coyoles,Honduras,HN,00,15.483333,-86.683333,131,0,3608932
CYM,Chatham SPB,Chatham,United States,US,011,57.5,-134.75,67,5112335,6252001
CYO,Cayo Largo Del Sur,Cayo Largo Del Sur,Cuba,CU,119,21.6175,-81.550833,219,0,3562981
CYP,Calbayog,Calbayog,Philippines,PH,00,12.083333,124.55,766,1720402,1694008
CYR,Laguna De Los Patos,Colonia,Uruguay,UY,00,-34.45,-57.766667,385,3443013,3439705
CYS,Cheyenne,Cheyenne,United States,US,011,41.15,-104.8,67,5821086,6252001
CYT,Intermediate,Yakataga,United States,US,011,60.083333,-142.483333,67,0,6252001
CYU,Cuyo,Cuyo,Philippines,PH,00,10.85,121,766,1716397,1694008
CYX,Cherskiy,Cherskiy,Russian Federation,RU,8-10,68.75,161.35,770,2126199,2017370
CYZ,Cauayan,Cauayan,Philippines,PH,00,16.916667,121.75,766,1717738,1694008
CZA,Chichen Itza,Chichen Itza,Mexico,MX,00,20.666667,-88.566667,148,0,3996063
CZB,Carlos Ruhl,Cruz Alta,Brazil,BR,0014,-28.633333,-53.5,316,3465108,3469034
CZC,Copper Centre,Copper Centre,United States,US,011,42.483333,12.65,67,0,6252001
CZE,Coro,Coro,Venezuela,VE,00,11.416667,-69.666667,388,3645213,3625428
CZF,Cape Romanzof,Cape Romanzof,United States,US,011,61.733333,-166,67,0,6252001
CZH,Corozal,Corozal,Belize,BZ,00,18.333333,-88.5,106,3582305,3582678
CZJ,Corazon De Jesus,Corazon De Jesus,Panama,PA,00,9.016667,-77.983333,162,0,3703433
CZK,Cascade Locks/Stevens,Cascade Locks,United States,US,011,45.666667,-121.9,67,5718132,6252001
CZL,Ain El Bey,Constantine,Algeria,DZ,00,36.285278,6.619167,500,2501152,2589581
CZM,Cozumel,Cozumel,Mexico,MX,00,20.516667,-86.933333,148,3530103,3996063
CZN,Chisana Field,Chisana,United States,US,011,62.083333,-142.05,67,0,6252001
CZO,Chistochina,Chistochina,United States,US,011,62.566667,-144.666667,67,0,6252001
CZP,Cape Pole,Cape Pole,United States,US,011,55.966667,-133.783333,67,0,6252001
CZS,Intl. Airpt. Cruzeiro Do Sul,Cruzeiro Do Sul,Brazil,BR,0014,-7.599444,-72.769444,316,3459869,3469034
CZT,Carrizo Springs,Carrizo Springs,United States,US,011,28.516667,-99.866667,67,4679148,6252001
CZU,Corozal,Corozal,Colombia,CO,005,9.333333,-75.283333,327,3685823,3686121
CZW,Czestochowa,Czestochowa,Poland,PL,0-0,50.816667,19.1,467,3100946,798544
CZX,Changzhou,Changzhou,China,CN,00,31.7,119.966667,713,1815456,1814991
CZY,Cluny,Cluny,Australia,AU,0011,-24.5,139.5,802,0,2077456
CZZ,Campo,Campo,United States,US,011,18.45,-72.1,67,0,6252001
