City Code,Airport Name,City Name,Country,Ctry Code,IDD-Intl Dial,Latitude,Longitude,Area Code,CityGeoID,CtryGeoID
YAA,Anahim Lake,Anahim Lake,Canada,CA,011,52.466667,-125.3,906,0,6251999
YAB,Arctic Bay,Arctic Bay,Canada,CA,011,73.037778,-85.1525,906,0,6251999
YAC,Cat Lake,Cat Lake,Canada,CA,011,51.666667,-91.833333,906,0,6251999
YAE,Alta Lake,Alta Lake,Canada,CA,011,50.116667,-1.983333,906,0,6251999
YAF,Asbestos Hill,Asbestos Hill,Canada,CA,011,45.766667,-71.95,906,0,6251999
YAG,Municipal,Fort Frances,Canada,CA,011,48.6,-93.4,906,5955826,6251999
YAH,Lagrande 4,Lagrande 4,Canada,CA,011,53.75,-73.65,906,0,6251999
YAI,Chillan,Chillan,Chile,CL,00,-36.566667,-72.033333,324,3895088,3895114
YAJ,Lyall Harbour,Lyall Harbour,Canada,CA,011,48.8,-1.2,906,0,6251999
YAK,Yakutat,Yakutat,United States,US,011,59.5,-139.666667,67,0,6252001
YAL,Alert Bay,Alert Bay,Canada,CA,011,50.583333,-126.933333,906,0,6251999
YAM,Sault Ste Marie,Sault Ste Marie,Canada,CA,011,46.483333,-84.5,906,0,6251999
YAN,Yangambi,Yangambi,Zaire,ZR,00,0.8,24.45,517,0,0
YAO,Yaounde Airport,Yaounde,Cameroon,CM,00,3.833611,11.523611,237,2220957,2233387
YAP,Yap International,Yap  Caroline Islands,Federated States of Micronesia,FM,00,9.516667,138.1,810,0,4044963
YAQ,Maple Bay,Maple Bay,Canada,CA,011,48.816667,-1.6,906,0,6251999
YAR,Lagrande 3,Lagrande 3,Canada,CA,011,53.55,-76.2,906,0,6251999
YAS,Yasawa Island,Yasawa Island,Fiji,FJ,00,-16.783333,177.516667,821,0,2205218
YAT,Attawapiskat,Attawapiskat,Canada,CA,011,52.927778,-82.431389,906,0,6251999
YAU,Kattiniq/Donaldson,Kattiniq,Canada,CA,011,61.662778,-73.321389,906,0,6251999
YAV,Miners Bay,Miners Bay,Canada,CA,011,66.5,-1.4,906,0,6251999
YAW,Shearwater,Halifax,Canada,CA,011,44.639722,-63.499444,902,6324729,6251999
YAX,Angling Lake,Angling Lake,Canada,CA,011,53.251944,-89.565,906,0,6251999
YAY,St Anthony,St Anthony,Canada,CA,011,51.366667,-55.583333,906,0,6251999
YAZ,Tofino Airport,Tofino  BC,Canada,CA,011,49.082222,-125.7725,906,0,6251999
YBA,Banff,Banff,Canada,CA,011,51.166667,-115.566389,906,5892532,6251999
YBB,Kugaaruk,Kugaaruk,Canada,CA,011,68.886111,-89.85,906,0,6251999
YBC,Baie Comeau,Baie Comeau,Canada,CA,011,49.2,-68.266667,906,0,6251999
YBD,New Westminster,New Westminster,Canada,CA,011,46.25,-60.083333,906,6087844,6251999
YBE,Uranium City,Uranium City,Canada,CA,011,59.566667,-108.483333,906,0,6251999
YBF,Bamfield,Bamfield,Canada,CA,011,48.833333,-125.133333,906,0,6251999
YBG,Bagotville,Bagotville,Canada,CA,011,48.333333,-70.983333,906,0,6251999
YBH,Bull Harbour,Bull Harbour,Canada,CA,011,50.9,-127.916667,906,0,6251999
YBI,Black Tickle,Black Tickle,Canada,CA,011,53.45,-55.733333,906,0,6251999
YBJ,Baie Johan Beetz,Baie Johan Beetz,Canada,CA,011,50.5,-62.916667,906,0,6251999
YBK,Baker Lake,Baker Lake,Canada,CA,011,64.3,-96.083333,906,0,6251999
YBL,Campbell River,Campbell River,Canada,CA,011,49.95,-125.266667,906,5914132,6251999
YBM,Bronson Creek,Bronson Creek,Canada,CA,011,56.7,-137.133333,906,0,6251999
YBN,Borden,Borden,Canada,CA,011,44.283333,-79.916667,906,0,6251999
YBP,Yibin,Yibin,China,CN,00,28.816667,104.533333,713,1786770,1814991
YBQ,Telegraph Harbour,Telegraph Harbour,Canada,CA,011,48.966667,-1.666667,906,0,6251999
YBR,Brandon,Brandon,Canada,CA,011,49.909722,-99.950833,906,5907896,6251999
YBS,Musselwhite,Opapamiska Lake,Canada,CA,011,-39.8,176.683333,906,0,6251999
YBT,Brochet,Brochet,Canada,CA,011,57.883333,-101.683333,906,0,6251999
YBV,Berens River,Berens River,Canada,CA,011,52.433333,-97.033333,906,0,6251999
YBW,Springbank,Calgary,Canada,CA,011,51.103056,-114.374444,906,5913490,6251999
YBX,Blanc Sablon,Blanc Sablon,Canada,CA,011,51.433333,-57.183333,906,0,6251999
YBY,Bonnyville,Bonnyville  AB,Canada,CA,011,54.304167,-110.743611,906,5905616,6251999
YCA,Courtenay,Courtenay,Canada,CA,011,49.683333,-125,906,5930890,6251999
YCB,Cambridge Bay,Cambridge Bay,Canada,CA,011,69.116667,-105.133333,906,0,6251999
YCC,Regional,Cornwall,Canada,CA,011,45.1,-74.566667,906,5928065,6251999
YCD,Nanaimo Arpt,Nanaimo,Canada,CA,011,49.166667,-123.933333,906,6085772,6251999
YCF,Cortes Bay,Cortes Bay,Canada,CA,011,50.066667,-124.933333,906,0,6251999
YCG,Castlegar,Castlegar,Canada,CA,011,49.3,-117.633333,906,5918118,6251999
YCH,Miramichi,Miramichi,Canada,CA,011,47.166667,-65,906,0,6251999
YCI,Caribou Island,Caribou Island,Canada,CA,011,47.366667,-85.816667,906,0,6251999
YCJ,Cape St James,Cape St James,Canada,CA,011,51.933333,-131.016667,906,0,6251999
YCK,Colville Lake,Colville Lake,Canada,CA,011,67.316667,-125.666667,906,0,6251999
YCL,Charlo,Charlo,Canada,CA,011,47.990833,-66.330278,906,0,6251999
YCM,St Catharines,St Catharines,Canada,CA,011,43.2,-79.166667,906,0,6251999
YCN,Cochrane,Cochrane,Canada,CA,011,49.066667,-81.016667,906,5924618,6251999
YCO,Kugluktuk,Kugluktuk/Coppermine,Canada,CA,011,67.833333,-115.083333,906,5994339,6251999
YCP,Co-op Point,Co-op Point,Canada,CA,011,57.083333,-103,906,0,6251999
YCQ,Chetwynd,Chetwynd,Canada,CA,011,55.7,-121.666667,906,5921091,6251999
YCR,Cross Lake,Cross Lake,Canada,CA,011,54.6,-97.766667,906,0,6251999
YCS,Chesterfield Inlet,Chesterfield Inlet,Canada,CA,011,63.333333,-90.7,906,0,6251999
YCT,Coronation,Coronation,Canada,CA,011,52.075,-111.445278,906,0,6251999
YCU,Yun Cheng,Yun Cheng,China,CH,00,35.183333,111.05,713,0,0
YCV,Cartierville,Cartierville,Canada,CA,011,45.516667,-73.716667,906,0,6251999
YCW,Chilliwack Municipal Airport,Chilliwack,Canada,CA,011,49.152778,-121.938889,906,5921357,6251999
YCX,Gagetown,Gagetown,Canada,CA,011,45.783333,-66.15,906,0,6251999
YCY,Clyde River,Clyde River,Canada,CA,011,70.483333,-68.516667,906,5924351,6251999
YCZ,Fairmont Hot Springs,Fairmont Hot Springs,Canada,CA,011,50.330278,-115.873333,906,0,6251999
YDA,Dawson City,Dawson City,Canada,CA,011,64.05,-139.083333,906,0,6251999
YDB,Burwash Landings,Burwash Landings,Canada,CA,011,61.35,-139,906,0,6251999
YDC,Industrial Airport,Drayton Valley,Canada,CA,011,53.216667,-114.983333,906,5942547,6251999
YDE,Paradise River,Paradise River,Canada,CA,011,53.433333,-57.233333,906,0,6251999
YDF,Deer Lake,Deer Lake,Canada,CA,011,49.216667,-57.4,906,5937252,6251999
YDG,Digby,Digby,Canada,CA,011,44.5,-66.166667,906,5939236,6251999
YDH,Daniels Harbour,Daniels Harbour,Canada,CA,011,67.75,-1.5,906,0,6251999
YDI,Davis Inlet,Davis Inlet,Canada,CA,011,55.933333,-60.95,906,0,6251999
YDJ,Hatchet Lake,Hatchet Lake,Canada,CA,011,58.616667,-1.666667,906,0,6251999
YDK,Main Duck Island,Main Duck Island,Canada,CA,011,43.933333,-76.616667,906,0,6251999
YDL,Dease Lake,Dease Lake,Canada,CA,011,58.583333,-130.033333,906,0,6251999
YDN,Dauphin,Dauphin,Canada,CA,011,51.1,-100.05,906,5935341,6251999
YDO,St Methode,Dolbeau,Canada,CA,011,48.883333,-72.233333,906,0,6251999
YDP,Nain,Nain,Canada,CA,011,56.533333,-61.666667,906,0,6251999
YDQ,Dawson Creek,Dawson Creek,Canada,CA,011,55.733333,-120.183333,906,5935804,6251999
YDR,Broadview,Broadview,Canada,CA,011,50.333333,-102.5,906,0,6251999
YDS,Desolation Sound,Desolation Sound,Canada,CA,011,47.75,-122.25,906,0,6251999
YDT,Boundary Bay,Vancouver,Canada,CA,011,49.066667,-123,906,6173331,6251999
YDW,Obre Lake,Obre Lake,Canada,CA,011,8.8,-80.283333,906,0,6251999
YDX,Doc Creek,Doc Creek,Canada,CA,011,52.05,-128.083333,906,0,6251999
YEC,Yecheon,Yecheon,Korea,KR,00,36.625,128.355,778,0,1835841
YED,Namao Fld,Edmonton,Canada,CA,011,53.319444,-113.6,906,5946768,6251999
YEG,Edmonton International,Edmonton  AB,Canada,CA,011,53.309722,-113.579722,906,5946768,6251999
YEH,Persian Gulf International,Assaluyeh,Iran,IR,00,27.481111,52.6,632,0,130758
YEI,Yenisehir,Bursa,Turkey,TR,00,40.255278,29.5625,679,750269,298795
YEK,Arviat,Arviat,Canada,CA,011,61.116667,-94.05,906,0,6251999
YEL,Elliot Lake,Elliot Lake,Canada,CA,011,46.35,-82.55,906,5947866,6251999
YEM,East Manitoulin,Manitowaning,Canada,CA,011,45.8475,-81.862778,906,0,6251999
YEN,Estevan,Estevan,Canada,CA,011,49.066667,-103,906,5949568,6251999
YEO,Yeovilton,Yeovilton,United Kingdom,GB,00,51.016667,-2.633333,493,0,2635167
YEP,Estevan Point,Estevan Point,Canada,CA,011,49.383333,-126.55,906,0,6251999
YEQ,Yenkis,Yenkis,Papua New Guinea,PG,05,-5.1,143.916667,804,0,2088628
YER,Fort Severn,Fort Severn,Canada,CA,011,56,-87.633333,906,0,6251999
YET,Edson,Edson,Canada,CA,011,53.583333,-116.433333,906,5946820,6251999
YEU,Eureka,Eureka,Canada,CA,011,79.983333,-85.816667,906,0,6251999
YEV,Inuvik/mike Zubko,Inuvik,Canada,CA,011,68.304167,-133.482778,906,5983607,6251999
YEY,Amos,Amos,Canada,CA,011,48.583333,-78.116667,906,5884588,6251999
YFA,Fort Albany,Fort Albany,Canada,CA,011,52.241667,-81.591667,906,0,6251999
YFB,Iqaluit,Iqaluit,Canada,CA,011,63.75,-68.55,906,5983720,6251999
YFC,Fredericton,Fredericton,Canada,CA,011,45.866667,-66.533333,906,5957776,6251999
YFE,Forestville,Forestville,Canada,CA,011,48.733333,-69.1,906,0,6251999
YFG,Fontanges,Fontanges,Canada,CA,011,54.55,-71.183333,906,0,6251999
YFH,Fort Hope,Fort Hope,Canada,CA,011,51.55,-87.983333,906,0,6251999
YFJ,Snare Lake,Snare Lake,Canada,CA,011,58.45,-1.716667,906,0,6251999
YFL,Fort Reliance,Fort Reliance,Canada,CA,011,62.711944,-109.162778,906,0,6251999
YFO,Flin Flon,Flin Flon,Canada,CA,011,54.75,-101.833333,906,5954718,6251999
YFR,Fort Resolution,Fort Resolution,Canada,CA,011,61.183333,-113.683333,906,0,6251999
YFS,Fort Simpson,Fort Simpson,Canada,CA,011,61.75,-121.233333,906,0,6251999
YFX,Fox Harbour,Fox Harbour,Canada,CA,011,52.366667,-55.683333,906,0,6251999
YGA,Gagnon,Gagnon,Canada,CA,011,51.95,-68.133333,906,0,6251999
YGB,Gillies Bay,Gillies Bay,Canada,CA,011,49.7,-124.533333,906,0,6251999
YGC,Grande Cache,Grande Cache,Canada,CA,011,51.2,-96.45,906,5964304,6251999
YGE,Gorge Harbor,Gorge Harbor,Canada,CA,011,50.083333,-124.95,906,0,6251999
YGG,Ganges Harbor,Ganges Harbor,Canada,CA,011,48.85,-123.5,906,0,6251999
YGH,Fort Good Hope,Fort Good Hope,Canada,CA,011,66.266667,-128.65,906,0,6251999
YGJ,Miho,Yonago,Japan,JP,001,35.45,133.316667,736,1848277,1861060
YGK,Kingston,Kingston,Canada,CA,011,44.233333,-76.583333,906,5992500,6251999
YGL,La Grande,La Grande,Canada,CA,011,53.583333,-77.683333,906,0,6251999
YGM,Gimli,Gimli,Canada,CA,011,50.633333,-96.983333,906,5961417,6251999
YGN,Greenway Sound,Greenway Sound,Canada,CA,011,50.85,-126.85,906,0,6251999
YGO,Gods Narrows,Gods Narrows,Canada,CA,011,54.55,-94.483333,906,0,6251999
YGQ,Geraldton,Geraldton,Canada,CA,011,49.733333,-86.95,906,0,6251999
YGR,Iles De La Madeleine,Iles De La Madeleine,Canada,CA,011,47.416667,-61.866667,906,0,6251999
YGS,Germansen,Germansen,Canada,CA,011,55.616667,-124.833333,906,0,6251999
YGT,Igloolik,Igloolik,Canada,CA,011,69.4,-81.816667,906,0,6251999
YGV,Havre St Pierre,Havre St Pierre,Canada,CA,011,50.25,-63.583333,906,0,6251999
YGW,Kuujjuarapik,Kuujjuarapik,Canada,CA,011,55.266667,-77.783333,906,0,6251999
YGX,Gillam,Gillam,Canada,CA,011,56.35,-94.716667,906,0,6251999
YGY,Deception,Deception,Canada,CA,011,62.116667,-74.616667,906,0,6251999
YGZ,Grise Fiord,Grise Fiord,Canada,CA,011,76.425,-82.945833,906,0,6251999
YHA,Port Hope Simpson,Port Hope Simpson,Canada,CA,011,52.533333,-56.3,906,0,6251999
YHB,Hudson Bay,Hudson Bay,Canada,CA,011,52.816667,-102.311389,906,5978133,6251999
YHC,Hakai Pass,Hakai Pass,Canada,CA,011,51.733333,-128.116667,906,0,6251999
YHD,Municipal,Dryden,Canada,CA,011,49.783333,-92.833333,906,0,6251999
YHE,Hope,Hope,Canada,CA,011,49.383333,-121.433333,906,5976783,6251999
YHF,Hearst,Hearst,Canada,CA,011,49.683333,-83.666667,906,5973108,6251999
YHG,Charlottetown,Charlottetown,Canada,CA,011,52.766667,-56.1,906,5920288,6251999
YHH,Harbor SPB,Campbell River,Canada,CA,011,50.016667,-1.25,906,5914132,6251999
YHI,Holman,Holman,Canada,CA,011,70.716667,-117.716667,906,0,6251999
YHK,Gjoa Haven,Gjoa Haven,Canada,CA,011,68.633333,-95.95,906,5961560,6251999
YHM,Hamilton,Hamilton,Canada,CA,011,43.166667,-79.933333,905,5969785,6251999
YHN,Hornepayne,Hornepayne,Canada,CA,011,49.216667,-84.783333,906,0,6251999
YHO,Hopedale,Hopedale,Canada,CA,011,55.466667,-60.216667,906,0,6251999
YHP,Poplar Hill,Poplar Hill,Canada,CA,011,52.083333,-94.3,906,0,6251999
YHR,Chevery,Chevery,Canada,CA,011,50.5,-59.5,906,0,6251999
YHS,Sechelt,Sechelt,Canada,CA,011,49.466667,-123.75,906,6143367,6251999
YHT,Haines Junction,Haines Junction,Canada,CA,011,60.75,-137.5,906,5969025,6251999
YHU,St Hubert,Montreal,Canada,CA,011,45.852778,-74.45,906,6077243,6251999
YHY,Hay River,Hay River,Canada,CA,011,60.85,-115.766667,906,0,6251999
YHZ,Halifax International,Halifax  NS,Canada,CA,011,44.880833,-63.508611,902,6324729,6251999
YIB,Atikokan,Atikokan,Canada,CA,011,48.75,-91.616667,906,0,6251999
YIF,Pakuashipi,Pakuashipi,Canada,CA,011,51.216667,-58.666667,906,0,6251999
YIG,Big Bay Marina,Big Bay Marina,Canada,CA,011,50.383333,-125.133333,906,0,6251999
YIH,Yichang,Yichang,China,CN,00,30.7,111.183333,713,1786764,1814991
YIK,Ivujivik,Ivujivik,Canada,CA,011,62.416667,-75.9,906,0,6251999
YIN,Yining,Yining,China,CN,00,43.916667,81.233333,713,0,1814991
YIO,Pond Inlet,Pond Inlet,Canada,CA,011,72.683333,-78,906,0,6251999
YIP,Willow Run,Detroit  MI,United States,US,011,42.25,-83.383333,67,4990729,6252001
YIV,Island Lk/Garden Hill,Island Lk/Garden Hill,Canada,CA,011,54.208333,-94.791667,906,0,6251999
YIW,Yiwu,Yiwu,China,CN,00,29.266667,120.05,713,1814870,1814991
YJF,Fort Liard,Fort Liard,Canada,CA,011,60.25,-123.466667,906,0,6251999
YJN,St Jean,St Jean,Canada,CA,011,45.316667,-73.266667,906,0,6251999
YJO,Johnny Mountain,Johnny Mountain,Canada,CA,011,56.666667,-131.116667,906,0,6251999
YJP,Jasper-hinton,Jasper-hinton,Canada,CA,011,53.319167,-117.753056,906,0,6251999
YJT,Stephenville,Stephenville,Canada,CA,011,48.533056,-58.549722,906,6156244,6251999
YKA,Kamloops,Kamloops,Canada,CA,011,50.716667,-120.416667,906,5989045,6251999
YKC,Collins Bay,Collins Bay,Canada,CA,011,58.233333,-103.666667,906,0,6251999
YKD,Township Airport,Kincardine,Canada,CA,011,44.201389,-81.606667,906,0,6251999
YKE,Knee Lake,Knee Lake,Canada,CA,011,55.05,-94.666667,906,0,6251999
YKF,Kitchener-Waterloo Regional,Kitchener/Waterloo,Canada,CA,011,43.460833,-80.378611,906,5992996,6251999
YKG,Kangirsuk,Kangirsuk,Canada,CA,011,60.027222,-69.999167,906,0,6251999
YKI,Kennosao Lake,Kennosao Lake,Canada,CA,011,58.977222,23.863333,906,0,6251999
YKJ,Key Lake,Key Lake,Canada,CA,011,57.25,-105.6,906,0,6251999
YKK,Kitkatla,Kitkatla,Canada,CA,011,53,-130,906,0,6251999
YKL,Schefferville,Schefferville,Canada,CA,011,54.783333,-66.716667,906,0,6251999
YKM,Yakima Air Terminal,Yakima,United States,US,011,46.566667,-120.533333,67,5816605,6252001
YKN,Chan Gurney,Yankton,United States,US,011,42.916667,-97.383333,67,5233053,6252001
YKQ,Waskaganish,Waskaganish,Canada,CA,011,51.4875,-78.75,906,0,6251999
YKS,Yakutsk,Yakutsk,Russian Federation,RU,8-10,62.083333,129.766667,770,0,2017370
YKT,Klemtu,Klemtu,Canada,CA,011,52.6,-128.516667,906,0,6251999
YKU,Chisasibi,Chisasibi,Canada,CA,011,53.816667,-79,906,0,6251999
YKX,Kirkland Lake,Kirkland Lake,Canada,CA,011,48.210278,-79.981389,906,5992836,6251999
YKY,Kindersley,Kindersley,Canada,CA,011,51.45,-109.166667,906,5992154,6251999
YKZ,Buttonville Municipal,Toronto,Canada,CA,011,43.862222,-79.37,905,6167865,6251999
YLA,Langara,Langara,Canada,CA,011,54.233333,-133,906,0,6251999
YLB,Lac Biche,Lac Biche,Canada,CA,011,54.756667,-112.0025,906,0,6251999
YLC,Kimmirut,Kimmirut/Lake Harbour,Canada,CA,011,62.85,-69.883333,906,0,6251999
YLD,Chapleau,Chapleau,Canada,CA,011,47.833333,-83.4,906,0,6251999
YLE,Wha Ti,Wha Ti/Lac La Martre,Canada,CA,011,63.15,-117.266667,906,0,6251999
YLF,LaForges,LaForges,Canada,CA,011,54.183333,-72.483333,906,0,6251999
YLG,Yalgoo,Yalgoo,Australia,AU,0011,-28.35,116.666667,802,0,2077456
YLH,Lansdowne House,Lansdowne House,Canada,CA,011,52.216667,-87.916667,906,0,6251999
YLJ,Meadow Lake,Meadow Lake,Canada,CA,011,54.125278,-108.522778,906,6071421,6251999
YLL,Lloydminster,Lloydminster  AB,Canada,CA,011,53.309167,-110.0725,906,6058025,6251999
YLM,Clinton Creek,Clinton Creek,Canada,CA,011,64.466667,-140.733333,906,0,6251999
YLN,Yilan,Yilan,China,CN,00,46.316667,129.566667,713,2033403,1814991
YLO,Shilo,Shilo,Canada,CA,011,49.8,-99.633333,906,0,6251999
YLP,Mingan,Mingan,Canada,CA,011,50.283333,-64.15,906,0,6251999
YLQ,La Tuque,La Tuque,Canada,CA,011,47.416667,-72.8,906,6050416,6251999
YLR,Leaf Rapids,Leaf Rapids,Canada,CA,011,56.45,-100,906,0,6251999
YLS,Lebel-Sur-Quevillon,Lebel-Sur-Quevillon,Canada,CA,011,49.066667,-77,906,6051264,6251999
YLT,Alert,Alert,Canada,CA,011,82.516667,-62.283333,906,0,6251999
YLW,Kelowna Airport,Kelowna  BC,Canada,CA,011,49.956111,-119.377778,906,5990579,6251999
YLX,Long Point,Long Point,Canada,CA,011,59.35,-94.683333,906,0,6251999
YLY,Langley Regional,Langley,Canada,CA,011,49.100833,-122.630833,604,0,6251999
YMA,Mayo,Mayo,Canada,CA,011,63.616667,-135.866667,906,0,6251999
YMB,Merritt,Merritt,Canada,CA,011,50.116667,-120.783333,906,6072350,6251999
YMC,Maricourt Airstrip,Maricourt Airstrip,Canada,CA,011,56.516667,-71.066667,906,0,6251999
YME,Matane,Matane,Canada,CA,011,48.85,-67.55,906,0,6251999
YMF,Montagne Harbor,Montagne Harbor,Canada,CA,011,48.816667,-123.2,906,0,6251999
YMG,Manitouwadge,Manitouwadge,Canada,CA,011,49.133333,-85.733333,906,0,6251999
YMI,Minaki,Minaki,Canada,CA,011,49.983333,-94.733333,906,0,6251999
YMJ,Moose Jaw / Air Vice Marshal C. M. Mcewen Airport,Moose Jaw,Canada,CA,011,50.330278,-105.559167,906,6078112,6251999
YML,Charlevoix,Murray Bay  NT,Canada,CA,011,47.5975,-70.223889,906,0,6251999
YMM,Fort Mcmurray,Fort Mcmurray,Canada,CA,011,56.65,-111.216667,906,0,6251999
YMN,Makkovik,Makkovik,Canada,CA,011,55.083333,-59.166667,906,0,6251999
YMO,Moosonee,Moosonee  ON,Canada,CA,011,51.291111,-80.607778,906,0,6251999
YMP,Port McNeil,Port McNeil,Canada,CA,011,50.583333,-127.1,906,0,6251999
YMR,Merry Island,Merry Island,Canada,CA,011,47.85,3.683333,906,0,6251999
YMS,Yurimaguas,Yurimaguas,Peru,PE,00,-5.9,-76.1,368,3690654,3932488
YMT,Chibougamau,Chibougamau,Canada,CA,011,49.916667,-74.366667,906,0,6251999
YMW,Maniwaki,Maniwaki,Canada,CA,011,46.272778,-75.990556,906,6065262,6251999
YMX,Mirabel,Montreal,Canada,CA,011,45.666667,-74.033333,906,6077243,6251999
YNA,Natashquan,Natashquan,Canada,CA,011,50.183333,-61.783333,906,0,6251999
YNB,Yanbu,Yanbu,Saudi Arabia,SA,00,24.083333,38.05,670,0,102358
YNC,Wemindji,Wemindji,Canada,CA,011,52.997222,-78.833333,906,0,6251999
YND,Executive Gatineau-Ottawa,Ottawa,Canada,CA,011,45.521389,-75.563611,906,6094817,6251999
YNE,Norway House,Norway House,Canada,CA,011,53.983333,-97.8,906,0,6251999
YNF,Deer Lake/Stephenville,Corner Brook,Canada,CA,011,48.946944,-57.943889,906,5927969,6251999
YNG,Youngstown,Youngstown,United States,US,011,41.266667,-80.666667,67,5177568,6252001
YNI,Nitchequon,Nitchequon,Canada,CA,011,53.197222,-70.908333,906,0,6251999
YNJ,Yanji,Yanji,China,CN,00,42.882778,129.451389,713,2035966,1814991
YNK,Nootka Sound,Nootka Sound,Canada,CA,011,50.083333,-125.916667,906,0,6251999
YNL,Points North Landing,Points North Landing  Saskatchewan,Canada,CA,011,58.275,-104.081111,906,0,6251999
YNM,Matagami,Matagami,Canada,CA,011,49.766667,-77.8,906,6067747,6251999
YNN,Yandi,Yandicoogina,Australia,AU,0011,-21.416667,120.166667,802,0,2077456
YNO,North Spirit Lake,North Spirit Lake  ON,Canada,CA,011,52.490556,-92.973056,906,0,6251999
YNP,Natuashish,Natuashish,Canada,CA,011,55.912778,-61.185278,906,0,6251999
YNR,Arnes,Arnes  MB,Canada,CA,011,50.836111,-96.957222,906,0,6251999
YNS,Nemiscau,Nemiscau,Canada,CA,011,51.7,-76.166667,906,0,6251999
YNT,Yantai,Yantai,China,CN,00,37.401667,121.371667,713,1787093,1814991
YNY,Yangyang,Yangyang,Korea,KR,00,38.073889,128.621111,778,0,1835841
YNZ,Yancheng,Yancheng,China,CN,00,33.385556,120.125278,713,1787746,1814991
YOA,Ekati,Ekati,Canada,CA,011,37.394444,25.2575,906,0,6251999
YOC,Old Crow,Old Crow,Canada,CA,011,67.566667,-139.85,906,0,6251999
YOD,Cold Lake,Cold Lake,Canada,CA,011,54.45,-110.166667,906,0,6251999
YOE,Falher,Falher,Canada,CA,011,55.733333,-117.2,906,5951224,6251999
YOG,Ogoki,Ogoki,Canada,CA,011,51.633333,-85.95,906,0,6251999
YOH,Oxford House,Oxford House,Canada,CA,011,54.95,-95.283333,906,0,6251999
YOJ,Footner Lake,High Level,Canada,CA,011,58.616667,-117.166667,906,5975004,6251999
YOK,Yokohama,Yokohama,Japan,JP,001,35.466667,139.466389,736,1848354,1861060
YOL,Yola,Yola,Nigeria,NG,009,9.166667,12.483333,555,2318044,2328926
YOO,Oshawa,Oshawa,Canada,CA,011,43.922778,-78.895,905,6094578,6251999
YOP,Rainbow Lake,Rainbow Lake,Canada,CA,011,58.5,-119.4,906,0,6251999
YOS,Billy Bishop Regional,Owen Sound,Canada,CA,011,44.666667,-80.916667,906,6095645,6251999
YOT,Yotvata,Yotvata,Israel,IL,00,29.883333,35.05,636,0,294640
YOW,Ottawa Macdonald-Cartier International,Ottawa,Canada,CA,011,45.3225,-75.669167,906,6094817,6251999
YOY,Valcartier,Valcartier,Canada,CA,011,46.883333,-71.483333,906,0,6251999
YPA,Glass Field,Prince Albert  SK,Canada,CA,011,53.216667,-105.683333,906,6113335,6251999
YPB,Port Alberni,Port Alberni,Canada,CA,011,49.233333,-124.8,906,6111632,6251999
YPC,Paulatuk,Paulatuk,Canada,CA,011,62.35,-124.083333,906,0,6251999
YPD,Parry Sound,Parry Sound,Canada,CA,011,45.35,-80.033333,906,6098747,6251999
YPE,Peace River,Peace River,Canada,CA,011,56.233333,-117.433333,906,6100069,6251999
YPF,Esquimalt,Esquimalt,Canada,CA,011,48.433333,-123.4,906,0,6251999
YPG,Portage La Prairie,Portage La Prairie,Canada,CA,011,49.983333,-98.3,906,6111529,6251999
YPH,Inukjuak,Inukjuak,Canada,CA,011,58.45,-78.1,906,0,6251999
YPI,Port Simpson,Port Simpson,Canada,CA,011,54.55,-130.416667,906,0,6251999
YPJ,Aupaluk,Aupaluk,Canada,CA,011,59.066667,-69.55,906,0,6251999
YPL,Pickle Lake,Pickle Lake,Canada,CA,011,51.5,-90.15,906,0,6251999
YPM,Pikangikum,Pikangikum,Canada,CA,011,51.816667,-94,906,0,6251999
YPN,Port Menier,Port Menier,Canada,CA,011,49.833333,-64.283333,906,0,6251999
YPO,Peawanuck,Peawanuck,Canada,CA,011,54.983333,-85.433333,906,0,6251999
YPP,Pine Point,Pine Point,Canada,CA,011,61.016667,-114.25,906,0,6251999
YPQ,Peterborough,Peterborough,Canada,CA,011,44.23,-78.363333,705,6101645,6251999
YPR,Digby Island,Prince Rupert,Canada,CA,011,54.283333,-130.45,906,6113406,6251999
YPS,Port Hawkesbury,Port Hawkesbury,Canada,CA,011,45.616667,-61.35,906,6111867,6251999
YPT,Pender Harbor,Pender Harbor,Canada,CA,011,49.5,-124.033333,906,0,6251999
YPW,Powell River,Powell River,Canada,CA,011,49.883333,-124.55,906,6112608,6251999
YPX,Puvirnituq,Povungnituk,Canada,CA,011,60.5,-77.233333,906,0,6251999
YPY,Fort Chipewyan,Fort Chipewyan,Canada,CA,011,58.7,-111.15,906,0,6251999
YPZ,Burns Lake,Burns Lake,Canada,CA,011,54.233333,-125.766667,906,5911745,6251999
YQA,Muskoka,Muskoka,Canada,CA,011,44.974722,-79.303333,906,0,6251999
YQB,QuǸbec,QuǸbec City,Canada,CA,011,46.791111,-71.393333,906,6325494,6251999
YQC,Quaqtaq,Quaqtaq,Canada,CA,011,61.333333,-69.633333,906,0,6251999
YQD,The Pas,The Pas,Canada,CA,011,57.3,-1.883333,906,6164499,6251999
YQE,Kimberley,Kimberley,Canada,CA,011,49.683333,-115.983333,906,5992059,6251999
YQF,Red Deer,Red Deer,Canada,CA,011,52.183333,-113.9,906,6118158,6251999
YQG,Windsor,Windsor,Canada,CA,011,42.266667,-82.966667,519,6182962,6251999
YQH,Watson Lake,Watson Lake,Canada,CA,011,60.116667,-128.816667,906,0,6251999
YQI,Yarmouth,Yarmouth  NS,Canada,CA,011,43.826944,-66.088056,906,6185217,6251999
YQK,Kenora,Kenora,Canada,CA,011,49.816667,-94.366667,906,0,6251999
YQL,Lethbridge,Lethbridge,Canada,CA,011,49.633333,-112.8,906,6053154,6251999
YQM,Greater Moncton International Airport,Moncton,Canada,CA,011,46.112222,-64.678611,906,6076211,6251999
YQN,Nakina,Nakina,Canada,CA,011,50.166667,-86.7,906,0,6251999
YQQ,Comox,Comox,Canada,CA,011,49.710833,-124.886667,906,0,6251999
YQR,Regina,Regina  Saskatchewan,Canada,CA,011,50.433333,-104.666667,1,6119109,6251999
YQS,Pembroke Area Mncpl,St Thomas,Canada,CA,011,42.77,-81.11,906,0,6251999
YQT,Thunder Bay,Thunder Bay,Canada,CA,011,48.371667,-89.323889,906,6166142,6251999
YQU,Grande Prairie,Grande Prairie,Canada,CA,011,55.183333,-118.883333,906,5964347,6251999
YQV,Yorkton,Yorkton,Canada,CA,011,51.266667,-102.466667,906,6185607,6251999
YQW,North Battleford,North Battleford,Canada,CA,011,52.766667,-108.25,906,6089404,6251999
YQX,Gander International,Gander,Canada,CA,011,48.95,-54.566667,709,0,6251999
YQY,Sydney,Sydney  NS,Canada,CA,011,47.528056,-60.047222,906,0,6251999
YQZ,Quesnel,Quesnel,Canada,CA,011,53.033333,-122.516667,906,6115187,6251999
YRA,Rae Lakes,Rae Lakes,Canada,CA,011,64.116667,-117.35,906,0,6251999
YRB,Resolute,Resolute,Canada,CA,011,74.716667,-94.983333,906,0,6251999
YRD,Dean River,Dean River,Canada,CA,011,52.816667,-126.966667,906,0,6251999
YRE,Resolution Island,Resolution Island,Canada,CA,011,61.5,-65,906,0,6251999
YRF,Cartwright,Cartwright,Canada,CA,011,53.716667,-57,906,0,6251999
YRG,Rigolet,Rigolet,Canada,CA,011,54.333333,-58.416667,906,0,6251999
YRI,Riviere Du Loup,Riviere Du Loup,Canada,CA,011,47.766667,-69.583333,906,0,6251999
YRJ,Roberval,Roberval,Canada,CA,011,48.533333,-72.266667,906,6125653,6251999
YRL,Red Lake,Red Lake,Canada,CA,011,51.066667,-93.816667,906,0,6251999
YRM,Rocky Mountain House,Rocky Mountain House,Canada,CA,011,52.429722,-114.904167,906,6126749,6251999
YRN,Rivers Inlet,Owekeno Village,Canada,CA,011,51.466667,-127.583333,1,0,6251999
YRQ,Trois-Rivieres,Trois-Rivieres,Canada,CA,011,46.35,-72.55,906,6169141,6251999
YRR,Stuart Island,Stuart Island,Canada,CA,011,50.416667,-125.166667,906,0,6251999
YRS,Red Sucker Lake,Red Sucker Lake,Canada,CA,011,54.166667,-93.583333,906,0,6251999
YRT,Nuuk,Rankin Inlet  NT,Canada,CA,011,62.811389,-92.115833,906,6116548,6251999
YRV,Revelstoke,Revelstoke,Canada,CA,011,50.983333,-118.2,906,6121621,6251999
YSA,Sable Island,Sable Island,Canada,CA,011,43.916667,-59.833333,906,0,6251999
YSB,Sudbury,Sudbury,Canada,CA,011,46.616667,-80.8,906,0,6251999
YSC,Sherbrooke,Sherbrooke,Canada,CA,011,45.433333,-71.683333,906,6146143,6251999
YSD,Suffield,Suffield,Canada,CA,011,50.2,-111.166667,906,0,6251999
YSE,Squamish,Squamish,Canada,CA,011,49.781667,-123.161944,906,0,6251999
YSF,Stony Rapids,Stony Rapids,Canada,CA,011,59.25,-105.833333,906,0,6251999
YSG,Lutselke,Lutselke/Snowdrift,Canada,CA,011,62.4,-110.75,906,0,6251999
YSH,Smith Falls,Smith Falls,Canada,CA,011,44.833056,-76.115833,906,0,6251999
YSI,Sans Souci,Sans Souci,Canada,CA,011,45.266667,-80,906,0,6251999
YSJ,Saint John,Saint John,Canada,CA,011,45.316667,-65.883333,906,6138517,6251999
YSK,Sanikiluaq,Sanikiluaq,Canada,CA,011,56.55,-79.216667,906,0,6251999
YSL,St Leonard,St Leonard,Canada,CA,011,47.183333,-67.9,906,0,6251999
YSM,Fort Smith,Fort Smith,Canada,CA,011,60.016667,-111.966667,906,0,6251999
YSN,Salmon Arm,Salmon Arm,Canada,CA,011,50.683333,-119.233333,906,0,6251999
YSO,Postville,Postville,Canada,CA,011,54.916667,-59.766667,906,0,6251999
YSP,Marathon,Marathon,Canada,CA,011,48.75,-86.35,906,6065867,6251999
YSQ,Spring Island,Spring Island,Canada,CA,011,59.45,-1.783333,906,0,6251999
YSR,Nanisivik,Nanisivik,Canada,CA,011,63.066667,-71.416667,906,0,6251999
YSS,Slate Island,Slate Island,Canada,CA,011,54.155556,-1.644444,906,0,6251999
YST,Ste Therese Point,Ste Therese Point,Canada,CA,011,53.833333,-94.833333,906,0,6251999
YSU,Summerside,Summerside,Canada,CA,011,46.433333,-63.833333,906,6159244,6251999
YSV,Saglek,Saglek,Canada,CA,011,58.466667,-62.633333,906,0,6251999
YSX,Shearwater,Shearwater,Canada,CA,011,52.133333,-128.066667,906,0,6251999
YSY,Sachs Harbour,Sachs Harbour,Canada,CA,011,72,-125,906,0,6251999
YSZ,Squirrel Cove,Squirrel Cove,Canada,CA,011,50.05,-124.916667,906,0,6251999
YTA,Pembroke And Area Apt,Pembroke,Canada,CA,011,45.864444,-77.251667,906,6100832,6251999
YTB,Hartley Bay,Hartley Bay,Canada,CA,011,53.416667,-129.25,906,0,6251999
YTC,Sturdee,Sturdee,Canada,CA,011,57.2,-127.15,906,0,6251999
YTD,Thicket Portage,Thicket Portage,Canada,CA,011,55.316667,-97.7,906,0,6251999
YTE,Cape Dorset,Cape Dorset,Canada,CA,011,64.233333,-76.533333,906,0,6251999
YTF,Alma,Alma,Canada,CA,011,48.55,-71.65,906,5884083,6251999
YTG,Sullivan Bay,Sullivan Bay,Canada,CA,011,50.883333,-126.8,906,0,6251999
YTH,Thompson,Thompson,Canada,CA,011,55.801111,-97.864167,906,6165406,6251999
YTI,Triple Island,Triple Island,Canada,CA,011,46.475556,14.560278,906,0,6251999
YTJ,Terrace Bay,Terrace Bay,Canada,CA,011,48.783333,-87.1,906,0,6251999
YTK,Tulugak,Tulugak,Canada,CA,011,5.18,120.486111,906,0,6251999
YTL,Big Trout,Big Trout,Canada,CA,011,53.75,-90,906,0,6251999
YTM,La Macaza,Mont Tremblant,Canada,CA,011,46.25,-74.583333,906,0,6251999
YTN,Riviere Au Tonnerre,Riviere Au Tonnerre,Canada,CA,011,50.416667,-64.666667,906,0,6251999
YTO,Toronto Pearson International,Toronto,Canada,CA,011,43.338889,-79.619444,416,6167865,6251999
YTP,Seaplane Base,Tofino,Canada,CA,011,49.133333,-1.9,906,0,6251999
YTR,Trenton,Trenton,Canada,CA,011,44.1,-77.583333,613,0,6251999
YTS,Timmins,Timmins  ON,Canada,CA,011,48.569722,-81.376667,906,6166739,6251999
YTT,Tisdale,Tisdale  sk,Canada,CA,011,52.836667,-104.066667,906,6166987,6251999
YTX,Telegraph Creek,Telegraph Creek,Canada,CA,011,57.9,-1.15,906,0,6251999
YTZ,Toronto City Centre Airport,Toronto,Canada,CA,011,43.6275,-79.396111,906,6167865,6251999
YUA,Yuanmou,Yuanmou,China,CN,00,25.65,101.916667,713,0,1814991
YUB,Tuktoyaktuk,Tuktoyaktuk,Canada,CA,011,69.45,-1.066667,906,0,6251999
YUD,Umiujaq,Umiujaq,Canada,CA,011,53.983333,-76.533333,906,0,6251999
YUE,Yuendumu,Yuendumu,Australia,AU,0011,-22.266667,131.783333,802,0,2077456
YUL,MontrǸal-pierre Elliott Trudeau International Airport,Montreal,Canada,CA,011,45.470556,-73.740833,941,6077243,6251999
YUM,International,Yuma,United States,US,011,32.65,-114.6,67,5583657,6252001
YUT,Repulse Bay,Repulse Bay,Canada,CA,011,66.533333,-86.25,906,0,6251999
YUX,Hall Beach,Hall Beach,Canada,CA,011,68.783333,-81.233333,906,0,6251999
YUY,Rouyn-Noranda,Rouyn-Noranda  QuǸbec,Canada,CA,011,48.216667,-78.833333,906,6128577,6251999
YVA,Iconi,Moroni,Comoros,KM,00,-11.7,43.233333,513,921772,921929
YVB,Bonaventure,Bonaventure,Canada,CA,011,48.071111,-65.460278,906,0,6251999
YVC,La Ronge,La Ronge,Canada,CA,011,55.083333,-105.333333,906,6050066,6251999
YVD,Yeva,Yeva,Papua New Guinea,PG,05,-7.55,146.166667,804,0,2088628
YVE,Vernon Regional Airport,Vernon B. C.,Canada,CA,011,50.25,-119.333333,906,0,6251999
YVG,Vermilion,Vermilion,Canada,CA,011,53.366667,-110.85,906,6173801,6251999
YVM,Qikiqtarjuaq,Qikiqtarjuaq,Canada,CA,011,67.55,-64.033333,906,0,6251999
YVP,Kuujjuaq,Kuujjuaq,Canada,CA,011,58.15,-68.45,906,0,6251999
YVQ,Norman Wells,Norman Wells,Canada,CA,011,65.283333,-126.8,931,6089245,6251999
YVR,Vancouver Intl,Richmond,Canada,CA,011,49.193889,-123.183333,906,6122078,6251999
YVT,Buffalo Narrows,Buffalo Narrows,Canada,CA,011,55.841944,-108.4175,906,0,6251999
YVV,Wiarton/Keppel Airport,Wiarton  ON,Canada,CA,011,44.745833,-81.107222,906,0,6251999
YVZ,Deer Lake,Deer Lake,Canada,CA,011,52.666667,-94.5,906,5937252,6251999
YWA,Petawawa,Petawawa,Canada,CA,011,45.9,-77.283333,906,6101607,6251999
YWB,Kangiqsujuaq,Kangiqsujuaq,Canada,CA,011,61.6,-71.966667,906,0,6251999
YWF,Dwtown Waterfront H/P,Halifax,Canada,CA,011,44.65,-63.6,906,6324729,6251999
YWG,James Armstrong Richardson International Airport,Winnipeg,Canada,CA,011,49.91,-97.24,906,6183235,6251999
YWH,Victoria Inner Harbor,Victoria,Canada,CA,011,48.422778,-123.3875,906,6174041,6251999
YWJ,Deline,Deline,Canada,CA,011,65.183333,-123.416667,906,0,6251999
YWK,Wabush,Wabush,Canada,CA,011,52.916667,-66.866667,906,0,6251999
YWL,Williams Lake,Williams Lake,Canada,CA,011,52.183333,-122.05,906,6182212,6251999
YWM,Williams Harbour,Williams Harbour,Canada,CA,011,52.333333,-56,906,0,6251999
YWN,Winisk,Winisk,Canada,CA,011,55.25,-85.116667,906,0,6251999
YWO,Lupin,Lupin,Canada,CA,011,65.758889,-111.248889,906,0,6251999
YWP,Webequie,Webequie,Canada,CA,011,53,-87.333333,906,0,6251999
YWQ,Chute-Des-Passes,Chute-Des-Passes,Canada,CA,011,43.083333,-79.066667,906,0,6251999
YWR,White River,White River,Canada,CA,011,48.583333,-85.25,906,0,6251999
YWS,Whistler,Whistler,Canada,CA,011,50.15,-122.966667,906,6180144,6251999
YWY,Wrigley,Wrigley,Canada,CA,011,63.2,-123.416667,906,0,6251999
YXC,Cranbrook,Cranbrook,Canada,CA,011,49.612222,-115.781944,906,5931800,6251999
YXD,Edmonton City Center Airport,Edmonton,Canada,CA,011,53.566667,-113.516667,906,5946768,6251999
YXE,J.G. Diefenbaker International Airport,Saskatoon,Canada,CA,011,52.166667,-106.683333,1,6141256,6251999
YXF,Snake River,Snake River,Canada,CA,011,65.966667,-134.166667,906,0,6251999
YXH,Medicine Hat,Medicine Hat,Canada,CA,011,50.018889,-110.720833,906,6071618,6251999
YXI,Killaloe,Killaloe,Canada,CA,011,45.55,-77.416667,906,0,6251999
YXJ,Fort St John,Fort St John,Canada,CA,011,56.233333,-120.733333,906,0,6251999
YXK,Rimouski,Rimouski,Canada,CA,011,48.466667,-68.516667,906,0,6251999
YXL,Sioux Lookout,Sioux Lookout,Canada,CA,011,50.116667,-91.9,906,0,6251999
YXN,Whale Cove,Whale Cove,Canada,CA,011,62.183333,-92.6,906,0,6251999
YXP,Pangnirtung,Pangnirtung,Canada,CA,011,66.15,-65.733333,906,6096551,6251999
YXQ,Beaver Creek,Beaver Creek,Canada,CA,011,52.733333,-1.116667,906,0,6251999
YXR,Earlton,Earlton,Canada,CA,011,47.7,-79.85,906,0,6251999
YXS,Prince George,Prince George,Canada,CA,011,53.883333,-122.683333,906,6113365,6251999
YXT,Terrace,Terrace  BC,Canada,CA,011,54.468611,-128.576111,906,6162949,6251999
YXU,London International,London,Canada,CA,011,43.035556,-81.153889,906,6058560,6251999
YXX,Abbotsford,Abbotsford,Canada,CA,011,49.025278,-122.360556,906,5881791,6251999
YXY,Whitehorse International,Whitehorse  Yukon,Canada,CA,011,60.709444,-135.067222,911,6180550,6251999
YXZ,Wawa Airport,Wawa,Canada,CA,011,47.983333,-84.783333,906,0,6251999
YYA,Big Bay Yacht Club,Big Bay Yacht Club,Canada,CA,011,50.4,-123.133333,906,0,6251999
YYB,North Bay,North Bay,Canada,CA,011,46.366667,-79.416667,906,6089426,6251999
YYC,Calgary International Airport,Calgary  AB,Canada,CA,011,51.113889,-114.020278,906,5913490,6251999
YYD,Smithers,Smithers,Canada,CA,011,54.816667,-127.183333,906,6149996,6251999
YYE,Fort Nelson,Fort Nelson,Canada,CA,011,58.833333,-122.583333,906,0,6251999
YYF,Penticton,Penticton,Canada,CA,011,49.466667,-119.6,906,6101141,6251999
YYG,Charlottetown,Charlottetown,Canada,CA,011,46.283333,-63.133333,906,5920288,6251999
YYH,Taloyoak,Taloyoak,Canada,CA,011,69.533333,-93.533333,906,0,6251999
YYI,Rivers,Rivers,Canada,CA,011,50.033333,-100.2,906,6122707,6251999
YYJ,Victoria International,Victoria,Canada,CA,011,48.65,-123.433333,906,6174041,6251999
YYL,Lynn Lake,Lynn Lake,Canada,CA,011,56.866667,-101.066667,906,0,6251999
YYM,Cowley,Cowley,Canada,CA,011,49.566667,-114.083333,906,0,6251999
YYN,Swift Current,Swift Current,Canada,CA,011,50.283333,-107.683333,906,6160603,6251999
YYQ,Metropolitan Area,Churchill  Manitoba,Canada,CA,011,58.739167,-94.065,906,0,6251999
YYR,Goose Bay,Goose Bay,Canada,CA,011,53.316667,-60.416667,906,0,6251999
YYT,St. John��s International,St. John's  NL,Canada,CA,011,47.618611,-52.751944,906,0,6251999
YYU,Kapuskasing,Kapuskasing,Canada,CA,011,49.416667,-82.433333,906,5989403,6251999
YYW,Armstrong,Armstrong,Canada,CA,011,50.297222,-88.971944,906,5887048,6251999
YYY,Mont Joli,Mont Joli,Canada,CA,011,48.6,-68.2,906,0,6251999
YYZ,Lester B. Pearson International,Toronto,Canada,CA,011,43.677222,-79.630556,906,6167865,6251999
YZA,Ashcroft,Ashcroft,Canada,CA,011,50.716667,-121.283333,906,5887531,6251999
YZC,Beatton River,Beatton River,Canada,CA,011,56.166667,-120.416667,906,0,6251999
YZD,Downsview Airport,Toronto,Canada,CA,011,43.7425,-79.465556,906,6167865,6251999
YZE,Gore Bay,Gore Bay,Canada,CA,011,45.885278,-82.567778,906,0,6251999
YZF,Yellowknife,Yellowknife,Canada,CA,011,62.466667,-114.45,906,6185377,6251999
YZG,Salluit,Salluit,Canada,CA,011,62.241667,-75.616667,906,0,6251999
YZH,Slave Lake,Slave Lake,Canada,CA,011,55.293056,-114.777222,906,6149374,6251999
YZM,Buchans,Buchans,Canada,CA,011,48.816667,-56.866667,906,0,6251999
YZP,Sandspit,Sandspit,Canada,CA,011,53.25,-131.816667,906,0,6251999
YZR,Sarnia,Sarnia,Canada,CA,011,43,-82.3,906,6141190,6251999
YZS,Coral Harbour,Coral Harbour,Canada,CA,011,64.2,-83.366667,906,0,6251999
YZT,Port Hardy,Port Hardy,Canada,CA,011,50.683333,-127.366667,906,0,6251999
YZU,Whitecourt,Whitecourt,Canada,CA,011,54.15,-115.683333,906,6180285,6251999
YZV,Sept-Iles,Sept-Iles,Canada,CA,011,50.216667,-66.266667,906,6144312,6251999
YZW,Teslin,Teslin,Canada,CA,011,44.463333,17.925833,906,0,6251999
YZX,Greenwood,Greenwood,Canada,CA,011,44.983333,-64.916667,906,5966689,6251999
