City Code,Airport Name,City Name,Country,Ctry Code,IDD-Intl Dial,Latitude,Longitude,Area Code,CityGeoID,CtryGeoID
PAA,Pa-an,Pa-an,Myanmar,MM,00,16.883333,97.666667,706,0,1327865
PAB,Bilaspur,Bilaspur,India,IN,00,22.5,82.166667,733,1275637,1269750
PAC,Paitilla-Marcos A. Gelabert,Panama City,Panama,PA,00,8.973333,-79.555556,162,3703443,3703433
PAD,Paderborn/lippstadt,Paderborn,Germany,DE,00,51.716667,8.75,429,2855745,2921044
PAE,Snohomish County,Everett,United States,US,011,47.919444,-122.283611,67,5793933,6252001
PAF,Pakuba,Pakuba,Uganda,UG,000,2.2,31.616667,590,0,226074
PAG,Pagadian,Pagadian,Philippines,PH,00,7.833333,123.483333,766,0,1694008
PAH,Barkley Regional,Paducah  KY,United States,US,011,37.060278,-88.773056,67,5527891,6252001
PAI,Pailin,Pailin,Cambodia,KH,001,12.85,102.583333,709,1830205,1831722
PAJ,Para Chinar,Para Chinar,Pakistan,PK,00,33.913889,70.083333,764,0,1168579
PAK,Port Allen,Hanapepe,United States,US,011,21.916667,-159.583333,67,5855631,6252001
PAL,Palanquero,Palanquero,Colombia,CO,005,5.483333,-74.65,327,0,3686121
PAM,Tyndall AFB,Panama City  FL,United States,US,011,30.07,-85.576389,67,4167694,6252001
PAN,Pattani,Pattani,Thailand,TH,001,6.783333,101.166667,782,0,1605651
PAO,Palo Alto,Palo Alto,United States,US,011,37.466667,-122.116667,67,5380748,6252001
PAP,Toussaint Louverture International,Port Au Prince,Haiti,HT,00,18.583333,-72.3,238,0,3723988
PAQ,Municipal,Palmer,United States,US,011,61.6,-149.116667,67,5871146,6252001
PAS,Paros,Paros,Greece,GR,00,37.066667,25.133333,433,255721,390903
PAT,Patna,Patna,India,IN,00,25.590278,85.089722,733,1260086,1269750
PAU,Pauk,Pauk,Myanmar,MM,00,21.45,94.516667,706,0,1327865
PAV,Paulo Afonso,Paulo Afonso,Brazil,BR,0014,-9.383333,-38.233333,316,3395162,3469034
PAW,Pambwa,Pambwa,Papua New Guinea,PG,05,-10.583333,151.083333,804,0,2088628
PAX,Port De Paix,Port De Paix,Haiti,HT,00,19.933333,-72.841667,238,0,3723988
PAY,Pamol,Pamol,Malaysia,MY,00,6,117.4,749,0,1733045
PAZ,Tajin,Poza Rica,Mexico,MX,00,20.55,-97.05,148,0,3996063
PBA,Point Barrow,Barrow,United States,US,011,71.333333,-156.633333,67,5880054,6252001
PBB,Paranaiba,Paranaiba,Brazil,BR,0014,-19.666667,-51.183333,316,3460522,3469034
PBC,Hermanos Serdan International,Puebla Atlixco,Mexico,MX,00,19.158056,-98.371389,148,0,3996063
PBD,Porbandar,Porbandar,India,IN,00,21.65,69.65,733,1259395,1269750
PBE,Puerto Berrio,Puerto Berrio,Colombia,CO,005,6.483333,-74.483333,327,3671540,3686121
PBF,Grider Field,Pine Bluff,United States,US,011,34.183333,-91.933333,67,4126226,6252001
PBG,Plattsburgh International,Plattsburgh,United States,US,011,44.650833,73.468056,67,5131692,6252001
PBH,Paro,Paro,Bhutan,BT,00,27.403056,89.425,975,1252490,1252634
PBI,Palm Beach International,West Palm Beach,United States,US,011,26.683056,-80.095556,67,4177887,6252001
PBJ,Paama,Paama,Vanuatu,VU,00,-20.95,165.4,885,0,2134431
PBK,Pack Creek,Pack Creek,United States,US,011,-34.2,150.616667,67,0,6252001
PBL,Puerto Cabello,Puerto Cabello,Venezuela,VE,00,10.466667,-68.1,388,0,3625428
PBM,Zanderij Intl,Paramaribo,Suriname,SR,00,5.452778,-55.187778,379,3383330,3382998
PBN,Porto Amboim,Porto Amboim,Angola,AO,00,-10.7,13.75,502,0,3351879
PBO,Paraburdoo,Paraburdoo,Australia,AU,0011,-23.233333,117.516667,802,0,2077456
PBP,Punta Islita,Punta Islita,Costa Rica,CR,00,10.95,-85.85,110,0,3624060
PBQ,Pimenta Bueno,Pimenta Bueno,Brazil,BR,0014,-11.634722,-61.168889,316,3924908,3469034
PBR,Puerto Barrios,Puerto Barrios,Guatemala,GT,00,15.8,-88.5,127,3591062,3595530
PBS,Patong Beach,Patong Beach,Thailand,TH,001,7.9,98.283333,782,0,1605651
PBT,Puerto Leda,Puerto Leda,Paraguay,PY,002,-20.716667,-57.983333,365,0,3437598
PBU,Putao,Putao,Myanmar,MM,00,27.333333,97.416667,706,0,1327865
PBV,Porto Dos Gauchos,Porto Dos Gauchos,Brazil,BR,0014,-21.35,-51.866667,316,0,3469034
PBW,Palibelo,Palibelo,Indonesia,ID,001,9.533333,-0.216667,832,0,1643084
PBX,Porto Alegre Do Norte,Porto Alegre Do Norte,Brazil,BR,0014,-10.860556,-51.684444,316,0,3469034
PBY,Hamilton/Proserpine,Peppers Palm Bay,Australia,AU,0011,-35.5,148.733333,802,0,2077456
PBZ,Plettenberg Bay,Plettenberg Bay,South Africa,ZA,00,-34.090278,23.327778,250,964712,953987
PCA,Portage Creek,Portage Creek,United States,US,011,60.833333,-150,67,0,6252001
PCB,Pondok Cabe,Jakarta,Indonesia,ID,001,-6.336944,106.764444,832,1642911,1643084
PCC,Puerto Rico,Puerto Rico,Colombia,CO,005,1.916667,-75.166667,327,3671348,3686121
PCD,Municipal,Prairie Du Chien,United States,US,011,43.016667,-91.116667,67,5268002,6252001
PCE,Painter Creek,Painter Creek,United States,US,011,47.8,10.216667,67,0,6252001
PCG,Paso Caballos,Paso Caballos,Guatemala,GT,00,17.266667,-90.258333,127,0,3595530
PCH,Palacios,Palacios,Honduras,HN,00,15,-89,131,0,3608932
PCJ,Puerto La Victoria,Puerto La Victoria,Paraguay,PY,002,-22.333333,-57.916667,365,0,3437598
PCK,Porcupine Creek,Porcupine Creek,United States,US,011,67.25,-150.283333,67,0,6252001
PCL,Captain Rolden International Airport,Pucallpa,Peru,PE,00,-8.366667,-74.583333,368,3693345,3932488
PCM,Playa Del Carmen,Playa Del Carmen,Mexico,MX,00,20.55,-87.116667,148,3521342,3996063
PCN,Koromiko,Picton,New Zealand,NZ,00,-41.35,174.033333,851,0,2186224
PCO,Punta Colorada,Punta Colorada,Mexico,MX,00,23.583333,-109.5,148,0,3996063
PCP,Principe,Principe,Sao Tome and Principe,ST,00,1.666667,7.416667,567,0,2410758
PCQ,Bounneua,Phongsaly,Laos,LA,00,18.492778,102.417222,744,0,1655842
PCR,Puerto Carreno,Puerto Carreno,Colombia,CO,005,6.183333,-67.633333,327,3671519,3686121
PCS,Picos,Picos,Brazil,BR,0014,-7.083333,-41.466667,316,3401963,3469034
PCT,Princeton,Princeton,United States,US,011,40.35,-74.666667,67,5268096,6252001
PCU,Pearl River County,Picayune,United States,US,011,30.516667,-89.705556,67,4440975,6252001
PCV,Punta Chivato,Punta Chivato,Mexico,MX,00,27.083333,-112,148,0,3996063
PDA,Puerto Inirida,Puerto Inirida,Colombia,CO,005,4.016667,-67.716667,327,3671450,3686121
PDB,Pedro Bay,Pedro Bay,United States,US,011,59.783333,-154.116667,67,0,6252001
PDC,Mueo,Mueo,New Caledonia,NC,00,-21.35,165,846,0,2139685
PDD,Ponta de Ouro,Ponta de Ouro,Mozambique,MZ,00,-26.183333,36.966667,550,0,1036973
PDE,Pandie Pandie,Pandie Pandie,Australia,AU,0011,-26.133333,139.383333,802,0,2077456
PDF,Prado,Prado,Brazil,BR,0014,-17.35,-39.216667,316,3452483,3469034
PDG,Minangkabau International Airport,Padang,Indonesia,ID,001,-0.786944,100.280556,832,1633419,1643084
PDI,Pindiu,Pindiu,Papua New Guinea,PG,05,-6.5,147.583333,804,0,2088628
PDK,Dekalb-Peachtree,Atlanta  GA,United States,US,011,33.875556,-84.301944,67,4883772,6252001
PDL,Nordela,Ponta Delgada  Azores,Portugal,PT,00,37.741111,-25.697778,469,3372783,2264397
PDN,Parndana,Parndana,Australia,AU,0011,-35.8,137.216667,802,0,2077456
PDO,Pendopo,Pendopo,Indonesia,ID,001,-3.283333,103.833333,832,0,1643084
PDP,Capitan Corbeta CA Curbelo International Airport,Maldonado,Uruguay,UY,00,-34.858333,-55.091667,385,3441894,3439705
PDS,Piedras Negras,Piedras Negras,Mexico,MX,00,28.7,-100.55,148,3992619,3996063
PDT,Pendleton,Pendleton,United States,US,011,45.7,-118.833333,67,5745380,6252001
PDU,Paysandu,Paysandu,Uruguay,UY,00,-32.366667,-58.05,385,3441243,3439705
PDV,Plovdiv,Plovdiv,Bulgaria,BG,00,42.067778,24.850833,411,728193,732800
PDX,Portland International,Portland  OR,United States,US,011,45.588611,-122.5975,67,5746545,6252001
PDZ,Pedernales,Pedernales,Venezuela,VE,00,9.966667,-62.233333,388,0,3625428
PEA,Penneshaw,Penneshaw,Australia,AU,0011,-35.733333,137.933333,802,0,2077456
PEB,Pebane,Pebane,Mozambique,MZ,00,-17.25,38.183333,550,0,1036973
PEC,Pelican SPB,Pelican,United States,US,011,57.95,-136.233333,67,0,6252001
PED,Pardubice,Pardubice,Czech Republic,CZ,00,50.013333,15.738611,418,3068582,3077311
PEE,Perm,Perm,Russian Federation,RU,8-10,58,56.25,770,511196,2017370
PEF,Peenemuende,Peenemuende,Germany,DE,00,54.15,13.766667,429,0,2921044
PEG,Sant Egidio,Perugia,Italy,IT,00,43.095833,12.513333,450,3171180,3175395
PEH,Pehuajo,Pehuajo,Argentina,AR,00,-35.8,-61.883333,303,0,3865483
PEI,Matecana,Pereira,Colombia,CO,005,4.8,-75.75,327,3672486,3686121
PEJ,Peschiei,Peschiei,Italy,IT,00,40.594722,17.006667,450,0,3175395
PEK,Beijing Capital Int.,Beijing,China,CN,00,40.063333,116.584444,713,1816670,1814991
PEL,Pelaneng,Pelaneng,Lesotho,LS,00,-30.55,27.916667,536,0,932692
PEM,Puerto Maldonado,Puerto Maldonado,Peru,PE,00,-12.583333,-69.233333,368,3931470,3932488
PEN,Penang International,Penang,Malaysia,MY,00,5.3,100.266667,749,1735106,1733045
PEP,Peppimenarti,Peppimenarti,Australia,AU,0011,-14.15,130.1,802,0,2077456
PEQ,Pecos City,Pecos City,United States,US,011,31.4,-103.516667,67,0,6252001
PER,Perth International,Perth,Australia,AU,0011,-31.940278,115.966944,802,2063523,2077456
PES,Petrozavodsk,Petrozavodsk,Russian Federation,RU,8-10,61.783333,34.333333,770,509820,2017370
PET,Federal,Pelotas,Brazil,BR,0014,-31.716667,-52.316667,316,3454244,3469034
PEU,Puerto Lempira,Puerto Lempira,Honduras,HN,00,15.273056,-83.780833,131,3603157,3608932
PEW,Peshawar,Peshawar,Pakistan,PK,00,34.033333,71.616667,764,1168197,1168579
PEX,Pechora,Pechora,Russian Federation,RU,8-10,65.116667,57.133333,770,511794,2017370
PEY,Penong,Penong,Australia,AU,0011,-31.916667,133.016667,802,0,2077456
PEZ,Penza,Penza,Russian Federation,RU,8-10,53.216667,45,770,511565,2017370
PFA,Paf Warren,Paf Warren,United States,US,011,58.681389,-156.8375,67,0,6252001
PFB,Passo Fundo,Passo Fundo,Brazil,BR,0014,-28.25,-52.333333,316,3454857,3469034
PFC,Pacific City State,Pacific City  OH,United States,US,011,45.199722,-123.962222,67,5744635,6252001
PFD,Port Frederick,Port Frederick,United States,US,011,57.95,-135.65,67,0,6252001
PFJ,Patreksfjordur,Patreksfjordur,Iceland,IS,00,65.6,-23.983333,439,0,2629691
PFN,Bay County,Panama City,United States,US,011,30.216667,-85.683333,67,4167694,6252001
PFO,International,Paphos,Cyprus,CY,00,34.718056,32.485833,611,146214,146669
PFR,Ilebo,Ilebo,Zaire,ZR,00,-4.316667,20.566667,517,0,0
PGA,Page,Page,United States,US,011,36.933333,-111.45,67,5307778,6252001
PGB,Pangoa,Pangoa,Papua New Guinea,PG,05,-7.016667,141.55,804,0,2088628
PGC,Grant County,Petersburg,United States,US,011,39,-79.116667,67,5556338,6252001
PGD,Charlotte County,Punta Gorda,United States,US,011,26.916667,-81.983333,67,4169452,6252001
PGE,Yegepa,Yegepa,Papua New Guinea,PG,05,-7.133333,146.15,804,0,2088628
PGF,Llabanere,Perpignan,France,FR,00,42.740833,2.869722,427,2987914,3017382
PGG,Progresso,Sao Paulo,Brazil,BR,0014,-6.95,-55.45,316,3462944,3469034
PGH,Pantnagar,Pantnagar,India,IN,00,29.031944,79.473611,733,0,1269750
PGI,Chitato,Chitato,Angola,AO,00,-7.35,20.95,502,0,3351879
PGK,Pangkalpinang,Pangkalpinang,Indonesia,ID,001,2.166667,106.133333,832,1632654,1643084
PGM,Port Graham,Port Graham,United States,US,011,59.35,-151.833333,67,0,6252001
PGN,Pangia,Pangia,Papua New Guinea,PG,05,-6.35,144.116667,804,0,2088628
PGP,Porto Alegre,Porto Alegre,Sao Tome and Principe,ST,00,0.033333,6.533333,567,0,2410758
PGR,Municipal,Paragould,United States,US,011,36.05,-90.5,67,4125388,6252001
PGS,Peach Springs,Peach Springs,United States,US,011,35.533333,-113.416667,67,0,6252001
PGV,Pitt-Greenville,Greenville,United States,US,011,35.633333,-77.4,67,5564488,6252001
PGX,Bassillac,Perigueux,France,FR,00,45.1975,0.815278,427,2987967,3017382
PHA,Phan Rang,Phan Rang,Viet Nam,VN,00,11.616667,108.95,791,1571067,1562822
PHB,Santos Dumont,Parnaiba,Brazil,BR,0014,-2.9,-41.766667,316,3449948,3469034
PHC,Port Harcourt,Port Harcourt,Nigeria,NG,009,5.015556,6.949722,555,2324774,2328926
PHD,Harry Clever,New Philadelphia,United States,US,011,40.466667,-81.433333,67,5203246,6252001
PHE,Port Hedland,Port Hedland,Australia,AU,0011,-20.383333,118.45,802,2063042,2077456
PHF,Newport News/williamsb,Newport News,United States,US,011,37.133333,-76.5,67,4776024,6252001
PHG,Port Harcourt City,Port Harcourt,Nigeria,NG,009,4.85,7.016667,555,2324774,2328926
PHH,Phan Thiet,Phan Thiet,Viet Nam,VN,00,10.9,108.066667,791,1571058,1562822
PHI,Pinheiro,Pinheiro,Brazil,BR,0014,-2.516667,-45.083333,316,3453767,3469034
PHJ,Port Hunter,Port Hunter,Australia,AU,0011,-32.916667,151.766667,802,0,2077456
PHK,Palm Beach Co Glades,Pahokee,United States,US,011,26.816667,-80.65,67,4167473,6252001
PHL,Philadelphia International,Philadelphia,United States,US,011,39.871944,-75.241111,67,5131095,6252001
PHM,Boeblingen,Boeblingen,Germany,DE,00,48.683333,9.016667,429,2947444,2921044
PHN,St Clair County Intl,Port Huron,United States,US,011,42.9,-82.533333,67,5006233,6252001
PHO,Point Hope,Point Hope,United States,US,011,68.35,-166.8,67,0,6252001
PHP,Philip,Philip,United States,US,011,44.033333,-101.65,67,0,6252001
PHR,Pacific Harbor,Pacific Harbor,Fiji,FJ,00,-18.183333,178.233333,821,0,2205218
PHS,Phitsanulok,Phitsanulok,Thailand,TH,001,16.783333,100.266667,782,1607708,1605651
PHT,Henry County,Paris,United States,US,011,36.333333,-88.383333,67,4974617,6252001
PHU,Phu Vinh,Phu Vinh,Viet Nam,VN,00,11.298611,106.804167,791,1563926,1562822
PHW,Cape Town,Phalaborwa,South Africa,ZA,00,-23.937222,31.155278,562,965528,953987
PHX,Sky Harbor Intl,Phoenix,United States,US,011,33.433333,-112.033333,67,5745656,6252001
PHY,Phetchabun,Phetchabun,Thailand,TH,001,16.416667,101.133333,782,1607737,1605651
PHZ,Phi Phi Island,Phi Phi Island,Thailand,TH,001,8.166667,98.283333,782,0,1605651
PIA,Greater Peoria,Peoria  IL,United States,US,011,40.666667,-89.683333,67,5308480,6252001
PIB,Hattiesburg-Laurel Regional,Hattiesburg/Laurel  MS,United States,US,011,31.467222,-89.336944,67,4429295,6252001
PIC,Pine Cay,Pine Cay,Turks and Caicos Islands,TC,011,21.916667,-71.983333,281,0,3576916
PID,Paradise Island,Nassau,Bahamas,BS,011,25.083333,-77.3,284,3571824,3572887
PIE,St. Petersburg-Clearwater International,Clearwater,United States,US,011,27.910556,-82.6875,67,5021527,6252001
PIF,Pingtung,Pingtung,Taiwan,TW,002,24.9175,117.690278,781,0,1668284
PIG,Pitinga,Pitinga,Brazil,BR,0014,0.783611,-60.078611,316,0,3469034
PIH,Pocatello,Pocatello,United States,US,011,42.916667,-112.583333,67,5604045,6252001
PII,Phillips Field,Fairbanks,United States,US,011,64.85,-147.783333,67,5861897,6252001
PIK,Prestwick,Prestwick  South Ayrshire,United Kingdom,GB,00,55.509444,-4.586667,493,2639896,2635167
PIL,Pilar,Pilar,Paraguay,PY,002,-26.85,-58.316667,365,0,3437598
PIM,Garden Harris County,Pine Mountain,United States,US,011,32.833333,-84.85,67,4216049,6252001
PIN,Parintins,Parintins,Brazil,BR,0014,-2.633333,-56.733333,316,3393008,3469034
PIO,Pisco,Pisco,Peru,PE,00,-13.745,-76.220278,368,3932145,3932488
PIP,Pilot Point,Pilot Point,United States,US,011,57.580278,-157.571944,67,4719021,6252001
PIQ,Pipillipai,Pipillipai,Guyana,GY,001,5.333333,-60.333333,350,0,3378535
PIR,Pierre,Pierre,United States,US,011,44.383333,-100.283333,67,5767918,6252001
PIS,Biard,Poitiers,France,FR,00,46.583333,0.3,427,2986495,3017382
PIT,Pittsburgh International,Pittsburgh  PA,United States,US,011,40.491389,-80.232778,67,5206379,6252001
PIU,Piura,Piura,Peru,PE,00,-5.2,-80.616667,368,3693528,3932488
PIV,Pirapora,Pirapora,Brazil,BR,0014,-23.4,-47,316,3453546,3469034
PIW,Pikwitonei,Pikwitonei,Canada,CA,011,55.583333,-97.15,906,0,6251999
PIX,Pico Island,Pico Island,Portugal,PT,00,38.466667,-28.333333,469,0,2264397
PIZ,Dew Station,Point Lay,United States,US,011,69.733333,-163.016667,67,0,6252001
PJA,Pajala,Pajala,Sweden,SE,00,63.55,23.7,484,0,2661886
PJB,Payson,Payson,United States,US,011,34.261111,-111.341667,67,5779548,6252001
PJC,Pedro Juan Caballero,Pedro Juan Caballero,Paraguay,PY,002,-22.545,-55.745,365,0,3437598
PJG,Panjgur,Panjgur,Pakistan,PK,00,26.95,64.133333,764,0,1168579
PJM,Puerto Jimenez,Puerto Jimenez,Costa Rica,CR,00,8.55,-83.316667,110,0,3624060
PJS,Port San Juan,Port San Juan,United States,US,011,60.05,-148.066667,67,0,6252001
PJZ,Puerto Vallarta,Puerto Juarez,Mexico,MX,00,21.133333,-86.866667,148,0,3996063
PKA,SPB,Napaskiak,United States,US,011,60.7,-161.7,67,0,6252001
PKB,Wood County,Parkersburg,United States,US,011,39.35,-81.433333,67,4870730,6252001
PKC,Petropavlovsk-Kamchats,Petropavlovsk-Kamchats,Russian Federation,RU,8-10,53.016667,158.65,770,0,2017370
PKD,Park Rapids,Park Rapids,United States,US,011,46.9,-95.066667,67,5040822,6252001
PKE,Parkes,Parkes,Australia,AU,0011,-33.133333,148.233333,802,2153778,2077456
PKF,Park Falls,Park Falls,United States,US,011,45.933333,-90.433333,67,5266230,6252001
PKH,Alexion,Porto Kheli,Greece,GR,00,37.3,23.15,433,0,390903
PKJ,Playa Grande,Playa Grande,Guatemala,GT,00,15.083333,-89.183333,127,0,3595530
PKK,Pakokku,Pakokku,Myanmar,MM,00,21.333333,95.1,706,1302439,1327865
PKL,Pakatoa Island,Pakatoa Island,New Zealand,NZ,00,-36.35,174.15,851,0,2186224
PKM,Port Kaituma,Port Kaituma,Guyana,GY,001,8.333333,-59.633333,350,0,3378535
PKN,Pangkalanbuun,Pangkalanbuun,Indonesia,ID,001,-2.7,111.666667,832,1632694,1643084
PKO,Parakou,Parakou,Benin,BJ,00,9.35,2.616667,519,2392204,2395170
PKP,Puka Puka,Puka Puka,French Polynesia,PF,00,-15,-139,823,0,4020092
PKR,Pokhara,Pokhara,Nepal,NP,00,28.233333,83.866667,755,0,1282988
PKS,Paksane,Paksane,Laos,LA,00,18.366667,103.65,744,1655140,1655842
PKT,Port Keats,Port Keats,Australia,AU,0011,-14.25,129.533333,802,2063039,2077456
PKU,Sultan Syarif Kasim Ii,Pekanbaru,Indonesia,ID,001,0.460833,101.444444,832,0,1643084
PKV,Pskov,Pskov,Russian Federation,RU,8-10,57.783889,28.395556,770,504341,2017370
PKW,Selebi-Phikwe,Selebi-Phikwe,Botswana,BW,00,-22.883333,26.916667,510,933099,933860
PKY,Palangkaraya,Palangkaraya,Indonesia,ID,001,-2.216667,113.933333,832,0,1643084
PKZ,Pakse,Pakse,Laos,LA,00,15.133333,105.783333,744,1654379,1655842
PLA,Planadas,Planadas,Colombia,CO,005,3.3,-75.7,327,3672077,3686121
PLB,Clinton County,Plattsburgh,United States,US,011,44.683333,-73.516667,67,5131692,6252001
PLC,Planeta Rica,Planeta Rica,Colombia,CO,005,8.4,-75.6,327,3672068,3686121
PLD,Playa Samara,Playa Samara,Costa Rica,CR,00,10.25,-85.416667,110,0,3624060
PLF,Pala,Pala,Chad,TD,15,9.383333,14.933333,511,2426240,2434508
PLG,La Plagne,La Plagne,France,FR,00,44.633333,2.566667,427,0,3017382
PLH,Plymouth,Plymouth,United Kingdom,GB,00,50.416667,-4.116667,493,2640194,2635167
PLI,Palm Island,Palm Island,Saint Vincent and the Grenadines,VC,011,12.583333,-61.383333,279,0,3577815
PLJ,Placencia,Placencia,Belize,BZ,00,16.516667,-88.366667,106,0,3582678
PLK,M Graham Clark,Branson/point Lookout,United States,US,011,36.616667,-93.216667,67,4378219,6252001
PLL,Ponta Pelada,Manaus,Brazil,BR,0014,-3.146111,-59.986389,316,3663517,3469034
PLM,Mahmud Badaruddin Ii,Palembang,Indonesia,ID,001,-2.9,104.7,832,1633070,1643084
PLN,Emmet County,Pellston,United States,US,011,45.566667,-84.8,67,0,6252001
PLO,Port Lincoln,Port Lincoln,Australia,AU,0011,-34.6,135.883333,802,2063036,2077456
PLP,La Palma,La Palma,Panama,PA,00,8.366667,-78.133333,162,3707063,3703433
PLQ,Palanga International,Klaipeda/Palanga,Lithuania,LT,00,55.916667,21.05,452,598098,597427
PLR,St Clair County,Pell City,United States,US,011,33.583333,-86.283333,67,4082589,6252001
PLS,International,Providenciales,Turks and Caicos Islands,TC,011,21.766667,-72.266667,281,0,3576916
PLT,Plato,Plato,Colombia,CO,005,9.8,-74.783333,327,3792392,3686121
PLU,Pampulha Domestic,Belo Horizonte,Brazil,BR,0014,-19.755556,-43.75,316,3470127,3469034
PLV,Poltava,Poltava,Ukraine,UA,8-10,49.583333,34.533333,488,696643,690791
PLW,Mutiara,Palu,Indonesia,ID,001,-0.833333,119.841667,832,1633034,1643084
PLX,Semipalatinsk,Semipalatinsk,Kazakhstan,KZ,8-10,50.333333,80.25,738,1519422,1522867
PLY,Plymouth,Plymouth,United States,US,011,41.366667,-86.3,67,5383872,6252001
PLZ,Port Elizabeth,Port Elizabeth,South Africa,ZA,00,-33.983333,25.616667,562,964420,953987
PMA,Wawi,Pemba,Tanzania,TZ,000,-5.233333,39.8,585,0,149590
PMB,Intermediate,Pembina,United States,US,011,48.95,-97.233333,67,0,6252001
PMC,Tepual,Puerto Montt,Chile,CL,00,-41.483333,-72.85,324,3874960,3895114
PMD,La Palmdale Regional Airport,Palmdale  CA,United States,US,011,34.629444,-118.084444,67,5380698,6252001
PME,Portsmouth,Portsmouth,United Kingdom,GB,00,50.833333,-1.05,493,2639996,2635167
PMF,Giuseppe Verdi,Parma,Italy,IT,00,44.8,10.333333,450,3171457,3175395
PMG,International,Ponta Pora,Brazil,BR,0014,-22.533333,-55.733333,316,3453150,3469034
PMH,Greater Portsmouth Regional,Portsmouth  OH,United States,US,011,38.840556,-82.847222,67,5224082,6252001
PMI,Son Sant Joan Airport,Palma Mallorca,Spain,ES,00,39.55,2.733333,482,0,2510769
PMK,Palm Island,Palm Island,Australia,AU,0011,-18.083333,146.683333,802,0,2077456
PML,AFS,Port Moller,United States,US,011,55.983333,-160.533333,67,0,6252001
PMM,Phanom Sarakham,Phanom Sarakham,Thailand,TH,001,13.75,101.4,782,1607801,1605651
PMN,Pumani,Pumani,Papua New Guinea,PG,05,-9.816667,149.466667,804,0,2088628
PMO,Punta Raisi,Palermo,Italy,IT,00,38.175833,13.091111,450,2523920,3175395
PMP,Pimaga,Pimaga,Papua New Guinea,PG,05,-6.366667,143.55,804,0,2088628
PMQ,Perito Moreno,Perito Moreno,Argentina,AR,00,-46.535,-70.983333,303,0,3865483
PMR,Palmerston North,Palmerston North,New Zealand,NZ,00,-40.320556,175.616944,851,2185018,2186224
PMS,Palmyra,Palmyra,Syria,SY,00,34.566667,38.3,676,163808,163843
PMT,Paramakotoi,Paramakotoi,Guyana,GY,001,4.833333,-59.55,350,0,3378535
PMU,SPB,Paimiut,United States,US,011,61.966667,-160.233333,67,0,6252001
PMV,Del Caribe International,Porlamar,Venezuela,VE,00,10.913056,-63.9675,388,3629965,3625428
PMW,Palmas,Palmas,Brazil,BR,0014,-10.29,-48.357778,316,3474574,3469034
PMX,Metropolitan,Palmer,United States,US,011,42.15,-72.316667,67,5871146,6252001
PMY,El Tehuelche,Puerto Madryn,Argentina,AR,00,-42.733333,-65.066667,303,3840092,3865483
PMZ,Palmar Sur,Palmar,Costa Rica,CR,00,8.95,-83.483333,110,0,3624060
PNA,Pamplona,Pamplona,Spain,ES,00,42.766667,-1.641667,482,3114472,2510769
PNB,Porto Nacional,Porto Nacional,Brazil,BR,0014,-10.716667,-48.4,316,0,3469034
PNC,Ponca City,Ponca City,United States,US,011,36.733333,-97.1,67,4548267,6252001
PND,Punta Gorda,Punta Gorda,Belize,BZ,00,16.166667,-88.7,106,3581398,3582678
PNE,North Philadelphia,Philadelphia,United States,US,011,40.083333,-75.016667,67,5131095,6252001
PNG,Municipal,Paranagua,Brazil,BR,0014,-25.516667,-48.5,316,3455070,3469034
PNH,Phnom Penh International,Phnom Penh,Cambodia,KH,001,11.55,104.85,709,1821306,1831722
PNI,Pohnpei,Pohnpei,Micronesia,FM,011,7.016667,158.233333,810,0,2081918
PNJ,Peng Lai/Sha He Kou,Peng Lai,China,CN,00,42.446389,119.573611,713,0,1814991
PNK,Supadio,Pontianak,Indonesia,ID,001,-0.05,109.383333,832,1630789,1643084
PNL,Pantelleria,Pantelleria,Italy,IT,00,36.816667,11.966667,450,2523890,3175395
PNN,Princeton,Princeton,United States,US,011,45.202778,-67.566667,67,5268096,6252001
PNO,Pinotepa Nacional,Pinotepa Nacional,Mexico,MX,00,16.35,-98.066667,148,3516926,3996063
PNP,Girua,Popondetta,Papua New Guinea,PG,05,-8.766667,148.216667,804,2088163,2088628
PNQ,Lohegaon,Pune,India,IN,00,18.583333,73.916667,733,1259229,1269750
PNR,Pointe Noire,Pointe Noire,Congo,CG,00,-4.816111,11.886667,515,0,2260494
PNS,Regional,Pensacola,United States,US,011,30.466667,-87.183333,67,4168228,6252001
PNT,Teniente J. Gallardo,Puerto Natales,Chile,CL,00,-51.683333,-72.516667,324,0,3895114
PNU,Panguitch,Panguitch,United States,US,011,37.833333,-112.383333,67,5544525,6252001
PNV,Panevezys,Panevezys,Lithuania,LT,00,55.733333,24.35,452,596128,597427
PNX,Grayson County,Sherman-Denison,United States,US,011,33.633333,-96.583333,67,0,6252001
PNY,Pondicherry,Pondicherry,India,IN,00,11.968611,79.81,733,1259425,1269750
PNZ,Internacional,Petrolina,Brazil,BR,0014,-9.383333,-40.5,316,3454032,3469034
POA,Salgado Filho,Porto Alegre,Brazil,BR,0014,-29.984444,-51.171389,51,3456593,3469034
POB,Pope AFB,Fayetteville  NC,United States,US,011,35.170833,-79.014444,67,5116968,6252001
POC,Brackett Field,La Verne,United States,US,011,34.083333,-117.783333,67,5364134,6252001
POD,Podor,Podor,Senegal,SN,00,16.666667,-14.966667,569,0,2245662
POE,Polk AAF,Fort Polk,United States,US,011,31.033333,-93.183333,67,0,6252001
POF,Earl Fields Memorial,Poplar Bluff,United States,US,011,36.75,-90.5,67,4404233,6252001
POG,Port Gentil,Port Gentil,Gabon,GA,00,-0.716667,8.75,526,2396518,2400553
POH,Municipal,Pocahontas,United States,US,011,42.75,-94.65,67,4871727,6252001
POI,Potosi,Potosi,Bolivia,BO,0010,-19.533333,-65.75,312,3907584,3923057
POJ,Patos De Minas,Patos De Minas,Brazil,BR,0014,40.683333,19.65,316,3454783,3469034
POL,Porto Amelia,Pemba,Mozambique,MZ,00,-12.986667,40.5225,550,1028918,1036973
POM,Jackson Fld,Port Moresby,Papua New Guinea,PG,05,-9.433333,147.22,804,2088122,2088628
PON,Poptun,Poptun,Guatemala,GT,00,16.35,-89.433333,127,3591181,3595530
POO,Pocos De Caldas,Pocos De Caldas,Brazil,BR,0014,-21.841389,-46.5675,316,3453303,3469034
POP,La Union,Puerto Plata,Dominican Republic,DO,011,19.8,-70.666667,224,3493175,3508796
POQ,Polk Inlet,Polk Inlet,United States,US,011,55.35,-132.5,67,0,6252001
POR,Pori,Pori,Finland,FI,00,61.466667,21.8,425,640999,660013
POS,Piarco International,Port Of Spain,Trinidad And Tobago,TT,011,10.65,-61.516667,280,3573890,3573591
POT,Ken Jones,Port Antonio,Jamaica,JM,011,18.166667,-76.45,243,0,3489940
POU,Dutchess County,Poughkeepsie,United States,US,011,41.633333,-73.883333,67,5132143,6252001
POV,Presov,Presov,Slovak Republic,SK,00,49.029722,21.315556,483,723819,0
POW,Portoroz,Portoroz,Slovenia,SI,00,45.473333,13.615,481,3192682,3190538
POX,Paris Cergy Pontoise,Paris,France,FR,00,49.096667,2.040833,427,2988507,3017382
POY,Powell,Powell,United States,US,011,44.866667,-108.8,67,5835606,6252001
POZ,Lawica,Poznan,Poland,PL,0-0,52.421111,16.826389,467,3088171,798544
PPA,Perry Lefors Field,Pampa,United States,US,011,35.533333,-100.95,67,5527953,6252001
PPB,Adhemar De Barros,Presidente Prudente,Brazil,BR,0014,-22.177778,-51.418333,316,3452324,3469034
PPC,Prospect Creek,Prospect Creek,United States,US,011,66.8,-150.633333,67,0,6252001
PPD,Palmas Del Mar,Humacao,Puerto Rico,PR,011,18.2375,-66.369167,3,4565564,4566966
PPE,Puerto Penasco,Puerto Penasco,Mexico,MX,00,31.583333,-113.833333,148,3991347,3996063
PPF,Tri-City,Parsons,United States,US,011,37.333333,-95.5,67,4817695,6252001
PPG,International,Pago Pago,American Samoa,AS,011,-14.333333,-170.716667,5,5881576,5880801
PPH,Peraitepuy,Peraitepuy,Venezuela,VE,00,4.566667,-61.483333,388,0,3625428
PPI,Port Pirie,Port Pirie,Australia,AU,0011,-33.233333,138,802,2063030,2077456
PPJ,Pulau Panjang,Pulau Panjang,Indonesia,ID,001,-5.633333,106.55,832,0,1643084
PPK,Petropavlovsk,Petropavlovsk,Kazakhstan,KZ,8-10,54.783333,69.183333,738,1520172,1522867
PPL,Phaplu,Phaplu,Nepal,NP,00,27.516667,86.583056,755,0,1282988
PPM,Pompano Beach,Pompano Beach,United States,US,011,26.233333,-80.127778,67,4169014,6252001
PPN,Machangara,Popayan,Colombia,CO,005,2.45,-76.616667,327,0,3686121
PPO,Powell Point,Powell Point,Bahamas,BS,011,24.899722,-76.360833,204,0,3572887
PPP,Whitsunday Coast,Proserpine,Australia,AU,0011,-20.483333,148.55,802,0,2077456
PPQ,Paraparaumu,Paraparaumu,New Zealand,NZ,00,-40.904722,174.989167,851,0,2186224
PPR,Pasir Pangarayan,Pasir Pangarayan,Indonesia,ID,001,0.833333,100.366667,832,0,1643084
PPS,Puerto Princesa,Puerto Princesa,Philippines,PH,00,9.733333,118.75,766,1692685,1694008
PPT,Faaa,Papeete,French Polynesia,PF,00,-17.556667,-149.611389,823,4033936,4020092
PPU,Papun,Papun,Myanmar,MM,00,18.066667,97.45,706,0,1327865
PPV,Port Protection,Port Protection,United States,US,011,56.333333,-133.666667,67,0,6252001
PPW,Papa Westray,Papa Westray,United Kingdom,GB,00,59.416667,-2.75,493,0,2635167
PPX,Param,Param,Papua New Guinea,PG,05,-9.995833,149.591667,804,0,2088628
PPY,Pouso Alegre,Pouso Alegre,Brazil,BR,0014,-22.289167,-45.919167,316,3452525,3469034
PPZ,Puerto Paez,Puerto Paez,Venezuela,VE,00,6.2,-67.45,388,0,3625428
PQC,Duong Dong,Phu Quoc,Viet Nam,VN,00,10.25,104,791,0,1562822
PQI,Municipal,Presque Isle,United States,US,011,46.683333,-68.05,67,4975966,6252001
PQM,Palenque,Palenque,Mexico,MX,00,17.5,-92.008333,148,3522164,3996063
PQQ,Port Macquarie,Port Macquarie,Australia,AU,0011,-31.633333,152.916667,802,2152659,2077456
PQS,Pilot Station,Pilot Station,United States,US,011,61.933333,-162.883333,67,0,6252001
PQT,Heliport,Qeqertaq,Denmark,DK,00,71.283333,-51.75,419,0,2623032
PRA,Parana,Parana,Argentina,AR,00,-31.783333,-60.483333,303,3841956,3865483
PRB,Paso Robles,Paso Robles,United States,US,011,35.666667,-120.633333,67,5381438,6252001
PRC,Prescott,Prescott,United States,US,011,34.65,-112.416667,67,5309842,6252001
PRD,Pardoo,Pardoo,Australia,AU,0011,-20.133333,119.583333,802,0,2077456
PRE,Pore,Pore,Colombia,CO,005,5.733333,-71.983333,327,3671901,3686121
PRF,Port Johnson,Port Johnson,United States,US,011,55.122222,-132.05,67,0,6252001
PRG,Prague - Ruzyne International,Prague,Czech Republic,CZ,00,50.066667,14.433333,418,3067696,3077311
PRH,Phrae,Phrae,Thailand,TH,001,18.116667,100.016667,782,1607552,1605651
PRI,Praslin Island,Praslin Island,Seychelles,SC,00,-4.316667,55.733333,570,0,241170
PRJ,Capri,Capri,Italy,IT,00,40.583333,14.233333,450,3180630,3175395
PRK,Prieska,Prieska,South Africa,ZA,00,-29.666667,22.7,562,964090,953987
PRL,Port Oceanic,Port Oceanic,United States,US,011,60.208333,-147.819444,67,0,6252001
PRM,Portimao,Portimao,Portugal,PT,00,37.133333,-8.533333,469,2264456,2264397
PRN,Prishtina International Airport,Prishtina,Serbia,RS,99,42.572778,21.035833,497,786714,6290252
PRO,Municipal,Perry,United States,US,011,18.6,-74.05,67,5779613,6252001
PRP,Propriano,Propriano,France,FR,00,41.666667,8.9,427,2985266,3017382
PRQ,Pres. Roque Saenz Pena,Pres. Roque Saenz Pena,Argentina,AR,00,-26.766667,-60.266667,303,0,3865483
PRR,Paruima,Paruima,Guyana,GY,001,5.816667,-61.016667,350,0,3378535
PRS,Parasi,Parasi,Solomon Islands,SB,00,-9.716667,161.4,874,0,2103350
PRT,Coast Guard Heliport,Point Retreat,United States,US,011,47.533333,12.516667,67,0,6252001
PRU,Prome,Prome,Myanmar,MM,00,18.933333,-95.216667,706,1299154,1327865
PRV,Prerov,Prerov,Czech Republic,CZ,00,49.425833,17.404722,418,3067580,3077311
PRW,Prentice,Prentice,United States,US,011,45.55,-90.283333,67,0,6252001
PRX,Cox Field,Paris,United States,US,011,33.633333,-95.45,67,4974617,6252001
PRY,Wonderboom Apt.,Pretoria,South Africa,ZA,00,-25.65,28.216667,562,964137,953987
PRZ,Prineville,Prineville,United States,US,011,44.3,-120.85,67,5746901,6252001
PSA,Galileo Galilei,Pisa,Italy,IT,00,43.683333,10.4,450,3170647,3175395
PSB,Bellefonte,Bellefonte,United States,US,011,60.933333,7.2,67,5179799,6252001
PSC,Tri-cities,Pasco  WA,United States,US,011,46.264722,-119.119167,67,5806298,6252001
PSD,Port Said,Port Said,Egypt,EG,00,31.283333,32.233333,591,6690765,357994
PSE,Mercedita,Ponce,Puerto Rico,PR,011,17.983333,-66.4,3,4566880,4566966
PSF,Pittsfield,Pittsfield,United States,US,011,42.433333,-73.3,67,5091251,6252001
PSG,Petersburg James A Johnson,Petersburg  AK,United States,US,011,56.8,-132.983333,67,5556338,6252001
PSH,St Peter,St Peter,Germany,DE,00,54.316667,8.683333,429,0,2921044
PSI,Pasni,Pasni,Pakistan,PK,00,25.3,63.366667,764,1168312,1168579
PSJ,Poso,Poso,Indonesia,ID,001,-1.383333,120.733333,832,1630723,1643084
PSK,New River Valley,Dublin,United States,US,011,37.116667,-80.683333,67,5344157,6252001
PSL,Perth,Perth,United Kingdom,GB,00,56.4,-3.466667,493,2640358,2635167
PSM,Pease International,Portsmouth  NH,United States,US,011,43.078056,-70.823333,67,5224082,6252001
PSN,Palestine Municipal Airport,Palestine  TX,United States,US,011,31.779722,-95.706389,67,4717232,6252001
PSO,Cano,Pasto,Colombia,CO,005,1.466667,-77.25,327,3672778,3686121
PSP,Municipal,Palm Springs,United States,US,011,33.833333,-116.5,67,5380668,6252001
PSQ,SPB,Philadelphia,United States,US,011,29.483333,31.066667,67,5131095,6252001
PSR,Liberi,Pescara,Italy,IT,00,42.466667,14.216667,450,3171168,3175395
PSS,Posadas,Posadas,Argentina,AR,00,-27.416667,-55.95,303,3429886,3865483
PST,Preston,Preston,Cuba,CU,119,20.75,-75.65,219,0,3562981
PSU,Putussibau,Putussibau,Indonesia,ID,001,0.833333,112.933333,832,0,1643084
PSW,Passos,Passos,Brazil,BR,0014,-20.716667,-46.616667,316,3454847,3469034
PSX,Palacios,Palacios,United States,US,011,28.7,-96.216667,67,4717218,6252001
PSY,Port Stanley,Port Stanley,Falkland Islands,FK,00,-51.75,-59,340,3426691,3474414
PSZ,Puerto Suarez,Puerto Suarez,Bolivia,BO,0010,-18.966667,-57.866667,312,0,3923057
PTA,Port Alsworth,Port Alsworth,United States,US,011,60.2,-154.333333,67,0,6252001
PTB,Municipal,Petersburg,United States,US,011,37.183333,-77.516667,67,5556338,6252001
PTC,Port Alice,Port Alice,United States,US,011,55.791667,-133.6,67,0,6252001
PTD,Port Alexander,Port Alexander,United States,US,011,56.25,-134.65,67,0,6252001
PTE,Port Stephens,Port Stephens,Australia,AU,0011,-32.75,153.8,802,0,2077456
PTF,Malololailai,Malololailai,Fiji,FJ,00,-17.783056,177.216389,821,0,2205218
PTG,Polokwane,Polokwane,South Africa,ZA,00,-23.916667,29.466667,562,965289,953987
PTH,Port Heiden,Port Heiden,United States,US,011,56.966667,-158.633333,67,0,6252001
PTI,Port Douglas,Port Douglas,Australia,AU,0011,-16.483333,145.45,802,0,2077456
PTJ,Portland,Portland,Australia,AU,0011,-38.383333,141.633333,802,2152667,2077456
PTK,Pontiac,Pontiac,United States,US,011,42.666667,-83.4,67,5006166,6252001
PTL,Port Armstrong,Port Armstrong,United States,US,011,56.297222,-134.6625,67,0,6252001
PTM,Palmarito,Palmarito,Venezuela,VE,00,7.566667,-70.183333,388,0,3625428
PTN,Williams Memorial,Patterson,United States,US,011,29.75,-91.308333,67,5381515,6252001
PTO,Municipal,Pato Branco,Brazil,BR,0014,-26.216667,-52.666667,316,3454818,3469034
PTP,Le Raizet,Pointe-a-pitre,Guadeloupe,GP,00,16.266667,-61.533333,235,3578599,3579143
PTQ,Porto de Moz,Porto de Moz,Brazil,BR,0014,-1.738889,-52.244444,316,3391387,3469034
PTR,Pleasant Harbour,Pleasant Harbour,United States,US,011,57.833333,-153.25,67,0,6252001
PTS,Municipal,Pittsburg,United States,US,011,37.45,-94.733333,67,5383465,6252001
PTT,Pratt,Pratt,United States,US,011,37.7,-98.75,67,4277752,6252001
PTU,Platinum,Platinum,United States,US,011,59.016667,-161.816667,67,0,6252001
PTV,Porterville,Porterville,United States,US,011,36.033333,-119.066667,67,5384471,6252001
PTW,Pottstown/Limerick,Pottstown,United States,US,011,40.233333,-75.65,67,5207069,6252001
PTX,Pitalito,Pitalito,Colombia,CO,005,1.85,-76.033333,327,3672110,3686121
PTY,Tocumen International,Panama City,Panama,PA,00,8.966667,-79.533333,162,3703443,3703433
PTZ,Pastaza,Pastaza,Ecuador,EC,00,-1.516667,-78.041667,337,0,3658394
PUA,Puas,Puas,Papua New Guinea,PG,05,-2.4,150.233333,804,0,2088628
PUB,Memorial,Pueblo,United States,US,011,38.283333,-104.5,67,5435464,6252001
PUC,Carbon County,Price,United States,US,011,39.602778,-110.75,67,5545269,6252001
PUD,Puerto Deseado,Puerto Deseado,Argentina,AR,00,-47.716667,-65.916667,303,0,3865483
PUE,Puerto Obaldia,Puerto Obaldia,Panama,PA,00,8.683333,-77.533333,162,0,3703433
PUF,Pau-PyrǸnǸes,Pau,France,FR,00,43.38,-0.418611,427,2988358,3017382
PUG,Port Augusta,Port Augusta,Australia,AU,0011,-32.540278,137.716667,802,0,2077456
PUH,Pochutla,Pochutla,Mexico,MX,00,15.7,-96.466667,148,3517970,3996063
PUI,Pureni,Pureni,Papua New Guinea,PG,05,-5.833333,142.833333,804,0,2088628
PUJ,Punta Cana International,Higuey,Dominican Republic,DO,011,18.5675,-68.363333,224,3493240,3508796
PUK,Pukarua,Pukarua,French Polynesia,PF,00,-18.133333,-136,823,0,4020092
PUL,Poulsbo,Poulsbo,United States,US,011,47.733333,-122.65,67,5807337,6252001
PUM,Pomala,Pomala,Indonesia,ID,001,-3.666667,119.8,832,0,1643084
PUN,Punia,Punia,Zaire,ZR,00,-1.366667,26.333333,517,0,0
PUO,Prudhoe Bay,Prudhoe Bay,United States,US,011,54.95,-1.85,67,0,6252001
PUP,Po,Po,Burkina Faso,BF,00,11.166667,-1.15,593,2356454,2361809
PUQ,Pres Ibanez,Punta Arenas,Chile,CL,00,-53.1,-70.883333,324,3874787,3895114
PUR,Puerto Rico,Puerto Rico,Bolivia,BO,0010,-11.116667,-67.5,312,0,3923057
PUS,Gimhae,Busan,Korea,KR,00,35.179444,128.938333,778,1838524,1835841
PUT,Puttaprathe,Puttaparthi,India,IN,00,10.816667,76.2,733,0,1269750
PUU,Puerto Asis,Puerto Asis,Colombia,CO,005,0.5,-76.416667,327,3671549,3686121
PUW,Pullman-Moscow Regional Airport,Pullman,United States,US,011,46.75,-117.116667,67,5807540,6252001
PUX,Puerto Varas,Puerto Varas,Chile,CL,00,-33.966667,-70.816667,324,3874930,3895114
PUY,Pula,Pula,Croatia,HR,00,44.883333,13.916667,415,3192224,3202326
PUZ,Puerto Cabezas,Puerto Cabezas,Nicaragua,NI,00,14.047222,-83.386667,153,3617154,3617476
PVA,Providencia,Providencia,Colombia,CO,005,13.35,-81.35,327,3671714,3686121
PVC,Provincetown,Provincetown,United States,US,011,42.066667,-70.216667,67,4948087,6252001
PVD,T. F. Green Airport,Providence,United States,US,011,41.733333,-71.433333,67,5780020,6252001
PVE,El Porvenir,El Porvenir,Panama,PA,00,9.583333,-79,162,0,3703433
PVF,Placerville,Placerville,United States,US,011,38.716667,-120.8,67,5383559,6252001
PVG,Pu Dong,Shanghai,China,CN,00,31.143333,121.805278,713,1796236,1814991
PVH,Governador Jorge Teixeira,Porto Velho,Brazil,BR,0014,-8.709167,-63.902222,316,3662762,3469034
PVI,Edu Chaves,Paranavai,Brazil,BR,0014,-23.09,-52.488611,316,3455051,3469034
PVK,Aktion,Preveza/Lefkas,Greece,GR,00,38.926389,20.765278,433,254698,390903
PVN,Pleven,Pleven,Bulgaria,BG,00,42,24.5,411,728203,732800
PVO,Reales Tamarindos,Portoviejo,Ecuador,EC,00,-1.034167,-80.467222,337,3652943,3658394
PVR,Licenciado Gustavo D��az Ordaz International,Puerto Vallarta,Mexico,MX,00,20.68,-105.254167,148,3991328,3996063
PVS,Provideniya,Provideniya,Russian Federation,RU,8-10,64.383333,173.3,770,4031574,2017370
PVU,Provo,Provo,United States,US,011,40.233333,-111.716667,67,5780026,6252001
PVW,Hale County,Plainview,United States,US,011,34.166667,-101.716667,67,5528450,6252001
PVX,Provedenia,Provedenia,Russian Federation,RU,8-10,64.366667,173.233333,770,0,2017370
PVY,Pope Vanoy,Pope Vanoy,United States,US,011,59.316667,-154.916667,67,0,6252001
PVZ,Casement,Painesville,United States,US,011,41.733333,-81.216667,67,5166009,6252001
PWA,Wiley Post,Oklahoma City,United States,US,011,35.534167,-97.666667,67,4544349,6252001
PWD,Sherwood,Plentywood,United States,US,011,48.766667,-104.55,67,5671807,6252001
PWE,Pevek,Pevek,Russian Federation,RU,8-10,69.783333,170.6,770,2122090,2017370
PWI,Beles,Pawi,Ethiopia,ET,00,11.333333,36.416667,522,0,337996
PWK,Pal-Waukee,Chicago,United States,US,011,42,-87.966667,67,4887398,6252001
PWL,Purwokerto,Purwokerto,Indonesia,ID,001,7.45,109.416667,832,1630328,1643084
PWM,Intl Jetport,Portland,United States,US,011,43.65,-70.3,67,5746545,6252001
PWN,Pitts Town,Pitts Town,Bahamas,BS,011,22.833333,-74.35,204,0,3572887
PWO,Pweto,Pweto,Zaire,ZR,00,-8.466667,28.883333,517,0,0
PWQ,Pavlodar,Pavlodar,Kazakhstan,KZ,8-10,52.183333,77.066667,738,1520240,1522867
PWR,Port Walter,Port Walter,United States,US,011,56.383333,-134.65,67,0,6252001
PWT,Bremerton,Bremerton,United States,US,011,47.483333,-122.75,67,5788054,6252001
PXL,Polacca,Polacca,United States,US,011,35.833333,-110.383333,67,0,6252001
PXM,Puerto Escondido,Puerto Escondido,Mexico,MX,00,15.833333,-97.166667,148,3520994,3996063
PXO,Porto Santo,Porto Santo,Portugal,PT,00,33.066667,-16.35,469,2261651,2264397
PXR,Surin,Surin,Thailand,TH,001,14.883333,103.5,782,1606030,1605651
PXS,Puerto De Santa Maria,Puerto De Santa Maria,Spain,ES,00,42,-8.883333,482,2518207,2510769
PXU,Pleiku,Pleiku,Viet Nam,VN,00,14.003056,108.021389,791,1569684,1562822
PYA,Puerto Boyaca,Puerto Boyaca,Colombia,CO,005,5.75,-74.4,327,3671531,3686121
PYB,Jeypore,Jeypore,India,IN,00,18.85,82.583333,733,1269515,1269750
PYC,Playon Chico,Playon Chico,Panama,PA,00,9.3,-78.25,162,3702647,3703433
PYE,Penrhyn Island,Penrhyn Island,Cook Islands,CK,00,-9.016667,-158.033333,813,0,1899402
PYH,Puerto Ayacucho,Puerto Ayacucho,Venezuela,VE,00,5.6,-67.5,388,3629710,3625428
PYJ,Polyarnyj,Polyarnyj,Russian Federation,RU,8-10,66.416667,112.05,770,0,2017370
PYL,Perry SPB,Perry Island,United States,US,011,60.683333,-147.916667,67,0,6252001
PYM,Plymouth,Plymouth,United States,US,011,41.966667,-70.683333,67,5383872,6252001
PYN,Payan,Payan,Colombia,CO,005,1.8,-78.166667,327,3672665,3686121
PYO,Putumayo,Putumayo,Ecuador,EC,00,0.066667,-75.866667,337,0,3658394
PYR,Andravida,Pyrgos,Greece,GR,00,37.683333,21.466667,433,734622,390903
PYV,Yaviza,Yaviza,Panama,PA,00,8.133333,-77.7,162,3699980,3703433
PYX,Pattaya,Pattaya,Thailand,TH,001,12.95,100.883333,782,1614295,1605651
PZA,Casanare,Paz De Ariporo,Colombia,CO,005,5.783333,-71.816667,327,0,3686121
PZB,Pietermaritzburg Oribi,Pietermaritzburg,South Africa,ZA,00,-29.648889,30.398611,562,965301,953987
PZE,Penzance,Penzance,United Kingdom,GB,00,50.116667,-5.666667,493,2640377,2635167
PZH,Zhob,Zhob,Pakistan,PK,00,32.066667,69.833333,764,1162105,1168579
PZK,Puka Puka Is/Attol,Puka Puka Is/Attol,Cook Islands,CK,00,58.053056,26.237778,813,0,1899402
PZL,Zulu Inyala,Phinda,South Africa,ZA,00,-27.866667,32.3,562,0,953987
PZO,Puerto Ordaz,Puerto Ordaz,Venezuela,VE,00,8.3,-62.733333,388,0,3625428
PZU,Port Sudan,Port Sudan,Sudan,SD,00,19.433611,37.234167,583,0,366755
PZY,Piestany,Piestany,Slovak Republic,SK,00,48.625278,17.828333,483,0,0
