City Code,Airport Name,City Name,Country,Ctry Code,IDD-Intl Dial,Latitude,Longitude,Area Code,CityGeoID,CtryGeoID
QBC,Bella Coola,Bella Coola  BC,Canada,CA,011,52.3875,-126.595833,906,0,6251999
QCE,Van Service,Copper Mountain,United States,US,011,49.3,-1.5,67,0,6252001
QCU,Heliport,Akunnaaq,Greenland,GL,00,68.75,-52.333333,975,0,3425505
QDM,Shek Mum,Shek Mum,Hong Kong,HK,001,22.183333,113.9,729,0,1819730
QDU,Station,Dusseldorf,Germany,DE,00,51.2075,6.773333,429,2934246,2921044
QFI,Heliport,Iginniarfik,Greenland,GL,00,68.7,-52.966667,975,0,3425505
QFK,Harbour,Selje,Norway,NO,00,62.049167,5.348056,465,0,3144096
QFQ,Harbour,Maloy,Norway,NO,00,61.929444,5.119167,465,3146487,3144096
QGQ,Heliport,Attu,Greenland,GL,00,67.933333,-53.583333,975,0,3425505
QGV,Neu Isenburg,Frankfurt,Germany,DE,00,49.683333,10.533333,429,2925535,2921044
QGY,Gyor-Per,Per,Hungary,HU,00,47.627222,17.808333,437,3046488,719819
QJI,Heliport,Ikamiut,Greenland,GL,00,72.233333,-55.05,975,0,3425505
QJV,Limousine Service,Skagen Z7,Denmark,DK,00,57.716667,10.533333,419,0,2623032
QKB,Van Service,Breckenridge,United States,US,011,-28.833333,22.616667,67,5414872,6252001
QLX,Lauterach,Lauterach,Austria,AT,00,47.483056,9.733056,403,2772827,2782113
QMK,Heliport,Niaqornaarsuk,Greenland,GL,00,67.333333,-53.8,975,0,3425505
QMM,Marina Di Massa,Marina Di Massa,Italy,IT,00,42.766667,10.233333,450,0,3175395
QMQ,Murzuq,Murzuq,Libya,LY,00,25.904444,13.897222,538,2214603,2215636
QMV,Montvale,Montvale,United States,US,011,43.866667,1.6,67,5101361,6252001
QNY,Marine Air Terminal,New York,United States,US,011,5.5,-70.483333,67,5128581,6252001
QOF,Darnitsa Bus Station,Kiev,Ukraine,UA,8-10,50.433333,30.516667,488,703448,690791
QOH,Hotel Rus Bus Station,Kiev,Ukraine,UA,8-10,50.433333,30.516667,488,703448,690791
QPG,Paya Lebar,Singapore,Singapore,SG,001,1.360556,103.909444,776,1880252,1880251
QPJ,Pecs-Pogany,Pecs,Hungary,HU,00,45.989167,18.242222,437,3046526,719819
QPW,Heliport,Kangaatsiaq,Greenland,GL,00,65.85,-53.316667,975,0,3425505
QRA,Rand/Germiston,Johannesburg,South Africa,ZA,00,-26.2425,28.151111,562,993800,953987
QRO,Queretaro,Queretaro,Mexico,MX,00,20.617222,-100.185556,148,3991164,3996063
QRW,Warri,Warri,Nigeria,NG,009,4.3,6.25,555,2319133,2328926
QRY,Heliport,Ikerasaarsuk,Greenland,GL,00,68.533333,-82.216667,975,0,3425505
QSF,Setif,Setif,Algeria,DZ,00,36.191389,5.409444,500,0,2589581
QSG,Sonderborg,Sonderborg,Denmark,DK,00,54.966667,9.783333,419,2613102,2623032
QUB,Ubari,Ubari,Libya,LY,00,26.6,12.768889,538,2219235,2215636
QUF,Pirita Harbour,Tallinn,Estonia,EE,00,59.715,24.710833,422,588409,453733
QUP,Heliport,Saqqaq,Greenland,GL,00,65.266667,-50.8,975,0,3425505
QVL,Victoria Island,Victoria Island,Nigeria,NG,009,6.423889,3.416944,555,0,2328926
QVY,Bus Station,Kouvola,Finland,FI,00,60.866667,26.7,425,650859,660013
QWF,Fort Collins Bus Servi,Fort Collins/Loveland,United States,US,011,19.833333,-72.5,67,5577147,6252001
QWG,Wilgrove Air Park,Charlotte  NC,United States,US,011,35.213889,-80.67,67,4988584,6252001
QWP,Van Service,Winter Park,United States,US,011,11.033333,3.65,67,4178560,6252001
QYW,Vieux Port,Cannes,France,FR,00,46.866667,3.65,427,3028808,3017382
