City Code,Airport Name,City Name,Country,Ctry Code,IDD-Intl Dial,Latitude,Longitude,Area Code,CityGeoID,CtryGeoID
RAA,Rakanda,Rakanda,Papua New Guinea,PG,05,-4.166667,152.466667,804,0,2088628
RAB,Tokua,Rabaul,Papua New Guinea,PG,05,-4.340556,152.379722,804,2087894,2088628
RAC,Horlick,Racine,United States,US,011,42.757778,-87.820833,67,5268249,6252001
RAD,Road Town,Tortola,Virgin Islands,VG,011,18.45,-64.6,282,0,3577718
RAE,Arar,Arar,Saudi Arabia,SA,00,30.966667,40.983333,670,0,102358
RAG,Raglan,Raglan,New Zealand,NZ,00,-37.8,174.883333,851,2183854,2186224
RAH,Rafha,Rafha,Saudi Arabia,SA,00,29.65,43.5,670,0,102358
RAI,Francisco Mendes,Praia,Cape Verde,CV,0,14.925278,-23.503056,507,3374333,3374766
RAJ,Civil,Rajkot,India,IN,00,22.316667,70.783333,733,1258847,1269750
RAK,Menara,Marrakech,Morocco,MA,00,31.606944,-8.036389,548,2542997,2542007
RAL,Riverside Municipal,Riverside,United States,US,011,33.95,-117.433333,67,5387877,6252001
RAM,Ramingining,Ramingining,Australia,AU,0011,-12,134.816667,802,0,2077456
RAN,La Spreta,Ravenna,Italy,IT,00,44.366667,12.216667,450,3169561,3175395
RAO,Leite Lopes,Ribeirao Preto,Brazil,BR,0014,-21.134167,-47.774167,316,3451328,3469034
RAP,Regional,Rapid City,United States,US,011,44.033333,-103.05,67,5768233,6252001
RAQ,Sugimanuru,Raha,Indonesia,ID,001,-4.85,122.716667,832,0,1643084
RAR,Rarotonga,Rarotonga,Cook Islands,CK,00,-21.2,-159.8,813,0,1899402
RAS,Rasht,Rasht,Iran,IR,00,37.333333,49.6,632,118743,130758
RAT,Raduzhnyi,Raduzhnyi,Russia,RU,8-10,62.15,77.333333,770,0,2017370
RAU,Rangpur,Rangpur,Bangladesh,BD,00,25.75,89.233333,703,1185188,1210997
RAV,Cravo Norte,Cravo Norte,Colombia,CO,005,6.316667,-70.183333,327,3685702,3686121
RAW,Arawa,Arawa,Papua New Guinea,PG,05,-6.366667,155.383333,804,2100633,2088628
RAX,Oram,Oram,Papua New Guinea,PG,05,-9.672222,148.033333,804,0,2088628
RAY,Heliport,Rothesay,United Kingdom,GB,00,55.85,-5.05,493,2639083,2635167
RAZ,Rawala Kot,Rawala Kot,Pakistan,PK,00,33.866667,73.766667,764,0,1168579
RBA,Sale,Rabat,Morocco,MA,00,34.05,-6.75,548,2538475,2542007
RBB,Borba,Borba,Brazil,BR,0014,-4.4,-59.583333,316,3405051,3469034
RBC,Robinvale,Robinvale,Australia,AU,0011,-34.65,142.783333,802,0,2077456
RBD,Redbird,Dallas,United States,US,011,7.716667,40.916667,67,5722064,6252001
RBE,Ratanakiri,Ratanakiri,Cambodia,KH,001,13.833333,107,709,0,1831722
RBF,Big Bear City Arpt,Big Bear,United States,US,011,34.266667,-116.85,67,0,6252001
RBG,Municipal,Roseburg,United States,US,011,43.233333,-123.35,67,5749352,6252001
RBH,Brooks Lodge,Brooks Lodge,United States,US,011,58.55,-155.8,67,0,6252001
RBI,Rabi,Rabi,Fiji,FJ,00,-17.033333,178.916667,821,0,2205218
RBJ,Rebun,Rebun,Japan,JP,001,45.383333,141.033333,736,0,1861060
RBK,French Valley,Rancho,United States,US,011,-14.333333,-66.5,67,0,6252001
RBL,Red Bluff Fss,Red Bluff,United States,US,011,40.15,-122.25,67,5570065,6252001
RBM,Wallmuhle,Straubing,Germany,DE,00,48.816667,12.566667,429,2826099,2921044
RBN,Fort Jefferson,Fort Jefferson,United States,US,011,19.833333,-72.5,67,0,6252001
RBO,Robore,Robore,Bolivia,BO,0010,-18.333333,-59.75,312,3444176,3923057
RBP,Rabaraba,Rabaraba,Papua New Guinea,PG,05,-9.983333,149.833333,804,0,2088628
RBQ,Rurrenabaque,Rurrenabaque,Bolivia,BO,0010,-14.45,-67.55,312,3906209,3923057
RBR,Pres. Medici,Rio Branco,Brazil,BR,0014,-10,-67.816667,316,3662574,3469034
RBS,Orbost,Orbost,Australia,AU,0011,-37.7,148.5,802,0,2077456
RBT,Marsabit,Marsabit,Kenya,KE,000,2.333333,37.983333,535,187585,192950
RBU,Roebourne,Roebourne,Australia,AU,0011,-20.766667,117.15,802,2062276,2077456
RBV,Ramata,Ramata,Solomon Islands,SB,00,58.05,25.1,874,0,2103350
RBW,Municipal,Walterboro,United States,US,011,32.9,-80.666667,67,4600065,6252001
RBY,Ruby,Ruby,United States,US,011,64.733333,-155.483333,67,0,6252001
RCA,Ellsworth Afb,Rapid City,United States,US,011,44.145,-103.103611,67,5768233,6252001
RCB,Richards Bay,Richards Bay,South Africa,ZA,00,-28.741111,32.092222,562,962367,953987
RCE,Roche Harbor,Roche Harbor,United States,US,011,48.616667,-123.116667,67,0,6252001
RCH,Riohacha,Riohacha,Colombia,CO,005,11.533333,-72.933333,327,3670745,3686121
RCK,Coffield,Rockdale,United States,US,011,30.65,-97,67,4907953,6252001
RCL,Redcliffe,Redcliffe,Vanuatu,VU,00,-15.483333,167.833333,885,0,2134431
RCM,Richmond,Richmond,Australia,AU,0011,-20.716944,143.116667,802,0,2077456
RCN,American River,American River,Australia,AU,0011,-35.783333,137.783333,802,0,2077456
RCO,Saint Agnant,Rochefort,France,FR,00,45.890556,-0.980556,427,2983276,3017382
RCP,Cinder River,Cinder River,United States,US,011,-4.733333,12.65,67,0,6252001
RCQ,Reconquista,Reconquista,Argentina,AR,00,-29.183333,-59.7,303,3429594,3865483
RCR,Fulton County,Rochester,United States,US,011,49.916667,-0.966667,67,5808524,6252001
RCS,Rochester,Rochester,United Kingdom,GB,00,51.35,0.5,493,2639268,2635167
RCT,Miller Field,Reed City,United States,US,011,43.9,-85.516667,67,5006946,6252001
RCU,Rio Cuarto,Rio Cuarto,Argentina,AR,00,-33.1,-64.266667,303,3838874,3865483
RCY,Rum Cay,Rum Cay,Bahamas,BS,011,23.65,-74.85,204,0,3572887
RDA,Rockhampton Downs,Rockhampton Downs,Australia,AU,0011,-18.95,135.2,802,0,2077456
RDB,Red Dog,Red Dog  Alaska,United States,US,011,68.032222,-162.899167,67,0,5879092
RDC,Redencao,Redencao,Brazil,BR,0014,-8.030278,-49.98,316,3390732,3469034
RDD,Redding,Redding,United States,US,011,40.5,-122.3,67,5570160,6252001
RDE,Merdey,Merdey,Indonesia,ID,001,-1.583333,133.333333,832,0,1643084
RDG,Municipal/Spaatz Fld,Reading,United States,US,011,40.383333,-75.966667,67,5207728,6252001
RDM,Roberts Field,Redmond,United States,US,011,44.25,-121.15,67,5808079,6252001
RDN,LTS Pulau Redang,Redang,Malaysia,MY,00,4.216667,101.966667,749,0,1733045
RDR,Grand Forks AFB,Red River,United States,US,011,58.4,-1.75,67,0,6252001
RDT,Richard Toll,Richard Toll,Senegal,SN,00,16.433333,-15.65,569,2246544,2245662
RDU,Raleigh-durham International Airport,Raleigh/Durham  NC,United States,US,011,35.877778,-78.7875,67,4487042,6252001
RDV,Red Devil,Red Devil,United States,US,011,61.833333,-157.333333,67,0,6252001
RDZ,Marcillac,Rodez,France,FR,00,44.366667,2.516667,427,2983154,3017382
REA,Reao,Reao,French Polynesia,PF,00,-19,-135.1,823,0,4020092
REB,Rechlin,Rechlin,Germany,DE,00,53.35,12.733333,429,2849717,2921044
REC,Guararapes Intl,Recife,Brazil,BR,0014,-8.125833,-34.923889,316,3390760,3469034
RED,Mifflin County,Reedsville,United States,US,011,40.683333,-77.616667,67,5268583,6252001
REE,Reese AFB,Lubbock,United States,US,011,-18.55,126.75,67,5525577,6252001
REG,Tito Menniti,Reggio Calabria,Italy,IT,00,38.066667,15.65,450,2523630,3175395
REH,Rehoboth Beach,Rehoboth Beach,United States,US,011,38.716667,-75.133333,67,4144284,6252001
REI,Regina,Regina,French Guiana,GF,00,4.316667,-52.133333,344,0,3381670
REL,Almirante Zar,Trelew,Argentina,AR,00,-43.210556,-65.270278,303,3833883,3865483
REN,Orenburg,Orenburg,Russian Federation,RU,8-10,51.783333,55.116667,770,515003,2017370
REO,State,Rome,United States,US,011,42.590556,-117.867222,67,5134295,6252001
REP,Siem Reap,Siem Reap,Cambodia,KH,001,13.416667,103.816667,709,1822214,1831722
RER,Base Aerea Del Sur,Retalhuleu,Guatemala,GT,00,14.533333,-91.683333,127,3590858,3595530
RES,Resistencia,Resistencia,Argentina,AR,00,-27.466667,-58.983333,303,3429577,3865483
RET,Stolport,Rost,Norway,NO,00,67.483333,12.083333,465,0,3144096
REU,Reus,Reus,Spain,ES,00,41.15,1.116667,482,3111933,2510769
REW,Rewa,Rewa,India,IN,00,24.533333,81.3,733,1258182,1269750
REX,Gen Lucio Blanco,Reynosa,Mexico,MX,00,26.066667,-98.266667,148,3520339,3996063
REY,Reyes,Reyes,Bolivia,BO,0010,-14.316667,-67.266667,312,3906478,3923057
RFA,Rafai,Rafai,Central African Republic,CF,00,4.988611,23.927778,509,236524,239880
RFD,Greater Rockford Airport,Rockford,United States,US,011,42.2,-89.1,67,5168451,6252001
RFG,Rooke Field,Refugio,United States,US,011,-41.066667,-72.466667,67,4722145,6252001
RFK,Rollang Field,Anguilla,United States,US,011,32.966667,-90.833333,67,0,6252001
RFN,Raufarhofn,Raufarhofn,Iceland,IS,00,66.416667,-15.916667,439,0,2629691
RFP,Raiatea,Raiatea,French Polynesia,PF,00,-16.716667,-151.45,823,0,4020092
RFR,Rio Frio,Rio Frio,Costa Rica,CR,00,10.333333,-83.883333,110,0,3624060
RGA,Rio Grande,Rio Grande,Argentina,AR,00,-53.783333,-67.766667,303,0,3865483
RGE,Porgera,Porgera,Papua New Guinea,PG,05,-5.5,143.083333,804,2088143,2088628
RGH,Balurghat,Balurghat,India,IN,00,25.216667,88.783333,733,1277508,1269750
RGI,Rangiroa,Rangiroa,French Polynesia,PF,00,-14.966667,-147.666667,823,0,4020092
RGL,Internacional,Rio Gallegos,Argentina,AR,00,-51.65,-69.2,303,3838859,3865483
RGN,Mingaladon,Yangon,Myanmar,MM,00,16.852778,96.133333,706,1298824,1327865
RGR,Ranger Municipal,Ranger,United States,US,011,32.466667,-98.683333,67,4721504,6252001
RGT,Japura,Rengat,Indonesia,ID,001,-0.4,102.333333,832,0,1643084
RHA,Reykholar,Reykholar,Iceland,IS,00,65.333333,-20.583333,439,0,2629691
RHD,Rio Hondo,Rio Hondo,Argentina,AR,00,-27.466667,-64.916667,303,0,3865483
RHE,Reims,Reims,France,FR,00,49.316667,4.066667,427,2984114,3017382
RHG,Ruhengeri,Ruhengeri,Rwanda,RW,00,-1.5,29.633333,566,201521,49518
RHI,Oneida County,Rhinelander,United States,US,011,45.633333,-89.45,67,5268720,6252001
RHL,Roy Hill,Roy Hill,Australia,AU,0011,-22.633333,119.966667,802,0,2077456
RHO,Diagoras,Rhodes,Greece,GR,00,36.400833,28.083889,433,400666,390903
RHP,Ramechhap,Ramechhap,Nepal,NP,00,27.333333,87.008333,755,0,1282988
RHV,Reid-hillview,San Jose,United States,US,011,22.916667,-80.883333,67,5392171,6252001
RIA,Base Aerea De Santa Maria,Santa Maria  Rs,Brazil,BR,0014,-29.683056,-53.691667,316,3450083,3469034
RIB,Gen Buech,Riberalta,Bolivia,BO,0010,-11.016667,-66.083333,312,3906466,3923057
RIC,Richmond International Airport,Richmond  VA,United States,US,011,37.5,-77.316667,67,5780388,6252001
RID,Richmond Municipal Airport,Richmond  IN,United States,US,011,39.757222,-84.842778,67,5780388,6252001
RIE,Rice Lake,Rice Lake,United States,US,011,45.5,-91.733333,67,5268798,6252001
RIF,Reynolds,Richfield,United States,US,011,38.75,-112.1,67,5545710,6252001
RIG,Rio Grande,Rio Grande,Brazil,BR,0014,-32.083333,-52.166667,316,3451138,3469034
RIJ,Rioja,Rioja,Peru,PE,00,-6.166667,-77.083333,368,3692863,3932488
RIL,Garfield County,Rifle,United States,US,011,39.516667,-107.716667,67,5436363,6252001
RIM,Rodriguez De Mendoza,Rodriguez De Mendoza,Peru,PE,00,-6.333333,-77.416667,368,0,3932488
RIN,Ringi Cove,Ringi Cove,Solomon Islands,SB,00,-8.2,157.033333,874,0,2103350
RIR,Riverside Fla-Bob,Riverside,United States,US,011,-29.666667,30.016667,67,5387877,6252001
RIS,Rishiri,Rishiri,Japan,JP,001,45.183333,141.25,736,0,1861060
RIT,Rio Tigre,Rio Tigre,Panama,PA,00,9.25,-78.5,162,0,3703433
RIV,March ARB,Riverside,United States,US,011,33.880833,-117.259444,67,5387877,6252001
RIW,Riverton Regional,Riverton  WY,United States,US,011,43.064167,-108.459722,67,5836665,6252001
RIX,Riga International,Riga,Latvia,LV,00,56.923611,23.971111,451,456172,458258
RIY,Riyan Mukalla,Riyan Mukalla,Yemen,YE,00,14.65,49.333333,694,0,69543
RIZ,Rio Alzucar,Rio Alzucar,Panama,PA,00,9.383333,-78.8,162,0,3703433
RJA,Rajahmundry,Rajahmundry,India,IN,00,16.983333,81.783333,733,1258932,1269750
RJB,Rajbiraj,Rajbiraj,Nepal,NP,00,26.516667,86.733333,755,1282884,1282988
RJH,Rajshahi,Rajshahi,Bangladesh,BD,00,24.416667,88.508333,703,1185128,1210997
RJI,Rajouri,Rajouri,India,IN,00,33.368611,74.3025,733,0,1269750
RJK,Rijeka,Rijeka,Croatia,HR,00,45.333333,14.591667,415,3191749,3202326
RJL,Agoncillo,Logrono,Spain,ES,00,-29.5,-61.7,482,3118150,2510769
RJN,Rafsanjan,Rafsanjan,Iran,IR,00,30.297778,56.051111,632,118994,130758
RKC,Yreka,Yreka,United States,US,011,41.733333,-122.633333,67,5574093,6252001
RKD,Knox County Regional,Rockland,United States,US,011,44.066667,-69.1,67,4948924,6252001
RKE,Roskilde Airport,Copenhagen,Denmark,DK,00,55.583333,12.133333,419,2618425,2623032
RKH,Rock Hill,Rock Hill,United States,US,011,34.933333,-81.016667,67,5134115,6252001
RKI,Rokot,Rokot,Indonesia,ID,001,-0.95,100.75,832,0,1643084
RKO,Sipora,Sipora,Indonesia,ID,001,-2.083333,99.683333,832,0,1643084
RKP,Aransas County,Rockport,United States,US,011,28.083333,-97.033333,67,4976817,6252001
RKR,Robert S Kerr,Poteau,United States,US,011,35.05,-94.616667,67,4548363,6252001
RKS,Sweetwater County,Rock Springs,United States,US,011,41.6,-109.066667,67,5836898,6252001
RKT,Ras Al Khaimah,Ras Al Khaimah,United Arab Emirates,AE,00,25.613611,55.938889,678,291074,290557
RKU,Kairuku,Yule Island,Papua New Guinea,PG,05,-8.816667,146.516667,804,0,2088628
RKV,Keflavik,Reykjavik,Iceland,IS,00,64.13,-21.940556,439,3413829,2629691
RKW,Municipal,Rockwood,United States,US,011,35.916667,-84.683333,67,5007451,6252001
RKY,Rokeby,Rokeby,Australia,AU,0011,-13.65,142.616667,802,0,2077456
RLA,National,Rolla,United States,US,011,38.133333,-91.783333,67,5061159,6252001
RLD,Richland,Richland,United States,US,011,46.3,-119.3,67,5808276,6252001
RLG,Laage,Rostock-laage,Germany,DE,00,54.118333,12.125278,429,0,2921044
RLO,Valle Del Conlara,Merlo,Argentina,AR,00,-32.35,-65.033333,303,0,3865483
RLP,Rosella Plains,Rosella Plains,Australia,AU,0011,-18.433333,144.466667,802,0,2077456
RLT,Arlit,Arlit,Niger,NE,00,18.783333,7.366667,554,0,2440476
RLU,Bornite Upper,Bornite,United States,US,011,67.1,-156.933333,67,0,6252001
RMA,Roma,Roma,Australia,AU,0011,-26.55,148.766667,802,2151187,2077456
RMB,Buraimi,Buraimi,Oman,OM,00,24.25,55.783333,658,289317,286963
RMC,Machesney,Rockford,United States,US,011,-32.85,24.166667,67,5168451,6252001
RMD,Ramagundam,Ramagundam,India,IN,00,18.766667,79.4,733,0,1269750
RME,Griffiss AFB,Rome  NY,United States,US,011,43.233889,-75.406944,67,5134295,6252001
RMF,Marsa Alam Intl,Marsa Alam,Egypt,EG,00,25.557222,34.583611,591,0,357994
RMG,Richard B Russell,Rome,United States,US,011,34.35,-85.166667,67,5134295,6252001
RMI,Miramare,Rimini,Italy,IT,00,44.016667,12.6,450,3169361,3175395
RMK,Renmark,Renmark,Australia,AU,0011,-34.2,140.683333,802,0,2077456
RMN,Rumginae,Rumginae,Papua New Guinea,PG,05,-5.883333,141.266667,804,0,2088628
RMP,Rampart,Rampart,United States,US,011,65.5,-150.15,67,0,6252001
RMQ,Chingchuankang,Taichung,Taiwan,TW,002,23.488056,121.12,781,0,1668284
RMS,Ramstein,Ramstein,Germany,DE,00,49.45,7.55,429,2850536,2921044
RNA,Ulawa Airport,Arona,Solomon Islands,SB,00,-19.3,44.816667,874,0,2103350
RNB,Kallinge,Ronneby,Sweden,SE,00,56.266667,15.266667,484,2681825,2661886
RNC,Warren County,Mcminnville,United States,US,011,-24.016667,132.25,67,5739936,6252001
RND,Randolph AFB,San Antonio,United States,US,011,6.233333,-76.733333,67,4726206,6252001
RNE,Renaison,Roanne,France,FR,00,46.016667,4.016667,427,2983362,3017382
RNG,Rangely,Rangely,United States,US,011,40.094722,-108.760556,67,5581213,6252001
RNH,Municipal,New Richmond,United States,US,011,45.116667,-92.533333,67,5264475,6252001
RNI,Corn Island,Corn Island,Nicaragua,NI,00,12.083333,-83.066667,153,3620266,3617476
RNJ,Yoronjima,Yoronjima,Japan,JP,001,27.033333,128.433333,736,0,1861060
RNL,Rennell,Rennell,Solomon Islands,SB,00,-11.666667,160.3,874,0,2103350
RNN,Bornholm,R��nne,Denmark,DK,00,55.066667,14.75,419,2614553,2623032
RNO,Reno-Tahoe International,Reno  NV,United States,US,011,39.499167,-119.768056,67,5511077,6252001
RNP,Rongelap Island,Rongelap Island,Marshall Islands,MH,011,11.15,166.883333,844,0,2080185
RNR,Robinson River,Robinson River,Papua New Guinea,PG,05,-10.15,148.816667,804,0,2088628
RNS,St Jacques,Rennes,France,FR,00,48.066667,-1.733333,427,2983990,3017382
RNT,Renton,Renton  WA,United States,US,011,47.493056,-122.215833,67,5808189,6252001
RNU,Ranau,Ranau,Malaysia,MY,00,5.95,116.666667,749,1733502,1733045
RNZ,Rensselaer,Rensselaer,United States,US,011,40.95,-87.15,67,5133667,6252001
ROA,Roanoke Regional Airport,Roanoke,United States,US,011,37.316667,-79.983333,67,4925483,6252001
ROB,Roberts Intl,Monrovia,Liberia,LR,00,6.252778,-10.35,537,2274895,2275384
ROC,Greater Rochester International,Rochester  NY,United States,US,011,43.118889,-77.6725,67,5808524,6252001
ROD,Robertson,Robertson,South Africa,ZA,00,-33.766667,19.833333,562,0,953987
ROG,Rogers,Rogers,United States,US,011,36.333333,-94.116667,67,5043608,6252001
ROH,Robinhood,Robinhood,Australia,AU,0011,-18.85,143.7,802,0,2077456
ROI,Roi Et Airport,Roi Et,Thailand,TH,001,16.066667,103.65,782,1607001,1605651
ROK,Rockhampton,Rockhampton,Australia,AU,0011,-23.381944,150.475278,802,2151437,2077456
ROL,Roosevelt,Roosevelt,United States,US,011,40.3,-109.983333,67,5780699,6252001
RON,Rondon,Rondon,Colombia,CO,005,6.3,-71.083333,327,3671337,3686121
ROO,Rondonopolis,Rondonopolis,Brazil,BR,0014,-16.433333,-54.716667,316,3450909,3469034
ROP,Rota,Rota,Northern Mariana Islands,MP,011,14.166667,145.25,5,0,4041468
ROR,Babelthuap/Koror,Koror,Palau,PW,011,7.367222,134.544167,5,0,1559582
ROS,Fisherton,Rosario,Argentina,AR,00,-32.833333,-60.716667,303,3838583,3865483
ROT,Rotorua,Rotorua,New Zealand,NZ,00,-38.15,176.266667,851,6241325,2186224
ROU,Rousse,Rousse,Bulgaria,BG,00,43.833333,25.983333,411,727523,732800
ROV,Rostov,Rostov,Russian Federation,RU,8-10,47.333333,39.7,770,501183,2017370
ROW,Industrial,Roswell,United States,US,011,33.416667,-104.55,67,5488441,6252001
ROY,Rio Mayo,Rio Mayo,Argentina,AR,00,-45.719444,-70.251389,303,0,3865483
RPA,Rolpa,Rolpa,Nepal,NP,00,28.7,82.65,755,0,1282988
RPB,Roper Bar,Roper Bar,Australia,AU,0011,-14.75,134.55,802,0,2077456
RPM,Ngukurr,Ngukurr,Australia,AU,0011,-14.833333,134.916667,802,0,2077456
RPN,Rosh Pina,Rosh Pina,Israel,IL,00,32.983333,35.566667,636,0,294640
RPR,Raipur,Raipur,India,IN,00,21.183333,81.733333,733,1258980,1269750
RPV,Roper Valley,Roper Valley,Australia,AU,0011,-15.033333,134.033333,802,0,2077456
RPX,Roundup,Roundup,United States,US,011,46.433333,-108.533333,67,5674878,6252001
RRA,Ronda,Ronda,Spain,ES,00,36.733333,-5.166667,482,2511730,2510769
RRE,Marree,Marree,Australia,AU,0011,-29.65,138.066667,802,0,2077456
RRG,Rodrigues Is,Rodrigues Is,Mauritius,MU,020,-19.733333,63.433333,546,0,934292
RRI,Barora,Barora,Solomon Islands,SB,00,-7.6,158.4,874,0,2103350
RRK,Rourkela,Rourkela,India,IN,00,22.266667,84.816667,733,0,1269750
RRL,Municipal,Merrill,United States,US,011,-34.683333,149.216667,67,5262680,6252001
RRM,Marromeu,Marromeu,Mozambique,MZ,00,-18.290833,35.945278,550,0,1036973
RRN,Serra Norte,Serra Norte,Brazil,BR,0014,-6,-50.3,316,0,3469034
RRO,Sorrento,Naples,Italy,IT,00,40.616667,14.366667,450,3172394,3175395
RRS,Roros,Roros,Norway,NO,00,62.583333,11.35,465,3141332,3144096
RRT,Warroad,Warroad,United States,US,011,-28.05,117.533333,67,5051893,6252001
RRV,Robinson River,Robinson River,Australia,AU,0011,-16.75,136.916667,802,0,2077456
RSA,Santa Rosa,Santa Rosa,Argentina,AR,00,-36.616667,-64.283333,303,3835994,3865483
RSB,Roseberth,Roseberth,Australia,AU,0011,-25.783333,139.616667,802,0,2077456
RSD,S Eleuthera,Rock Sound,Bahamas,BS,011,24.95,-76.083333,204,3571592,3572887
RSE,Rose Bay,Sydney,Australia,AU,0011,-33.866667,151.266667,802,2147714,2077456
RSG,Serra Pelada,Serra Pelada,Brazil,BR,0014,-5.95,-49.65,316,0,3469034
RSH,Russian SPB,Russian Mission,United States,US,011,61.783333,-161.333333,67,0,6252001
RSI,Rio Sidra,Rio Sidra,Panama,PA,00,9.316667,-79.283333,162,0,3703433
RSJ,Rosario SPB,Rosario,United States,US,011,48.633333,-122.85,67,0,6252001
RSK,Ransiki,Ransiki,Indonesia,ID,001,-1.5,134.25,832,0,1643084
RSL,Russell,Russell,United States,US,011,38.883333,-98.85,67,4949204,6252001
RSN,Ruston,Ruston,United States,US,011,32.516667,-92.616667,67,4339348,6252001
RSP,Raspberry Strait,Raspberry Strait,United States,US,011,58.166667,-154.833333,67,0,6252001
RSS,Roseires,Roseires,Sudan,SD,00,11.783333,34.4,583,0,366755
RST,International,Rochester,United States,US,011,43.908333,-92.5,67,5808524,6252001
RSU,Yeosu,Yeosu,Korea,KR,00,34.733333,127.766667,778,0,1835841
RSW,Southwest Florida Reg,Fort Myers,United States,US,011,26.542222,-81.755278,67,4155995,6252001
RSX,Rouses Point,Rouses Point,United States,US,011,44.984722,-73.352222,67,5134565,6252001
RTA,Rotuma Island,Rotuma Island,Fiji,FJ,00,-12.5,177.083333,821,0,2205218
RTB,Roatan,Roatan,Honduras,HN,00,16.316944,-86.523056,131,3602736,3608932
RTC,Ratnagiri,Ratnagiri,India,IN,00,17,73.316667,733,1258338,1269750
RTD,Rotunda,Rotunda,United States,US,011,26.866667,-82.266667,67,0,6252001
RTE,Marguerite Bay,Marguerite Bay,United States,US,011,55.7,-131.633333,67,0,6252001
RTG,Ruteng,Ruteng,Indonesia,ID,001,-8.6,120.45,832,1629380,1643084
RTI,Roti,Roti,Indonesia,ID,001,-10.483333,123.366667,832,0,1643084
RTL,Spirit Lake,Spirit Lake,United States,US,011,43.416667,-95.1,67,5608388,6252001
RTM,Rotterdam Zestienhoven,Rotterdam,Netherlands,NL,00,51.956944,4.437222,461,2747891,2750405
RTN,Crews Field,Raton,United States,US,011,36.733333,-104.5,67,5486795,6252001
RTP,Rutland Plains,Rutland Plains,Australia,AU,0011,-15.6,141.833333,802,0,2077456
RTS,Rottnest Island,Rottnest Island,Australia,AU,0011,-32,115.533333,802,0,2077456
RTW,Saratov,Saratov,Russian Federation,RU,8-10,51.565,46.046667,770,498677,2017370
RTY,Merty,Merty,Australia,AU,0011,-29,138.733333,802,0,2077456
RUA,Arua,Arua,Uganda,UG,000,3.05,30.9,590,235039,226074
RUG,Rugao,Rugao,China,CN,00,32.388333,120.555278,713,0,1814991
RUH,King Khaled Intl,Riyadh,Saudi Arabia,SA,00,24.957778,46.698889,670,108410,102358
RUI,Municipal,Ruidoso,United States,US,011,33.416667,-105.583333,67,5488598,6252001
RUK,Rukumkot,Rukumkot,Nepal,NP,00,28.95,82.266667,755,0,1282988
RUM,Rumjatar,Rumjatar,Nepal,NP,00,27.333333,86.55,755,0,1282988
RUN,Gillot,St Denis de la Reunion,Reunion,RE,00,-20.883333,55.533333,563,0,935317
RUP,Rupsi,Rupsi,India,IN,00,26.15,89.916667,733,0,1269750
RUR,Rurutu,Rurutu,French Polynesia,PF,00,-22.433333,-151.333333,823,0,4020092
RUS,Marau Sound,Marau Sound,Solomon Islands,SB,00,-9.866667,160.833333,874,0,2103350
RUT,Rutland,Rutland,United States,US,011,43.533333,-72.95,67,5240509,6252001
RUU,Ruti,Ruti,Papua New Guinea,PG,05,-5.3,144.25,804,0,2088628
RUV,Rubelsanto,Rubelsanto,Guatemala,GT,00,15.833333,-90.333333,127,0,3595530
RUY,Copan,Copan,Honduras,HN,00,14.833333,-89.133333,131,3613230,3608932
RVA,Farafangana,Farafangana,Madagascar,MG,00,-22.8,47.833333,541,1065158,1062947
RVC,Rivercess,Rivercess,Liberia,LR,00,5.466667,-9.583333,537,0,2275384
RVD,Rio Verde,Rio Verde,Brazil,BR,0014,-17.833333,-50.955278,316,3451051,3469034
RVE,Los Colonizadores,Saravena,Colombia,CO,005,6.951944,-71.857222,327,0,3686121
RVH,Rzhevka,St Petersburg,Russian Federation,RU,8-10,59.983333,30.6,770,498817,2017370
RVK,Ryumsjoen,Roervik,Norway,NO,00,64.85,11.233333,465,0,3144096
RVN,Rovaniemi,Rovaniemi,Finland,FI,00,66.561667,25.830833,425,638936,660013
RVO,Reivilo,Reivilo,South Africa,ZA,00,-27.6,24.133333,562,0,953987
RVR,Green River,Green River,United States,US,011,38.966667,-110.25,67,5826559,6252001
RVT,Ravensthorpe,Ravensthorpe,Australia,AU,0011,45.983333,16.483333,802,0,2077456
RVV,Raivavae,Rairua,French Polynesia,PF,00,-23.866667,-1.683333,823,0,4020092
RVY,Rivera,Rivera,Uruguay,UY,00,-31.033333,-55.616667,385,3440781,3439705
RWB,Rowan Bay,Rowan Bay,United States,US,011,56.75,-134.133333,67,0,6252001
RWF,Redwood Falls Muni,Redwood Falls,United States,US,011,44.533333,-95.116667,67,5042832,6252001
RWI,Rocky Mount-wilson,Rocky Mount ,United States,US,011,35.856389,-77.891944,67,4782691,6252001
RWL,Rawlins,Rawlins,United States,US,011,41.8,-107.2,67,5836068,6252001
RWN,Rovno,Rovno,Ukraine,UA,8-10,50.6,26.15,488,695594,690791
RWS,Sumare,Sumare,Brazil,BR,0014,-22.8,-47.283333,316,3447259,3469034
RXA,Raudha,Raudha,Yemen,YE,00,14.45,47.283333,694,0,69543
RXS,Roxas City,Roxas City,Philippines,PH,00,11.516667,122.75,766,1691444,1694008
RYB,Rybinsk,Rybinsk,Russia,RU,8-10,58.099444,38.9175,770,500004,2017370
RYK,Rahim Yar Khan,Rahim Yar Khan,Pakistan,PK,00,28.4,70.283333,764,0,1168579
RYN,Medis,Royan,France,FR,00,45.633333,-0.966667,427,2982343,3017382
RYO,Rio Turbio,Rio Turbio,Argentina,AR,00,-51.6,-72.216667,303,0,3865483
RZA,Santa Cruz,Santa Cruz,Argentina,AR,00,-50.033333,-68.583333,303,0,3865483
RZE,Jasionka,Rzeszow,Poland,PL,0-0,50.043333,22.016667,467,759734,798544
RZH,Quartz Hill,Lancaster,United States,US,011,34.666667,-118,67,5364940,6252001
RZN,Ryazan,Ryazan,Russian Federation,RU,8-10,54.641389,39.569444,770,500096,2017370
RZP,CLR Airport,Taytay Sandoval,Philippines,PH,00,10.816667,119.516667,766,0,1694008
RZR,Ramsar,Ramsar,Iran,IR,00,36.666667,50.75,632,0,130758
RZS,Sawan,Sawan,Pakistan,PK,00,33.640278,73.856944,764,0,1168579
RZZ,Halifax County,Roanoke Rapids,United States,US,011,36.466667,-77.666667,67,4488232,6252001
