City Code,Airport Name,City Name,Country,Ctry Code,IDD-Intl Dial,Latitude,Longitude,Area Code,CityGeoID,CtryGeoID
JAA,Jalalabad,Jalalabad,Afghanistan,AF,00,34.4,70.5,701,1139715,1149361
JAB,Jabiru,Jabiru,Australia,AU,0011,-10.216667,132.566667,802,0,2077456
JAC,Jackson Hole,Jackson,United States,US,011,43.6,-110.733333,67,5828648,6252001
JAD,Jandakot,Perth,Australia,AU,0011,-32.0975,115.881111,802,2063523,2077456
JAE,Technology Park,Atlanta,United States,US,011,9.716667,-82.983333,67,4883772,6252001
JAF,Kankesanturai,Jaffna,Sri Lanka,LK,00,9.783333,80.066667,711,1242833,1227603
JAG,Jacobabad,Jacobabad,Pakistan,PK,00,28.283333,68.433333,764,1176515,1168579
JAH,Agora Helipad,Aubagne,France,FR,00,43.283333,5.6,427,3036433,3017382
JAI,Sanganeer,Jaipur,India,IN,00,26.816667,75.8,733,1269515,1269750
JAJ,Perimeter Mall,Atlanta,United States,US,011,9.716667,-82.983333,67,4883772,6252001
JAK,Jacmel,Jacmel,Haiti,HT,00,18.25,-72.516667,238,3723779,3723988
JAL,Jalapa,Jalapa,Mexico,MX,00,19.583333,-96.833333,148,3803064,3996063
JAM,Jambol,Jambol,Bulgaria,BG,00,42.516667,26.483333,411,725578,732800
JAN,Jackson-evers,Jackson,United States,US,011,32.311111,-90.075833,67,5828648,6252001
JAO,Beaver Ruin,Atlanta,United States,US,011,9.716667,-82.983333,67,4883772,6252001
JAP,Punta Renes,Punta Renes,Costa Rica,CR,00,10.95,-85.85,110,0,3624060
JAQ,Jacquinot Bay,Jacquinot Bay,Papua New Guinea,PG,05,-5.6,151.516667,804,0,2088628
JAR,Jahrom,Jahrom,United States,US,011,34.133333,-118.016667,67,0,6252001
JAS,County,Jasper,United States,US,011,30.916667,-94.016667,67,4700731,6252001
JAT,Jabot,Jabot,Marshall Islands,MH,011,7,168.983333,844,0,2080185
JAU,Jauja,Jauja,Peru,PE,00,-11.8,-75.5,368,3937733,3932488
JAV,Ilulissat,Ilulissat,Greenland,GL,00,69.25,-51,975,3423146,3425505
JAX,Jacksonville ,Jacksonville  FL,United States,US,011,30.416667,-81.633333,67,5733409,6252001
JBC,Boston City Heliport,Boston,United States,US,011,42.343889,-71.049444,67,4930956,6252001
JBK,Berkeley,Berkeley,United States,US,011,37.95,-122.3,67,5327684,6252001
JBP,Commerce Bus. Plaza,Los Angeles,United States,US,011,33.986667,-118.159722,67,5368361,6252001
JBR,Jonesboro,Jonesboro,United States,US,011,35.833333,-90.65,67,4922150,6252001
JBS,Hacienda Bus.Park H/P,Pleasanton,United States,US,011,37.699722,-121.9,67,5383777,6252001
JBT,City Landing,Bethel,United States,US,011,60.8,-161.766667,67,5880568,6252001
JCA,Croisette Heliport,Cannes,France,FR,00,43.552778,7.016667,427,3028808,3017382
JCB,Joacaba,Joacaba,Brazil,BR,0014,-27.166667,-51.516667,316,3459869,3469034
JCC,China Basin Heliport,San Francisco,United States,US,011,-38.7,-60.016667,67,5391959,6252001
JCE,Convention Center H/P,Oakland,United States,US,011,-17.916667,142.05,67,5378538,6252001
JCH,Qasigiannguit,Qasigiannguit,Greenland,GL,00,68.833333,-51,975,3420768,3425505
JCI,New Century Aircenter Airport,Olathe  KS,United States,US,011,38.830833,-94.890278,67,5433349,6252001
JCJ,Chuja Heliport,Jeju,Korea,KR,00,35.173889,128.383889,778,1846266,1835841
JCK,Julia Creek,Julia Creek,Australia,AU,0011,-20.583333,141.7,802,0,2077456
JCM,Jacobina,Jacobina,Brazil,BR,0014,-11.183333,-40.516667,316,3460344,3469034
JCN,Heliport,Incheon,Korea,KR,00,37.472222,126.608333,778,0,1835841
JCO,Heliport,Comino,Malta,MT,00,36.016667,14.333333,456,0,2562770
JCR,Jacareacanga,Jacareacanga,Brazil,BR,0014,-6.233611,-57.768333,316,3397763,3469034
JCT,Kimble County,Junction,United States,US,011,30.483333,-99.766667,67,4701791,6252001
JCU,Ceuta Heliport,Ceuta,Spain,ES,00,4.75,-74.233333,482,6362987,2510769
JCY,Johnson,Johnson,United States,US,011,32.333333,-97.333333,67,5445688,6252001
JDA,John Day,John Day,United States,US,011,44.416667,-118.95,67,5733770,6252001
JDB,Downtown Heliport,Dallas,United States,US,011,32.766667,-97.316667,67,5722064,6252001
JDF,Francisco De Assis,Juiz De Fora,Brazil,BR,0014,-21.75,-43.333333,316,3459505,3469034
JDH,Jodhpur,Jodhpur,India,IN,00,26.25,73.05,733,1268866,1269750
JDM,Downtown Heliport,Miami,United States,US,011,10.016667,-73.65,67,5304640,6252001
JDN,Jordan,Jordan,United States,US,011,47.316667,-106.916667,67,5122893,6252001
JDO,Regional Do Cariri,Juazeiro Do Norte,Brazil,BR,0014,-7.218056,-39.270556,316,3397147,3469034
JDP,Heliport De Paris,Paris,France,FR,00,-44.066667,-70.483333,427,2988507,3017382
JDT,Downtown Heliport,Minneapolis,United States,US,011,8.316667,40.033333,67,5037649,6252001
JDY,Heliport,Downey,United States,US,011,33.956389,-118.120556,67,5343858,6252001
JDZ,Jingdezhen,Jingdezhen,China,CN,00,29.266667,117.183333,713,1805680,1814991
JED,King Abdulaziz International,Jeddah,Saudi Arabia,SA,00,21.679444,39.156667,670,105343,102358
JEE,Jeremie,Jeremie,Haiti,HT,00,18.666667,-74.166667,238,3723593,3723988
JEF,Memorial,Jefferson City  MO,United States,US,011,38.591111,-92.039444,67,4632959,6252001
JEG,Aasiaat,Aasiaat,Greenland,GL,00,68.721944,-52.784722,975,3424901,3425505
JEJ,Jeh,Jeh,Marshall Islands,MH,011,7.583333,168.916667,844,0,2080185
JEM,Heliport,Emeryville,United States,US,011,37.95,-122.336111,67,5346462,6252001
JEQ,Jequie,Jequie,Brazil,BR,0014,-13.85,-40.083333,316,3459943,3469034
JER,Jersey,Jersey,United Kingdom,GB,00,49.208056,-2.195556,493,0,2635167
JEV,Heliport,Evry,France,FR,00,48.616667,2.416667,427,0,3017382
JFK,John F Kennedy Intl,New York,United States,US,011,40.633333,-73.783333,67,5128581,6252001
JFM,Heliport,Fremantle,Australia,AU,0011,-32.043333,115.739444,802,0,2077456
JFN,Ashtabula,Jefferson,United States,US,011,41.733333,-80.766667,67,5733532,6252001
JFR,Frederikshab,Paamiut,Greenland,GL,00,62,-49.65,975,3421193,3425505
JGA,Govardhanpur,Jamnagar,India,IN,00,22.466667,70,733,1269317,1269750
JGB,Jagdalpur,Jagdalpur,India,IN,00,19.066667,82.033333,733,1269578,1269750
JGC,Heliport,Grand Canyon,United States,US,011,35.975,-112.140278,67,0,6252001
JGE,Heliport,Geoje,Korea,KR,00,34.907778,128.686944,778,0,1835841
JGL,Galleria Heliport,Atlanta,United States,US,011,33.885,-84.462778,67,4883772,6252001
JGN,Jiayuguan,Jiayuguan,China,CN,00,39.75,98.25,713,1280957,1814991
JGO,Qeqertarsuaq,Qeqertarsuaq,Greenland,GL,00,69.25,-53.55,975,0,3425505
JGR,Heliport,Groennedal,Greenland,GL,00,61.233333,-48.1,975,0,3425505
JGX,Heliport,Glendale,United States,US,011,34.133333,-118.266667,67,5423075,6252001
JHB,Sultan Ismail Intl,Johor Bahru,Malaysia,MY,00,1.45,103.75,749,1732752,1733045
JHC,Island Heliport,Garden City,United States,US,011,40.744444,-73.608333,67,5593814,6252001
JHE,Heliport,Angelholm/Helsingborg,Sweden,SE,00,56.05,12.7,484,2725901,2661886
JHG,Gasa,Jinghong,China,CN,00,22.016667,100.8,713,1785710,1814991
JHM,Kapalua West Maui,Lahaina,United States,US,011,20.963056,-156.673056,67,5849996,6252001
JHQ,Shute Harbour H/P,Shute Harbour,Australia,AU,0011,-20.283333,148.75,802,0,2077456
JHS,Sisimiut,Sisimiut,Greenland,GL,00,66.933333,-53.7,975,3419842,3425505
JHW,Jamestown,Jamestown,United States,US,011,42.15,-79.25,67,5360382,6252001
JHY,Hyatt Regency H/P,Cambridge,United States,US,011,42.366667,-71.102778,67,5247533,6252001
JIA,Juina,Juina,Brazil,BR,0014,-11.5,-58.883333,316,0,3469034
JIB,Ambouli,Djibouti,Djibouti,DJ,00,11.55,43.166667,525,223817,223818
JID,City Of Industry H/P,Los Angeles,United States,US,011,34.027222,-117.958333,67,5368361,6252001
JIJ,Jigiga,Jijiga,Ethiopia,ET,00,9.666667,38.75,522,333795,337996
JIK,Ikaria,Ikaria Island,Greece,GR,00,37.682778,26.346944,433,0,390903
JIL,Jilin,Jilin,China,CN,00,43.866667,126.65,713,2036502,1814991
JIM,Jimma,Jimma,Ethiopia,ET,00,7.666667,36.883333,522,333772,337996
JIN,Jinja,Jinja,Uganda,UG,000,0.45,33.2,590,233114,226074
JIO,Intl Heliport,Ontario,United States,US,011,-11.283333,-74.433333,67,5744166,6252001
JIP,Jipijapa,Jipijapa,Ecuador,EC,00,-1.333333,-80.675,337,3655446,3658394
JIR,Jiri,Jiri,Nepal,NP,00,27.633333,86.233333,755,0,1282988
JIU,Jiujiang,Jiujiang,China,CN,00,29.733333,115.983333,713,1805179,1814991
JIW,Jiwani,Jiwani,Pakistan,PK,00,25.083333,61.816667,764,1175712,1168579
JJI,Juanjui,Juanjui,Peru,PE,00,-7.15,-76.716667,368,3696057,3932488
JJN,Jinjiang,Jinjiang,China,CN,00,24.9,118.583333,713,1805505,1814991
JJU,Heliport,Qaqortoq,Greenland,GL,00,60.75,-46,975,3420846,3425505
JKG,Axamo,Jonkoping,Sweden,SE,00,57.7575,14.068611,484,2702979,2661886
JKH,Chios,Chios,Greece,GR,00,38.335278,26.134722,433,259973,390903
JKR,Janakpur,Janakpur,Nepal,NP,00,26.733333,85.933333,755,1283318,1282988
JKT,Soekarno-hatta Intl,Jakarta,Indonesia,ID,001,6.133333,106.666667,832,1642911,1643084
JKV,Cherokee County,Jacksonville  TX,United States,US,011,31.869444,-95.2175,67,5733409,6252001
JLA,Quartz Creek,Cooper Lodge,United States,US,011,60.483333,-149.85,67,0,6252001
JLB,Heliport,Long Beach,United States,US,011,-53.2,73.483333,67,5801520,6252001
JLD,Heliport,Landskrona,Sweden,SE,00,56.305556,12.85,484,2697720,2661886
JLH,US Army Heliport,Arlington Heights,United States,US,011,-6.3,155.833333,67,5785858,6252001
JLN,Joplin Regional,Joplin  MO,United States,US,011,37.151944,-94.498333,67,4392768,6252001
JLO,Jesolo,Jesolo,Italy,IT,00,45.5,12.6,450,3175627,3175395
JLP,Juan Les Pins,Juan Les Pins,France,FR,00,43.566667,7.1,427,0,3017382
JLR,Jabalpur,Jabalpur,India,IN,00,23.183333,80.083333,733,1269633,1269750
JMB,Jamba,Jamba,Angola,AO,00,-14.700278,16.083333,502,0,3351879
JMC,Marin County,Sausalito  CA,United States,US,011,37.879167,-122.513611,67,5393611,6252001
JMD,Market Centre H/P,Dallas,United States,US,011,7.716667,40.916667,67,5722064,6252001
JMH,Marriott Heliport,Schaumburg,United States,US,011,42.033333,-88.083333,67,4910713,6252001
JMK,Mikonos,Mikonos,Greece,GR,00,37.433333,25.35,433,257056,390903
JMM,Malmo Harbour Heliport,Malmo,Sweden,SE,00,11.383333,8.283333,484,2692969,2661886
JMN,Municipal Heliport,Mankato,United States,US,011,44.168889,-93.995,67,5036420,6252001
JMO,Jomsom,Jomsom,Nepal,NP,00,28.783333,83.733333,755,0,1282988
JMS,Jamestown,Jamestown,United States,US,011,46.933333,-98.683333,67,5360382,6252001
JMU,Jiamusi,Jiamusi,China,CN,00,46.833333,130.35,713,2036581,1814991
JMY,Mammy Yoko Heliport,Freetown,Sierra Leone,SL,00,8.49,-13.234167,571,2409306,2403846
JNA,Januaria,Januaria,Brazil,BR,0014,-15.473889,-44.385556,316,3460148,3469034
JNB,Oliver Reginald Tambo International,Johannesburg,South Africa,ZA,00,-26.139167,28.246111,562,993800,953987
JNG,Jining,Jining,China,CN,00,41.0275,113.105833,713,2036458,1814991
JNH,North Park Inn H/P,Dallas,United States,US,011,7.716667,40.916667,67,5722064,6252001
JNI,Junin,Junin,Argentina,AR,00,-34.583333,-60.966667,303,3853354,3865483
JNN,Nanortalik,Nanortalik,Greenland,GL,00,60.15,-45.216667,975,3421765,3425505
JNP,Heliport,Newport Beach,United States,US,011,33.6,-117.883333,67,5376890,6252001
JNS,Heliport,Narsaq,Greenland,GL,00,61.033333,-45.533333,975,3831278,3425505
JNU,Boundary Bay,Juneau,United States,US,011,58.35,-134.583333,67,5554072,6252001
JNX,Naxos Airport,Naxos,Greece,GR,00,37.080556,25.368056,433,256632,390903
JNZ,Jinzhou,Jinzhou,China,CN,00,39.1,121.716667,713,2036427,1814991
JOC,Centerport Heliport,Santa Ana,United States,US,011,1.083333,-77.55,67,5392900,6252001
JOE,Joensuu,Joensuu,Finland,FI,00,62.666667,29.633333,425,655808,660013
JOG,Adisutjipto,Yogyakarta,Indonesia,ID,001,-7.783333,110.433333,832,1621177,1643084
JOH,Port Saint Johns,Port Saint Johns,South Africa,ZA,00,-31.616667,29.533333,562,0,953987
JOI,Lauro Carneiro De Loyola,Joinville,Brazil,BR,0014,-26.217778,-48.800278,316,3459712,3469034
JOK,Joshkar-Ola,Joshkar-Ola,Russian Federation,RU,8-10,56.716667,47.9,770,466806,2017370
JOL,Jolo,Jolo,Philippines,PH,00,6.05,121.016667,766,1725854,1694008
JOM,Njombe,Njombe,Tanzania,TZ,000,-9.35,34.8,585,151479,149590
JON,Johnston Island,Johnston Island,Us Minor Outlying Islands,UM,00,16.730556,-169.535278,5,0,0
JOP,Josephstaal,Josephstaal,Papua New Guinea,PG,05,-4.75,145.016667,804,0,2088628
JOR,The City Heliport,Orange,United States,US,011,33.791667,-117.875,67,5379513,6252001
JOS,Jos,Jos,Nigeria,NG,009,9.639722,8.869167,555,2335953,2328926
JOT,Municipal,Joliet,United States,US,011,41.533333,-88.083333,67,4898015,6252001
JPA,Castro Pinto,Joao Pessoa,Brazil,BR,0014,-7.15,-34.966667,316,3664321,3469034
JPD,Heliport,Pasadena,United States,US,011,34.133333,-118.133333,67,5381396,6252001
JPN,Pentagon Army,Washington,United States,US,011,49,-72.5,67,5549222,6252001
JPR,Ji-Parana,Ji-Parana,Brazil,BR,0014,-8.05,-62.866667,316,0,3469034
JPU,La Defense Heliport,Paris,France,FR,00,48.733333,2.55,427,2988507,3017382
JQE,Jaque,Jaque,Panama,PA,00,7.75,-78.25,162,3708432,3703433
JRA,West 30th St Heliport,New York,United States,US,011,40.754444,-74.0075,67,5128581,6252001
JRB,Downtown Manhattan H/p,New York  NY,United States,US,011,40.701111,-74.009167,67,0,6252001
JRC,Municipal Heliport,Rochester,United States,US,011,49.916667,-0.966667,67,5808524,6252001
JRE,East 60th Street H/P,New York,United States,US,011,40.8,-73.966667,67,5128581,6252001
JRH,Rowriah,Jorhat,India,IN,00,26.716667,94.166667,733,1268820,1269750
JRK,Arsuk,Arsuk,Greenland,GL,00,61.166667,-48.416667,975,0,3425505
JRN,Juruena,Juruena,Brazil,BR,0014,-10.305556,-58.488889,316,0,3469034
JRO,Kilimanjaro,Kilimanjaro,Tanzania,TZ,000,3.75,37.75,585,0,149590
JRS,Jerusalem,Jerusalem,Israel,IL,00,31.864722,35.219167,636,281184,294640
JSA,Jaisalmer,Jaisalmer,India,IN,00,26.866667,70.916667,733,1269507,1269750
JSD,Sikorsky Heliport,Stratford  CT,United States,US,011,41.249167,-73.096667,67,5531815,6252001
JSG,San Rafael H/P,San Rafael,United States,US,011,8.45,-73.916667,67,5392567,6252001
JSH,Sitia,Sitia,Greece,GR,00,35.7,26.195278,433,253759,390903
JSI,Skiathos,Skiathos,Greece,GR,00,39.168611,23.500833,433,253643,390903
JSK,Municipal Heliport,Saint Cloud,United States,US,011,18.766667,-72.066667,67,5044407,6252001
JSL,Steel Pier Hlpt,Atlantic City,United States,US,011,39.360556,-74.420833,67,4500546,6252001
JSM,Jose De San Martin,Jose De San Martin,Argentina,AR,00,-44.033333,-70.466667,303,0,3865483
JSO,Sodertalje Heliport,Sodertalje,Sweden,SE,00,59.2,17.616667,484,2676176,2661886
JSP,Seogwipo Heliport,Jeju,Korea,KR,00,8.416667,39.633333,778,1846266,1835841
JSR,Jessore,Jessore,Bangladesh,BD,00,23.183333,89.166667,703,1336140,1210997
JSS,Spetsai Island,Spetsai Island,Greece,GR,00,37.333333,23.25,433,0,390903
JST,Cambria County,Johnstown,United States,US,011,40.316667,-78.833333,67,5578536,6252001
JSU,Heliport,Maniitsoq,Greenland,GL,00,65.4,-52.866667,975,3421982,3425505
JSY,Syros Island,Syros Island,Greece,GR,00,37.422778,24.950833,433,0,390903
JTI,Jatai,Jatai,Brazil,BR,0014,-13.83,-51.773056,316,3460064,3469034
JTR,Santorini,Santorini,Greece,GR,00,36.4,25.483333,433,0,390903
JTY,Astypalaia,Astypalaia Island,Greece,GR,00,36.58,26.375833,433,0,390903
JUB,Juba,Juba,Sudan,SD,00,4.871944,31.601111,583,0,366755
JUI,Juist,Juist,Germany,DE,00,53.683333,7,429,2894569,2921044
JUJ,El Cadillal,Jujuy,Argentina,AR,00,-24.233333,-65.266667,303,3836564,3865483
JUL,Juliaca,Juliaca,Peru,PE,00,-15.483333,-70.15,368,3937516,3932488
JUM,Jumla,Jumla,Nepal,NP,00,29.283333,82.183333,755,1283285,1282988
JUN,Jundah,Jundah,Australia,AU,0011,-24.8,143.033333,802,0,2077456
JUO,Jurado,Jurado,Colombia,CO,005,6.516667,-76.6,327,3680090,3686121
JUP,Cable Heliport,Upland,United States,US,011,-32.266667,27.183333,67,5404915,6252001
JUR,Jurien Bay,Jurien Bay,Australia,AU,0011,-30.269722,115.05,802,0,0
JUT,Juticalpa,Juticalpa,Honduras,HN,00,14.8,-86.133333,131,3608503,3608932
JUV,Heliport,Upernavik,Greenland,GL,00,72.8,-56.15,975,3418910,3425505
JVA,Ankavandra,Ankavandra,Madagascar,MG,00,-18.8,45.283333,541,0,1062947
JVI,Central Jersey Regional Airport,Manville,United States,US,011,40.524444,-74.598333,67,5100830,6252001
JVL,Rock County,Janesville,United States,US,011,42.616667,-89.033333,67,5257754,6252001
JWA,Jwaneng,Jwaneng,Botswana,BW,00,-25.05,25.283333,510,0,933860
JWN,Zanjan,Zanjan,Iran,IR,00,36.583333,48.25,632,111453,130758
JXN,Reynolds Municipal,Jackson,United States,US,011,42.266667,-84.466667,67,5828648,6252001
JYR,Jiroft,Jiroft,Iran,IR,00,27.75,58,632,0,130758
JYV,Jyvaskyla,Jyvaskyla,Finland,FI,00,62.233333,25.733333,425,655194,660013
JZH,Jiu Zhai Huang Long,Song Pan,China,CN,00,32.836944,103.681944,713,0,1814991
