City Code,Airport Name,City Name,Country,Ctry Code,IDD-Intl Dial,Latitude,Longitude,Area Code,CityGeoID,CtryGeoID
WAA,Wales,Wales,United States,US,011,65.666667,-168.083333,67,5277716,6252001
WAB,Wabag,Wabag,Papua New Guinea,PG,05,-5.483333,143.733333,804,0,0
WAC,Waca,Waca,Ethiopia,ET,00,7.166667,37.166667,522,0,337996
WAD,Andriamena,Andriamena,Madagascar,MG,00,-17.45,47.516667,541,0,1062947
WAE,Wadi Ad Dawasir,Wadi Ad Dawasir,Saudi Arabia,SA,00,20.5,45.166667,670,0,102358
WAF,Wana,Wana,Pakistan,PK,00,32.283333,69.566667,764,1162634,1168579
WAG,Wanganui,Wanganui,New Zealand,NZ,00,-39.966667,175.016667,851,2179670,2186224
WAH,Wahpeton,Wahpeton,United States,US,011,46.266667,-96.6,67,5062355,6252001
WAI,Antsohihy,Antsohihy,Madagascar,MG,00,-14.916667,47.95,541,1068971,1062947
WAJ,Wawoi Falls,Wawoi Falls,Papua New Guinea,PG,05,-6.95,142.65,804,0,2088628
WAK,Ankazoabo,Ankazoabo,Madagascar,MG,00,-22.3,44.533333,541,1072879,1062947
WAL,Wallops Flight Center,Chincoteague,United States,US,011,37.933333,-75.383333,67,4752495,6252001
WAM,Ambatondrazaka,Ambatondrazaka,Madagascar,MG,00,-17.8,48.433333,541,1082639,1062947
WAN,Waverney,Waverney,Australia,AU,0011,-25.366667,141.933333,802,0,2077456
WAO,Wabo,Wabo,Papua New Guinea,PG,05,-7.666667,145,804,0,2088628
WAP,Alto Palena,Alto Palena,Chile,CL,00,-43.633333,-71.816667,324,0,3895114
WAQ,Antsalova,Antsalova,Madagascar,MG,00,-18.7,44.616667,541,0,1062947
WAR,Waris,Waris,Indonesia,ID,001,-3.233333,140.983333,832,0,1643084
WAT,Waterford,Waterford,Ireland,IE,00,52.197222,-7.088889,441,2960992,2963597
WAU,Wauchope,Wauchope,Australia,AU,0011,-31.45,152.733333,802,0,2077456
WAV,Kalkgurung,Wave Hill,Australia,AU,0011,-17.65,130.883333,802,0,2077456
WAW,Frederic Chopin,Warsaw,Poland,PL,0-0,52.166667,20.966667,467,756135,798544
WAX,Zwara,Zwara,United States,US,011,48.9,-95.3,67,0,6252001
WAY,Greene County,Waynesburg,United States,US,011,39.9,-80.144167,67,5175935,6252001
WAZ,Warwick,Warwick,Australia,AU,0011,-28.15,151.95,802,2144502,2077456
WBA,Wahai,Wahai,Australia,AU,0011,-10.3,142.683333,802,0,2077456
WBB,Stebbins,Stebbins,United States,US,011,63.5,-162.266667,67,0,6252001
WBD,Befandriana,Befandriana,Madagascar,MG,00,-15.2,48.483333,541,0,1062947
WBE,Bealanana,Bealanana,Madagascar,MG,00,-14.533333,48.7,541,1068670,1062947
WBG,Schleswig-jagel,Schleswig-jagel,Germany,DE,00,51.25,13.016667,429,0,2921044
WBI,Broker Inn,Boulder,United States,US,011,-30.783333,121.483333,67,5641473,6252001
WBM,Wapenamanda,Wapenamanda,Papua New Guinea,PG,05,-5.566667,143.716667,804,0,2088628
WBN,Cummings Park,Woburn,United States,US,011,42.466667,-71.15,67,4956032,6252001
WBO,Beroroha,Beroroha,Madagascar,MG,00,-21.6,45.133333,541,1066831,1062947
WBQ,Beaver,Beaver,United States,US,011,66.35,-147.4,67,5534882,6252001
WBR,Big Rapids,Big Rapids,United States,US,011,43.716667,-85.5,67,4986020,6252001
WBU,Municipal,Boulder,United States,US,011,40.033333,-105.233333,67,5641473,6252001
WBW,Wilkes-Barre/Wyoming Valley,Wilkes-Barre  PA,United States,US,011,41.297222,-75.851111,67,5219488,6252001
WCA,Gamboa,Castro,Chile,CL,00,-42.5,-73.75,324,3896218,3895114
WCH,Chaiten,Chaiten,Chile,CL,00,-42.933333,-72.716667,324,0,3895114
WCR,Chandalar,Chandalar,United States,US,011,67.5,-148.5,67,0,6252001
WDA,Wadi Ain,Wadi Ain,Yemen,YE,00,14.866667,45.55,694,0,69543
WDB,Deep Bay,Deep Bay,United States,US,011,55.45,-131.783333,67,0,6252001
WDG,Enid Woodring Mun.,Enid,United States,US,011,36.383333,-97.783333,67,4535961,6252001
WDH,Hosea Kutako International,Windhoek,Namibia,NA,00,-22.48,17.470833,575,3352136,3355338
WDI,Wondai,Wondai,Australia,AU,0011,-26.316667,151.866667,802,0,2077456
WDR,Winder,Winder,United States,US,011,33.983333,-83.666667,67,4231523,6252001
WDY,Kodiak Fss,Kodiak,United States,US,011,56.866667,-1.25,67,5866583,6252001
WEA,Parker County,Weatherford,United States,US,011,32.75,-97.783333,67,4740364,6252001
WED,Wedau,Wedau,Papua New Guinea,PG,05,-10.1,150.083333,804,0,2088628
WEF,Weifang,Weifang,China,CN,00,36.71,119.101944,713,1791681,1814991
WEH,Weihai,Weihai,China,CN,00,32.4375,121.270833,713,1791673,1814991
WEI,Weipa,Weipa,Australia,AU,0011,-12.678333,141.925,802,0,2077456
WEL,Welkom,Welkom,South Africa,ZA,00,-28,26.75,562,940909,953987
WEM,West Malling,West Malling,United Kingdom,GB,00,51.3,0.416667,493,2634349,2635167
WEP,Weam,Weam,Papua New Guinea,PG,05,-8.666667,141.136111,804,0,2088628
WES,Weasua,Weasua,Liberia,LR,00,7.283333,-10.483333,537,0,2275384
WET,Wagethe,Wagethe,Indonesia,ID,001,-4.05,136.266667,832,0,1643084
WEW,Wee Waa,Wee Waa,Australia,AU,0011,-30.233333,149.433333,802,0,2077456
WEX,Castlebridge,Wexford,Ireland,IE,00,52.333333,-6.45,441,2960964,2963597
WFB,Waterfront SPB,Ketchikan,United States,US,011,55.366667,-131.65,67,5554428,6252001
WFD,Woodford,Woodford,United Kingdom,GB,00,51.116667,-1.833333,493,0,2635167
WFI,Fianarantsoa,Fianarantsoa,Madagascar,MG,00,-21.45,47.1,541,1064890,1062947
WFK,Frenchville,Frenchville,United States,US,011,47.35,-68.383333,67,0,6252001
WGA,Forrest Hill,Wagga Wagga,Australia,AU,0011,-35.166667,147.466667,802,2145110,2077456
WGB,Bahawalnagar,Bahawalnagar,Pakistan,PK,00,30,73.25,764,1183883,1168579
WGC,Warangal,Warangal,India,IN,00,17.914444,79.602222,733,1252948,1269750
WGE,Walgett,Walgett,Australia,AU,0011,-30.033333,148.133333,802,0,2077456
WGF,Off Line Point,Manama,Bahrain,BH,00,-29.066667,27.733333,605,290340,290291
WGN,Waitangi,Waitangi,New Zealand,NZ,00,-35.166667,173.966667,851,0,2186224
WGO,Municipal,Winchester,United States,US,011,39.183333,-78.166667,67,5515345,6252001
WGP,Waingapu,Waingapu,Indonesia,ID,001,-9.666667,120.3,832,1622318,1643084
WGT,Wangaratta,Wangaratta,Australia,AU,0011,-36.366667,146.333333,802,2144764,2077456
WGU,Wagau,Wagau,Papua New Guinea,PG,05,-6.8,146.8,804,0,2088628
WGY,Wagny,Wagny,Gabon,GA,00,-0.516667,10.433333,526,0,2400553
WGZ,Off Line Point,Manly,Australia,AU,0011,-25.566667,146.833333,802,0,2077456
WHD,SPB,Hyder,United States,US,011,55.916667,-130.016667,67,0,6252001
WHF,Wadi Halfa,Wadi Halfa,Sudan,SD,00,21.367222,34.453056,583,0,366755
WHH,Hiltons Har H,Boulder,United States,US,011,-30.783333,121.483333,67,5641473,6252001
WHK,Whakatane,Whakatane,New Zealand,NZ,00,-37.933333,176.933333,851,2208330,2186224
WHL,Welshpool,Welshpool,Australia,AU,0011,-38.688889,146.45,802,0,2077456
WHO,Franz Josef,Franz Josef,New Zealand,NZ,00,-43.3,170.016667,851,0,2186224
WHP,Whiteman,Los Angeles,United States,US,011,34.259167,-118.413333,67,5368361,6252001
WHS,Whalsay,Whalsay,United Kingdom,GB,00,60.366667,-0.983333,493,0,2635167
WHT,Wharton,Wharton,United States,US,011,29.316667,-96.1,67,5106361,6252001
WHU,Wuhu,Wuhu,China,CN,00,-2.533333,24.966667,713,1791236,1814991
WIC,Wick,Wick,United Kingdom,GB,00,58.45,-3.083333,493,2633982,2635167
WID,Wildenrath,Wildenrath,Germany,DE,00,51.1025,6.216667,429,0,2921044
WIE,Air Base,Wiesbaden,Germany,DE,00,50.040833,8.256111,429,2809346,2921044
WIK,Surfdale,Surfdale,New Zealand,NZ,00,-36.833333,175.083333,851,0,2186224
WIL,Wilson,Nairobi,Kenya,KE,000,1.316667,36.8,535,184745,192950
WIN,Winton,Winton,Australia,AU,0011,-22.35,143.066667,802,0,2077456
WIO,Wilcannia,Wilcannia,Australia,AU,0011,-31.566667,143.383333,802,0,2077456
WIT,Wittenoom,Wittenoom,Australia,AU,0011,-22.266667,118.333333,802,0,2077456
WIU,Witu,Witu,Papua New Guinea,PG,05,-5.566667,149.183333,804,0,2088628
WJA,Woja,Woja,Marshall Islands,MH,011,7.466667,168.566667,844,0,2080185
WJF,William J Fox,Lancaster,United States,US,011,34.7,-118.133333,67,5364940,6252001
WJR,Wajir,Wajir,Kenya,KE,000,1.75,40.066667,535,178443,192950
WJU,WonJu,WonJu,Korea,KR,00,37.351389,127.945278,778,1833105,1835841
WKA,Wanaka,Wanaka,New Zealand,NZ,00,-44.733333,169.25,851,2184707,2186224
WKB,Warracknabeal,Warracknabeal,Australia,AU,0011,-36.333333,142.25,802,0,2077456
WKF,Waterkloof AFB,Waterkloof,South Africa,ZA,00,-25.83,28.2225,562,0,953987
WKI,Hwange,Hwange,Zimbabwe,ZW,00,-18.366667,26.483333,565,889942,878675
WKJ,Hokkaido,Wakkanai,Japan,JP,001,45.4,141.816667,736,2127515,1861060
WKK,Aleknagik,Aleknagik,United States,US,011,59.266667,-158.633333,67,0,6252001
WKL,Waikoloa Airport,Waikoloa,United States,US,011,19.916667,-155.866667,67,0,6252001
WKN,Wakunai,Wakunai,Papua New Guinea,PG,05,-5.866667,155.233333,804,0,2088628
WLA,Wallal,Wallal,Australia,AU,0011,-19.766667,120.65,802,0,2077456
WLB,Labouchere Bay,Labouchere Bay,United States,US,011,56.291667,-133.658333,67,0,6252001
WLC,Walcha,Walcha,Australia,AU,0011,-30.983333,151.6,802,0,2077456
WLD,Arkansas City,Winfield,United States,US,011,37.166667,-97.05,67,4928354,6252001
WLG,Wellington International,Wellington,New Zealand,NZ,00,-41.327222,174.805278,851,2179537,2186224
WLH,Walaha,Walaha,Vanuatu,VU,00,-15.416667,167.7,885,0,2134431
WLK,Selawik,Selawik,United States,US,011,66.6,-159.983333,67,0,6252001
WLL,Wollogorang,Wollogorang,Australia,AU,0011,-17.216667,137.916667,802,0,2077456
WLM,Waltham,Waltham,United States,US,011,42.385278,-71.251389,67,4954380,6252001
WLN,Little Naukati,Little Naukati,United States,US,011,55.866667,-133.216667,67,0,6252001
WLO,Waterloo,Waterloo,Australia,AU,0011,-16.633333,129.316667,802,0,2077456
WLR,Loring,Loring,United States,US,011,55.6,-131.566667,67,0,6252001
WLS,Wallis Island,Wallis Island,Wallis and Futuna Islands,WF,00,-13.3,-176.166667,890,0,0
WLW,Glenn County,Willows,United States,US,011,39.516667,-122.216667,67,5409777,6252001
WMA,Mandritsara,Mandritsara,Madagascar,MG,00,-15.833333,48.833333,541,0,1062947
WMB,Warrnambool,Warrnambool,Australia,AU,0011,-38.283333,142.45,802,2144528,2077456
WMC,Winnemucca,Winnemucca,United States,US,011,40.966667,-117.733333,67,5710360,6252001
WMD,Mandabe,Mandabe,Madagascar,MG,00,-21.033333,44.95,541,0,1062947
WME,Mount Keith,Mount Keith,Australia,AU,0011,-27.286389,120.554722,802,0,2077456
WMH,Mountain Home,Mountain Home,United States,US,011,36.366667,-92.466667,67,5601615,6252001
WMK,SPB,Meyers Chuck,United States,US,011,55.733333,-132.2,67,0,6252001
WML,Malaimbandy,Malaimbandy,Madagascar,MG,00,-20.35,45.55,541,0,1062947
WMN,Maroantsetra,Maroantsetra,Madagascar,MG,00,-15.433333,49.683333,541,1060283,1062947
WMO,White Mountain,White Mountain,United States,US,011,64.683333,-163.4,67,0,6252001
WMP,Mampikony,Mampikony,Madagascar,MG,00,-16.066667,47.633333,541,0,1062947
WMR,Mananara,Mananara,Madagascar,MG,00,-16.166667,49.766667,541,1061412,1062947
WMV,Madirovalo,Madirovalo,Madagascar,MG,00,-16.45,46.566667,541,0,1062947
WMX,Wamena,Wamena,Indonesia,ID,001,-4.083333,138.933333,832,0,1643084
WNA,Napakiak SPB,Napakiak,United States,US,011,60.7,-162.116667,67,0,6252001
WND,Windarra,Windarra,Australia,AU,0011,-28.266667,121.833333,802,0,2077456
WNE,Wora Na Ye,Wora Na Ye,Gabon,GA,00,-1.35,9.333333,526,0,2400553
WNN,Wunnummin Lake,Wunnummin Lake,Canada,CA,011,52.916667,-89.166667,906,0,6251999
WNP,Naga,Naga,Philippines,PH,00,13.683333,123.133333,766,1698840,1694008
WNR,Windorah,Windorah,Australia,AU,0011,-25.416667,142.666667,802,0,2077456
WNS,Nawabshah,Nawabshah,Pakistan,PK,00,26.2,68.366667,764,1169116,1168579
WNU,Wanuma,Wanuma,Papua New Guinea,PG,05,-4.9,145.316667,804,0,2088628
WNZ,Wenzhou,Wenzhou,China,CN,00,28,121.666667,713,1791388,1814991
WOA,Wonenara,Wonenara,Papua New Guinea,PG,05,-6.8,145.883333,804,0,2088628
WOB,Woodbridge RAF,Suttonheath,United Kingdom,GB,00,51.55,-0.716667,493,0,2635167
WOD,Wood River,Wood River,United States,US,011,59.066667,-157.433333,67,5082201,6252001
WOE,Woensdrecht,Woensdrecht,Netherlands,NL,00,51.449167,4.341944,461,2744257,2750405
WOG,Woodgreen,Woodgreen,Australia,AU,0011,-22.5,134.25,802,0,2077456
WOI,Wologissi,Wologissi,Liberia,LR,00,8.266667,-9.75,537,0,2275384
WOK,Wonken,Wonken,Venezuela,VE,00,5.25,-61.733333,388,0,3625428
WOL,Wollongong,Wollongong,Australia,AU,0011,-34.5625,150.788056,802,2171507,2077456
WON,Wondoola,Wondoola,Australia,AU,0011,-18.666667,140.916667,802,0,2077456
WOO,Woodchopper,Woodchopper,United States,US,011,65.3,-143.483333,67,0,6252001
WOR,Moramba,Ankorefo,Madagascar,MG,00,-12.433333,49.1,541,0,1062947
WOT,Wonan,Wonan,Taiwan,TW,002,23.416667,119.5,781,0,1668284
WOW,Willow,Willow,United States,US,011,61.75,-150.05,67,5878102,6252001
WPA,Puerto Aisen,Puerto Aisen,Chile,CL,00,-45.416667,-72.7,324,0,3895114
WPB,Port Berge,Port Berge,Madagascar,MG,00,-15.55,47.666667,541,0,1062947
WPC,Pincher Creek,Pincher Creek,Canada,CA,011,49.483333,-113.95,906,6104841,6251999
WPK,Wrotham Park,Wrotham Park,Australia,AU,0011,-16.633333,144,802,0,2077456
WPL,Powell Lake,Powell Lake,Canada,CA,011,50.183333,-124.4,906,0,6251999
WPM,Wipim,Wipim,Papua New Guinea,PG,05,-8.75,142.85,804,0,2088628
WPO,North Fork Valley,Paonia,United States,US,011,38.866667,-107.6,67,5550409,6252001
WPR,Porvenir,Porvenir,Chile,CL,00,-53.333333,-70.341667,324,0,3895114
WPU,Puerto Williams,Puerto Williams,Chile,CL,00,-54.916667,-67.633333,324,0,3895114
WRA,Warder,Warder,Ethiopia,ET,00,6.966667,45.333333,522,0,337996
WRB,Robins AFB,Macon,United States,US,011,50.033333,4.2,67,4434645,6252001
WRE,Whangarei,Whangarei,New Zealand,NZ,00,-35.766667,174.366667,851,0,2186224
WRG,Wrangell SPB,Wrangell,United States,US,011,56.466667,-132.383333,67,5558586,6252001
WRI,Mc Guire Afb,Wrightstown  New Jersey,United States,US,011,40.015556,-74.593611,67,5279757,6252001
WRL,Worland,Worland  WY,United States,US,011,43.965833,-107.884167,67,5843495,6252001
WRO,Copernicus Airport,Wroclaw,Poland,PL,0-0,51.102778,16.885833,467,3081368,798544
WRW,Warrawagine,Warrawagine,Australia,AU,0011,-20.966667,120.7,802,0,2077456
WRY,Westray,Westray,United Kingdom,GB,00,59.35,-2.95,493,0,2635167
WRZ,Wirawila,Wirawila,Sri Lanka,LK,00,6.254444,81.235278,711,0,1227603
WSA,Wasua,Wasua,Papua New Guinea,PG,05,-8.283333,142.866667,804,0,2088628
WSB,SPB,Steamboat Bay,United States,US,011,55.55,-133.633333,67,0,6252001
WSD,Condron AAF,White Sands,United States,US,011,61.833333,-1.833333,67,5497914,6252001
WSF,Sarichef,Sarichef,United States,US,011,31.1,-1.383333,67,0,6252001
WSG,County,Washington,United States,US,011,40.166667,-80.25,67,5549222,6252001
WSH,Brookhaven,Shirley,United States,US,011,40.783333,-72.916667,67,5138022,6252001
WSJ,San Juan SPB,San Juan,United States,US,011,57.733333,-153.3,67,4726440,6252001
WSM,Wiseman,Wiseman,United States,US,011,67.416667,-150.116667,67,0,6252001
WSN,South Naknek,South Naknek,United States,US,011,58.7,-157,67,0,6252001
WSO,Washabo,Washabo,Suriname,SR,00,5.216667,-57.183333,379,0,3382998
WSP,Waspam,Waspam,Nicaragua,NI,00,14.583333,-84.083333,153,3615730,3617476
WSR,Wasior,Wasior,Indonesia,ID,001,-2.766667,134.5,832,0,1643084
WST,Westerly State,Westerly,United States,US,011,41.333333,-71.766667,67,5225631,6252001
WSU,Wasu,Wasu,Papua New Guinea,PG,05,-6,147.25,804,0,2088628
WSX,Westsound,Westsound,United States,US,011,48.666667,-122.883333,67,0,6252001
WSY,Whitsunday Airstrip,Airlie Beach,Australia,AU,0011,-20.283333,148.783333,802,0,2077456
WSZ,Westport,Westport,New Zealand,NZ,00,-41.738056,171.576667,851,2206900,2186224
WTA,Tambohorano,Tambohorano,Madagascar,MG,00,-17.5,43.833333,541,0,1062947
WTC,World Trade Center,New York,United States,US,011,40.666667,-74.016667,67,5128581,6252001
WTD,West End,West End,Bahamas,BS,011,26.683333,-78.983333,204,3571224,3572887
WTE,Wotje Island,Wotje Island,Marshall Islands,MH,011,9.45,170.033333,844,0,2080185
WTK,Noatak,Noatak,United States,US,011,67.583333,-163,67,0,6252001
WTL,Tuntutuliak,Tuntutuliak,United States,US,011,13.45,-15.8,67,0,6252001
WTN,RAF Station,Waddington,United Kingdom,GB,00,53.166667,-0.533333,493,2634923,2635167
WTO,Wotho Island,Wotho Island,Marshall Islands,MH,011,10.166667,166.033333,844,0,2080185
WTP,Woitape,Woitape,Papua New Guinea,PG,05,-8.55,147.25,804,0,2088628
WTR,White River,White River,United States,US,011,33.816667,-109.983333,67,0,6252001
WTT,Wantoat,Wantoat,Papua New Guinea,PG,05,-6.05,146.4,804,0,2088628
WTZ,Whitianga,Whitianga,New Zealand,NZ,00,-36.833333,175.7,851,2179103,2186224
WUD,Wudinna,Wudinna,Australia,AU,0011,-33.016667,135.619444,802,0,2077456
WUG,Wau,Wau,Papua New Guinea,PG,05,-3.783333,143.883333,804,2083653,2088628
WUH,Tianhe International,Wuhan,China,CN,00,30.783889,114.208056,86,1791247,1814991
WUK,Off Line Point,Hammersmith,United Kingdom,GB,00,52.95,-2.833333,493,0,2635167
WUN,Wiluna,Wiluna,Australia,AU,0011,-26.633333,120.216667,802,0,2077456
WUU,Wau,Wau,Sudan,SD,00,7.733333,27.983333,583,363885,366755
WUV,Wuvulu Is,Wuvulu Is,Papua New Guinea,PG,05,-1.75,142.833333,804,0,2088628
WUX,Wuxi,Wuxi,China,CN,00,31.494444,120.429444,713,1790923,1814991
WUZ,Changzhoudao,Wuzhou,China,CN,00,23.5,111.333333,713,1790840,1814991
WVB,Rooikop,Walvis Bay,Namibia,NA,00,-22.98,14.645278,562,3359638,3355338
WVI,Watsonville,Watsonville,United States,US,011,36.916667,-121.75,67,5407529,6252001
WVK,Manakara,Manakara,Madagascar,MG,00,-22.116667,48.016667,541,1061605,1062947
WVL,Robert Lafleur,Waterville,United States,US,011,44.533333,-69.666667,67,5815184,6252001
WVN,Wilhelmshaven,Wilhelmshaven,Germany,DE,00,53.533333,7.883333,429,2808720,2921044
WWA,Wasilla,Wasilla,United States,US,011,61.583333,-149.433333,67,5877641,6252001
WWD,Cape May County,Wildwood,United States,US,011,39,-74.916667,67,4504856,6252001
WWG,Al Koude,Al Koude,Oman,OM,00,16.233333,32.604167,658,0,286963
WWK,Boram,Wewak,Papua New Guinea,PG,05,-3.6,143.666667,804,2083537,2088628
WWP,Whale Pass,Whale Pass,United States,US,011,56.116667,-133.125,67,0,6252001
WWR,West Woodward,Woodward,United States,US,011,36.433333,-99.516667,67,4882453,6252001
WWS,USAF Heliport,Wildwood,United States,US,011,53.616667,-1.25,67,4504856,6252001
WWT,Newtok,Newtok,United States,US,011,60.933333,-164.633333,67,0,6252001
WWY,West Wyalong,West Wyalong,Australia,AU,0011,-33.933333,147.25,802,0,2077456
WXF,Weathersfield Raf,Braintree,United Kingdom,GB,00,51.883333,-0.566667,493,2654938,2635167
WXN,Wanxian,Wanxian,China,CN,00,30.9,108.466667,713,1791748,1814991
WYA,Whyalla,Whyalla,Australia,AU,0011,-33.05,137.516667,802,2058430,2077456
WYB,SPB,Yes Bay,United States,US,011,55.916667,-131.8,67,0,6252001
WYE,Yengema,Yengema,Sierra Leone,SL,00,8.616667,-11.05,571,2402816,2403846
WYN,Wyndham,Wyndham,Australia,AU,0011,-15.516667,128.15,802,0,2077456
WYS,Yellowstone,West Yellowstone,United States,US,011,44.683333,-111.116667,67,5685767,6252001
WZY,Paradise Island Seaplane Base,Nassau,Bahamas,BS,011,25.087222,-77.323889,204,3571824,3572887
